2026-04-01 20:11:59,263 [INFO] Activator:176 - 


2026-04-01 20:11:59,269 [INFO] Activator:177 - !SESSION log4j initialized
2026-04-01 20:12:07,188 [INFO] LogOutputStream:77 - [STDOUT_REDIRECT] 
2026-04-01 20:12:09,029 [INFO] ApplicationProperties:184 - Using Application install path: C:\ST\STM32CubeIDE_1.19.0\STM32CubeIDE\plugins\com.st.stm32cube.common.mx_6.15.0.202507011659
2026-04-01 20:12:09,051 [INFO] DbMcusXml:78 - Set database path to: C:\ST\STM32CubeIDE_1.19.0\STM32CubeIDE\plugins\com.st.stm32cube.common.mx_6.15.0.202507011659\\db\/mcu/
2026-04-01 20:12:09,051 [INFO] ApiDb:274 - Set plugin database path to: C:\ST\STM32CubeIDE_1.19.0\STM32CubeIDE\plugins\com.st.stm32cube.common.mx_6.15.0.202507011659\\db\/plugins/boardmanager/
2026-04-01 20:12:09,053 [WARN] ApiDb:259 - Overriding images path with different value:  => C:\ST\STM32CubeIDE_1.19.0\STM32CubeIDE\plugins\com.st.stm32cube.common.mx_6.15.0.202507011659\\db\/plugins/mcufinder/images/
2026-04-01 20:12:09,079 [INFO] ApiDb:250 - Set database path to: C:\Users\User\.stmcufinder\plugins\mcufinder//mcu/
2026-04-01 20:12:09,081 [INFO] DbMcusAds:125 - Set database path to: C:\Users\User\.stmcufinder\plugins\mcufinder//mcu/
2026-04-01 20:12:09,083 [INFO] CrossReferenceDbSqlite:203 - Set database path to: C:\Users\User\.stmcufinder\plugins\mcufinder//mcu/cs/
2026-04-01 20:12:09,218 [INFO] RulesReader:64 - Compatibility file has been processed (317 Rules)
2026-04-01 20:12:09,423 [INFO] DbMcusXml:78 - Set database path to: C:\ST\STM32CubeIDE_1.19.0\STM32CubeIDE\plugins\com.st.stm32cube.common.mx_6.15.0.202507011659\\db\/mcu/
2026-04-01 20:12:09,423 [INFO] ApiDb:274 - Set plugin database path to: C:\ST\STM32CubeIDE_1.19.0\STM32CubeIDE\plugins\com.st.stm32cube.common.mx_6.15.0.202507011659\\db\/plugins/boardmanager/
2026-04-01 20:12:09,424 [INFO] ApiDb:261 - Set plugin images path to: C:\ST\STM32CubeIDE_1.19.0\STM32CubeIDE\plugins\com.st.stm32cube.common.mx_6.15.0.202507011659\\db\/plugins/mcufinder/images/
2026-04-01 20:12:09,424 [WARN] DbFile:41 - Overriding database path with different value: C:\Users\User\.stmcufinder\plugins\mcufinder/ => C:\Users\User\.stmcufinder\plugins\mcufinder
2026-04-01 20:12:09,424 [INFO] ApiDb:250 - Set database path to: C:\Users\User\.stmcufinder\plugins\mcufinder//mcu/
2026-04-01 20:12:09,424 [WARN] DbFile:41 - Overriding database path with different value: C:\Users\User\.stmcufinder\plugins\mcufinder/ => C:\Users\User\.stmcufinder\plugins\mcufinder
2026-04-01 20:12:09,424 [INFO] DbMcusAds:125 - Set database path to: C:\Users\User\.stmcufinder\plugins\mcufinder//mcu/
2026-04-01 20:12:09,424 [WARN] DbFile:41 - Overriding database path with different value: C:\Users\User\.stmcufinder\plugins\mcufinder/ => C:\Users\User\.stmcufinder\plugins\mcufinder
2026-04-01 20:12:09,424 [WARN] DbFile:41 - Overriding database path with different value: C:\Users\User\.stmcufinder\plugins\mcufinder/ => C:\Users\User\.stmcufinder\plugins\mcufinder
2026-04-01 20:12:09,424 [INFO] CrossReferenceDbSqlite:203 - Set database path to: C:\Users\User\.stmcufinder\plugins\mcufinder//mcu/cs/
2026-04-01 20:12:09,635 [INFO] MainPanel:274 - HeapMemory: 268435456
2026-04-01 20:12:09,783 [INFO] DbMcusXml:78 - Set database path to: C:\ST\STM32CubeIDE_1.19.0\STM32CubeIDE\plugins\com.st.stm32cube.common.mx_6.15.0.202507011659\\db\/mcu/
2026-04-01 20:12:09,783 [INFO] ApiDb:274 - Set plugin database path to: C:\ST\STM32CubeIDE_1.19.0\STM32CubeIDE\plugins\com.st.stm32cube.common.mx_6.15.0.202507011659\\db\/plugins/boardmanager/
2026-04-01 20:12:09,783 [INFO] ApiDb:261 - Set plugin images path to: C:\ST\STM32CubeIDE_1.19.0\STM32CubeIDE\plugins\com.st.stm32cube.common.mx_6.15.0.202507011659\\db\/plugins/mcufinder/images/
2026-04-01 20:12:09,783 [WARN] DbFile:41 - Overriding database path with different value: C:\Users\User\.stmcufinder\plugins\mcufinder/ => C:\Users\User\.stmcufinder\plugins\mcufinder
2026-04-01 20:12:09,783 [INFO] ApiDb:250 - Set database path to: C:\Users\User\.stmcufinder\plugins\mcufinder//mcu/
2026-04-01 20:12:09,783 [WARN] DbFile:41 - Overriding database path with different value: C:\Users\User\.stmcufinder\plugins\mcufinder/ => C:\Users\User\.stmcufinder\plugins\mcufinder
2026-04-01 20:12:09,784 [INFO] DbMcusAds:125 - Set database path to: C:\Users\User\.stmcufinder\plugins\mcufinder//mcu/
2026-04-01 20:12:09,784 [WARN] DbFile:41 - Overriding database path with different value: C:\Users\User\.stmcufinder\plugins\mcufinder/ => C:\Users\User\.stmcufinder\plugins\mcufinder
2026-04-01 20:12:09,784 [WARN] DbFile:41 - Overriding database path with different value: C:\Users\User\.stmcufinder\plugins\mcufinder/ => C:\Users\User\.stmcufinder\plugins\mcufinder
2026-04-01 20:12:09,784 [INFO] CrossReferenceDbSqlite:203 - Set database path to: C:\Users\User\.stmcufinder\plugins\mcufinder//mcu/cs/
2026-04-01 20:12:09,814 [INFO] ApplicationProperties:184 - Using Application install path: C:\ST\STM32CubeIDE_1.19.0\STM32CubeIDE\plugins\com.st.stm32cube.common.mx_6.15.0.202507011659
2026-04-01 20:12:09,815 [INFO] PluginManage:196 - Search for loadable plugins [exclusion list=, ]
2026-04-01 20:12:09,821 [INFO] PluginManage:310 - Check plugin analytics
2026-04-01 20:12:10,075 [INFO] AnalyticsPlugin:253 - Accepted Software Licenses: STM32CubeMX.6.16.1,STM32CubeMX.6.17.0
2026-04-01 20:12:10,075 [INFO] AnalyticsPlugin:255 - Accepted CMSIS Pack Licenses: 
2026-04-01 20:12:10,076 [INFO] AnalyticsPlugin:257 - Accepted Firmware Licenses: FW.C0.1.1.0
2026-04-01 20:12:10,080 [INFO] PluginManage:359 - Loaded plugin analytics (category:tool,tabindex:-1)
2026-04-01 20:12:10,080 [INFO] PluginManage:310 - Check plugin cadmodel
2026-04-01 20:12:10,087 [INFO] CADModel:105 - Init CAD model plugin
2026-04-01 20:12:10,087 [INFO] PluginManage:359 - Loaded plugin cadmodel (category:power,tabindex:5)
2026-04-01 20:12:10,087 [INFO] PluginManage:310 - Check plugin clock
2026-04-01 20:12:10,106 [INFO] PluginManage:359 - Loaded plugin clock (category:base,tabindex:2)
2026-04-01 20:12:10,106 [INFO] PluginManage:310 - Check plugin ddr
2026-04-01 20:12:10,108 [INFO] PluginManage:359 - Loaded plugin ddr (category:tool,tabindex:6)
2026-04-01 20:12:10,109 [INFO] PluginManage:310 - Check plugin filemanager
2026-04-01 20:12:10,284 [INFO] PluginManage:359 - Loaded plugin filemanager (category:base,tabindex:10)
2026-04-01 20:12:10,284 [INFO] PluginManage:310 - Check plugin ipmanager
2026-04-01 20:12:10,292 [INFO] PluginManage:359 - Loaded plugin ipmanager (category:base,tabindex:5)
2026-04-01 20:12:10,292 [INFO] PluginManage:310 - Check plugin lpbam
2026-04-01 20:12:10,302 [INFO] PluginManage:359 - Loaded plugin lpbam (category:base,tabindex:0)
2026-04-01 20:12:10,302 [INFO] PluginManage:310 - Check plugin memorymap
2026-04-01 20:12:10,318 [INFO] PluginManage:359 - Loaded plugin memorymap (category:base,tabindex:4)
2026-04-01 20:12:10,318 [INFO] PluginManage:310 - Check plugin pinoutandconfiguration
2026-04-01 20:12:10,328 [INFO] PluginManage:359 - Loaded plugin pinoutandconfiguration (category:base,tabindex:1)
2026-04-01 20:12:10,328 [INFO] PluginManage:310 - Check plugin pinoutconfig
2026-04-01 20:12:10,466 [WARN] SupportedApi:132 - Cannot load RTOS API schema: s4s-elt-must-match.1: The content of 'definitions' must match (annotation?, (simpleType | complexType)?, (unique | key | keyref)*)). A problem was found starting at: attribute.
2026-04-01 20:12:10,662 [INFO] PluginManage:359 - Loaded plugin pinoutconfig (category:base,tabindex:0)
2026-04-01 20:12:10,662 [INFO] PluginManage:310 - Check plugin power
2026-04-01 20:12:10,682 [INFO] PluginManage:359 - Loaded plugin power (category:power,tabindex:4)
2026-04-01 20:12:10,682 [INFO] PluginManage:310 - Check plugin projectmanager
2026-04-01 20:12:10,706 [INFO] PluginManage:359 - Loaded plugin projectmanager (category:projectmanager,tabindex:4)
2026-04-01 20:12:10,706 [INFO] PluginManage:310 - Check plugin rif
2026-04-01 20:12:10,724 [INFO] PluginManage:359 - Loaded plugin rif (category:base,tabindex:3)
2026-04-01 20:12:10,726 [INFO] PluginManage:310 - Check plugin thirdparty
2026-04-01 20:12:10,920 [INFO] PluginManage:359 - Loaded plugin thirdparty (category:base,tabindex:-1)
2026-04-01 20:12:10,920 [WARN] IntegrityCheckThread:84 - waiting for thirdparty lock release [integrity check]
2026-04-01 20:12:10,921 [INFO] IntegrityCheckThread:86 - entering critical section [integrity check]
2026-04-01 20:12:10,921 [INFO] PluginManage:310 - Check plugin tools
2026-04-01 20:12:10,921 [INFO] ThirdPartyUpdaterWithRetryManager:70 - Updater plugin not ready yet. [1/15]
2026-04-01 20:12:10,925 [INFO] PluginManage:359 - Loaded plugin tools (category:base,tabindex:7)
2026-04-01 20:12:10,925 [INFO] PluginManage:310 - Check plugin tutovideos
2026-04-01 20:12:11,212 [INFO] PluginManage:359 - Loaded plugin tutovideos (category:base,tabindex:-1)
2026-04-01 20:12:11,213 [INFO] PluginManage:310 - Check plugin updater
2026-04-01 20:12:11,236 [INFO] PluginManage:359 - Loaded plugin updater (category:base,tabindex:12)
2026-04-01 20:12:11,236 [INFO] PluginManage:310 - Check plugin userauth
2026-04-01 20:12:11,241 [INFO] UserAuth:118 - Init User Auth plugin
2026-04-01 20:12:11,241 [INFO] PluginManage:359 - Loaded plugin userauth (category:base,tabindex:14)
2026-04-01 20:12:11,243 [INFO] PluginManage:283 - PluginManage : Loaded plugins [18]
2026-04-01 20:12:11,618 [INFO] PinOutPanel:1589 - setPackage(No Configuration,No Configuration)
2026-04-01 20:12:11,823 [INFO] CADModel:165 - CPN selected for project level
2026-04-01 20:12:11,823 [INFO] CADModel:114 - Register for checkConnection events
2026-04-01 20:12:11,850 [INFO] IPUIPlugin:80 - create IPUIPlugin
2026-04-01 20:12:11,850 [INFO] PluginManager:220 - loadIPPluginJar : add adc
2026-04-01 20:12:11,854 [INFO] IPUIPlugin:80 - create IPUIPlugin
2026-04-01 20:12:11,854 [INFO] PluginManager:220 - loadIPPluginJar : add aes
2026-04-01 20:12:11,859 [INFO] IPUIPlugin:80 - create IPUIPlugin
2026-04-01 20:12:11,859 [INFO] PluginManager:220 - loadIPPluginJar : add can
2026-04-01 20:12:11,862 [INFO] IPUIPlugin:80 - create IPUIPlugin
2026-04-01 20:12:11,862 [INFO] PluginManager:220 - loadIPPluginJar : add comp
2026-04-01 20:12:11,866 [INFO] IPUIPlugin:80 - create IPUIPlugin
2026-04-01 20:12:11,866 [INFO] PluginManager:220 - loadIPPluginJar : add cryp
2026-04-01 20:12:11,871 [INFO] IPUIPlugin:80 - create IPUIPlugin
2026-04-01 20:12:11,871 [INFO] PluginManager:220 - loadIPPluginJar : add ddr_ctrl_phy
2026-04-01 20:12:11,876 [INFO] IPUIPlugin:80 - create IPUIPlugin
2026-04-01 20:12:11,876 [INFO] PluginManager:220 - loadIPPluginJar : add dfsdm
2026-04-01 20:12:11,882 [INFO] IPUIPlugin:80 - create IPUIPlugin
2026-04-01 20:12:11,883 [INFO] PluginManager:220 - loadIPPluginJar : add dma
2026-04-01 20:12:11,886 [INFO] IPUIPlugin:80 - create IPUIPlugin
2026-04-01 20:12:11,887 [INFO] PluginManager:220 - loadIPPluginJar : add dma3
2026-04-01 20:12:11,890 [INFO] IPUIPlugin:80 - create IPUIPlugin
2026-04-01 20:12:11,890 [INFO] PluginManager:220 - loadIPPluginJar : add extmemmanager
2026-04-01 20:12:11,893 [INFO] IPUIPlugin:80 - create IPUIPlugin
2026-04-01 20:12:11,893 [INFO] PluginManager:220 - loadIPPluginJar : add fatfs
2026-04-01 20:12:11,900 [INFO] IPUIPlugin:80 - create IPUIPlugin
2026-04-01 20:12:11,900 [INFO] PluginManager:220 - loadIPPluginJar : add fmc
2026-04-01 20:12:11,909 [INFO] IPUIPlugin:80 - create IPUIPlugin
2026-04-01 20:12:11,909 [INFO] PluginManager:220 - loadIPPluginJar : add freertos
2026-04-01 20:12:11,911 [INFO] IPUIPlugin:80 - create IPUIPlugin
2026-04-01 20:12:11,911 [INFO] PluginManager:220 - loadIPPluginJar : add genericplugin
2026-04-01 20:12:11,916 [INFO] IPUIPlugin:80 - create IPUIPlugin
2026-04-01 20:12:11,916 [INFO] PluginManager:220 - loadIPPluginJar : add gfxmmu
2026-04-01 20:12:11,922 [INFO] IPUIPlugin:80 - create IPUIPlugin
2026-04-01 20:12:11,922 [INFO] PluginManager:220 - loadIPPluginJar : add gic
2026-04-01 20:12:11,929 [INFO] IPUIPlugin:80 - create IPUIPlugin
2026-04-01 20:12:11,929 [INFO] PluginManager:220 - loadIPPluginJar : add gpio
2026-04-01 20:12:11,932 [INFO] IPUIPlugin:80 - create IPUIPlugin
2026-04-01 20:12:11,932 [INFO] PluginManager:220 - loadIPPluginJar : add gtzc
2026-04-01 20:12:11,938 [INFO] IPUIPlugin:80 - create IPUIPlugin
2026-04-01 20:12:11,938 [INFO] PluginManager:220 - loadIPPluginJar : add hash
2026-04-01 20:12:11,943 [INFO] IPUIPlugin:80 - create IPUIPlugin
2026-04-01 20:12:11,943 [INFO] PluginManager:220 - loadIPPluginJar : add i2c
2026-04-01 20:12:11,949 [INFO] IPUIPlugin:80 - create IPUIPlugin
2026-04-01 20:12:11,949 [INFO] PluginManager:220 - loadIPPluginJar : add i2s
2026-04-01 20:12:11,956 [INFO] IPUIPlugin:80 - create IPUIPlugin
2026-04-01 20:12:11,956 [INFO] PluginManager:220 - loadIPPluginJar : add i3c
2026-04-01 20:12:11,962 [INFO] IPUIPlugin:80 - create IPUIPlugin
2026-04-01 20:12:11,963 [INFO] PluginManager:220 - loadIPPluginJar : add ipddr
2026-04-01 20:12:11,971 [INFO] IPUIPlugin:80 - create IPUIPlugin
2026-04-01 20:12:11,972 [INFO] PluginManager:220 - loadIPPluginJar : add linkedlist
2026-04-01 20:12:11,976 [INFO] IPUIPlugin:80 - create IPUIPlugin
2026-04-01 20:12:11,976 [INFO] PluginManager:220 - loadIPPluginJar : add lorawan
2026-04-01 20:12:11,980 [INFO] IPUIPlugin:80 - create IPUIPlugin
2026-04-01 20:12:11,980 [INFO] PluginManager:220 - loadIPPluginJar : add ltdc
2026-04-01 20:12:11,988 [INFO] IPUIPlugin:80 - create IPUIPlugin
2026-04-01 20:12:11,988 [INFO] PluginManager:220 - loadIPPluginJar : add mdma
2026-04-01 20:12:11,995 [INFO] IPUIPlugin:80 - create IPUIPlugin
2026-04-01 20:12:11,995 [INFO] PluginManager:220 - loadIPPluginJar : add nvic
2026-04-01 20:12:12,005 [INFO] IPUIPlugin:80 - create IPUIPlugin
2026-04-01 20:12:12,005 [INFO] PluginManager:220 - loadIPPluginJar : add opamp
2026-04-01 20:12:12,010 [INFO] IPUIPlugin:80 - create IPUIPlugin
2026-04-01 20:12:12,011 [INFO] PluginManager:220 - loadIPPluginJar : add openamp
2026-04-01 20:12:12,027 [INFO] IPUIPlugin:80 - create IPUIPlugin
2026-04-01 20:12:12,027 [INFO] PluginManager:220 - loadIPPluginJar : add pdm2pcm
2026-04-01 20:12:12,035 [INFO] IPUIPlugin:80 - create IPUIPlugin
2026-04-01 20:12:12,039 [INFO] PluginManager:220 - loadIPPluginJar : add plateformsettings
2026-04-01 20:12:12,041 [INFO] IPUIPlugin:80 - create IPUIPlugin
2026-04-01 20:12:12,041 [INFO] PluginManager:220 - loadIPPluginJar : add quadspi
2026-04-01 20:12:12,043 [INFO] IPUIPlugin:80 - create IPUIPlugin
2026-04-01 20:12:12,045 [INFO] PluginManager:220 - loadIPPluginJar : add radio
2026-04-01 20:12:12,050 [INFO] IPUIPlugin:80 - create IPUIPlugin
2026-04-01 20:12:12,050 [INFO] PluginManager:220 - loadIPPluginJar : add resmgrutility
2026-04-01 20:12:12,054 [INFO] IPUIPlugin:80 - create IPUIPlugin
2026-04-01 20:12:12,055 [INFO] PluginManager:220 - loadIPPluginJar : add sai
2026-04-01 20:12:12,058 [INFO] IPUIPlugin:80 - create IPUIPlugin
2026-04-01 20:12:12,058 [INFO] PluginManager:220 - loadIPPluginJar : add spi
2026-04-01 20:12:12,068 [INFO] IPUIPlugin:80 - create IPUIPlugin
2026-04-01 20:12:12,069 [INFO] PluginManager:220 - loadIPPluginJar : add stm32_wpan
2026-04-01 20:12:12,072 [INFO] IPUIPlugin:80 - create IPUIPlugin
2026-04-01 20:12:12,072 [INFO] PluginManager:220 - loadIPPluginJar : add tim
2026-04-01 20:12:12,076 [INFO] IPUIPlugin:80 - create IPUIPlugin
2026-04-01 20:12:12,076 [INFO] PluginManager:220 - loadIPPluginJar : add touchsensing
2026-04-01 20:12:12,079 [INFO] IPUIPlugin:80 - create IPUIPlugin
2026-04-01 20:12:12,080 [INFO] PluginManager:220 - loadIPPluginJar : add tracer_emb
2026-04-01 20:12:12,082 [INFO] IPUIPlugin:80 - create IPUIPlugin
2026-04-01 20:12:12,082 [INFO] PluginManager:220 - loadIPPluginJar : add ts
2026-04-01 20:12:12,085 [INFO] IPUIPlugin:80 - create IPUIPlugin
2026-04-01 20:12:12,086 [INFO] PluginManager:220 - loadIPPluginJar : add tsc
2026-04-01 20:12:12,089 [INFO] IPUIPlugin:80 - create IPUIPlugin
2026-04-01 20:12:12,089 [INFO] PluginManager:220 - loadIPPluginJar : add ucpd
2026-04-01 20:12:12,103 [INFO] IPUIPlugin:80 - create IPUIPlugin
2026-04-01 20:12:12,103 [INFO] PluginManager:220 - loadIPPluginJar : add usart
2026-04-01 20:12:12,113 [INFO] IPUIPlugin:80 - create IPUIPlugin
2026-04-01 20:12:12,113 [INFO] PluginManager:220 - loadIPPluginJar : add usbx
2026-04-01 20:12:12,291 [FATAL] Updater:351 - Updater called before beeing initialized
2026-04-01 20:12:12,323 [INFO] RulesReader:64 - Compatibility file has been processed (317 Rules)
2026-04-01 20:12:12,334 [INFO] RulesReader:64 - Compatibility file has been processed (317 Rules)
2026-04-01 20:12:12,345 [INFO] CADModel:165 - CPN selected for project level
2026-04-01 20:12:12,345 [INFO] CADModel:114 - Register for checkConnection events
2026-04-01 20:12:12,345 [FATAL] Updater:351 - Updater called before beeing initialized
2026-04-01 20:12:12,345 [ERROR] CADModel:125 - Updater not yet initialized, retry later 
2026-04-01 20:12:12,553 [FATAL] Updater:351 - Updater called before beeing initialized
2026-04-01 20:12:12,557 [INFO] CADModel:165 - CPN selected for project level
2026-04-01 20:12:12,557 [INFO] CADModel:114 - Register for checkConnection events
2026-04-01 20:12:12,557 [FATAL] Updater:351 - Updater called before beeing initialized
2026-04-01 20:12:12,557 [ERROR] CADModel:125 - Updater not yet initialized, retry later 
2026-04-01 20:12:12,562 [FATAL] Updater:351 - Updater called before beeing initialized
2026-04-01 20:12:12,796 [FATAL] Updater:351 - Updater called before beeing initialized
2026-04-01 20:12:12,801 [INFO] DbMcusAds:53 - JSON generation date=Thu Mar 05 11:32:52 BRT 2026 (1772721172890)
2026-04-01 20:12:12,801 [FATAL] Updater:351 - Updater called before beeing initialized
2026-04-01 20:12:12,879 [WARN] DetailPanel:346 - Failed to get advertising image, set to default
2026-04-01 20:12:12,993 [FATAL] Updater:351 - Updater called before beeing initialized
2026-04-01 20:12:12,996 [FATAL] Updater:351 - Updater called before beeing initialized
2026-04-01 20:12:12,996 [FATAL] Updater:351 - Updater called before beeing initialized
2026-04-01 20:12:12,996 [WARN] DetailPanel:346 - Failed to get advertising image, set to default
2026-04-01 20:12:12,997 [FATAL] Updater:351 - Updater called before beeing initialized
2026-04-01 20:12:13,058 [ERROR] Updater:1198 - MainUpdater not yet initialized. External WinMGr cannot be set.
2026-04-01 20:12:13,062 [INFO] Updater:1134 - Updater Version found : 6.15.0
2026-04-01 20:12:13,083 [INFO] ApplicationProperties:184 - Using Application install path: C:\ST\STM32CubeIDE_1.19.0\STM32CubeIDE\plugins\com.st.stm32cube.common.mx_6.15.0.202507011659
2026-04-01 20:12:13,527 [INFO] MainUpdater:2872 - connection check result : 10
2026-04-01 20:12:13,527 [INFO] MainUpdater:289 - Updater Check For Update Now.
2026-04-01 20:12:13,527 [INFO] MicroXplorer:498 - Change Database Version : DB.6.0.150
2026-04-01 20:12:13,538 [INFO] McuFinderGlobals:63 - Set McuFinder mode to 2 (CubeIDE integrated)
2026-04-01 20:12:13,540 [INFO] UserAuth:487 - Internet connection configuration mode: 1
2026-04-01 20:12:13,577 [INFO] JxBrowserEngine:152 - Initiate JxBrowser Engine with user profile folder
2026-04-01 20:12:13,747 [INFO] CheckServerUpdateThread:120 - End of CheckServer Thread
2026-04-01 20:12:15,537 [WARN] PackLoader:240 - Cannot read IP mode file for STMicroelectronics.X-CUBE-AZRTOS-H7.3.5.0
2026-04-01 20:12:15,576 [WARN] PackLoader:240 - Cannot read IP mode file for STMicroelectronics.FP-SNS-MOTENVWB1.1.4.0
2026-04-01 20:12:15,624 [WARN] PackLoader:240 - Cannot read IP mode file for STMicroelectronics.FP-ATR-ASTRA1.2.0.2
2026-04-01 20:12:15,690 [WARN] PackLoader:240 - Cannot read IP mode file for STMicroelectronics.X-CUBE-SMBUS.2.1.0
2026-04-01 20:12:15,756 [WARN] PackLoader:240 - Cannot read IP mode file for STMicroelectronics.X-CUBE-AZRTOS-F7.1.1.0
2026-04-01 20:12:15,786 [WARN] PackLoader:240 - Cannot read IP mode file for STMicroelectronics.FP-SNS-MOTENV1.5.1.0
2026-04-01 20:12:15,861 [WARN] PackLoader:240 - Cannot read IP mode file for WES.I-CUBE-Cesium.1.4.0
2026-04-01 20:12:15,916 [WARN] PackLoader:240 - Cannot read IP mode file for STMicroelectronics.X-CUBE-AZRTOS-H7.3.4.0
2026-04-01 20:12:15,951 [WARN] PackLoader:240 - Cannot read IP mode file for STMicroelectronics.X-CUBE-DISPLAY.3.0.0
2026-04-01 20:12:16,015 [WARN] PackLoader:240 - Cannot read IP mode file for STMicroelectronics.FP-SNS-MOTENVWB1.1.5.0
2026-04-01 20:12:16,094 [WARN] PackLoader:240 - Cannot read IP mode file for STMicroelectronics.X-CUBE-NFC10.1.0.0
2026-04-01 20:12:16,142 [WARN] PackLoader:240 - Cannot read IP mode file for STMicroelectronics.X-CUBE-ST60.1.1.0
2026-04-01 20:12:16,165 [WARN] PackLoader:240 - Cannot read IP mode file for emotas.I-CUBE-CANOPEN.1.3.0
2026-04-01 20:12:16,195 [WARN] PackLoader:240 - Cannot read IP mode file for STMicroelectronics.X-CUBE-GNSS1.7.1.0
2026-04-01 20:12:16,218 [WARN] PackLoader:240 - Cannot read IP mode file for STMicroelectronics.FP-SNS-STBOX1.2.1.0
2026-04-01 20:12:16,239 [WARN] PackLoader:240 - Cannot read IP mode file for STMicroelectronics.FP-SNS-SMARTAG2.1.2.0
2026-04-01 20:12:16,269 [WARN] PackLoader:240 - Cannot read IP mode file for STMicroelectronics.FP-SNS-FLIGHT1.5.1.0
2026-04-01 20:12:16,304 [INFO] LogOutputStream:77 - [STDOUT_REDIRECT] 1 : Invalid condition id : UX_CORESTACK_Condition cause : null
2026-04-01 20:12:16,304 [INFO] LogOutputStream:77 - [STDOUT_REDIRECT] 1 : Invalid condition id : UX_CORESTACK_Condition cause : null
2026-04-01 20:12:16,305 [INFO] LogOutputStream:77 - [STDOUT_REDIRECT] 1 : Invalid condition id : UX_CORESTACK_Condition cause : null
2026-04-01 20:12:16,306 [INFO] LogOutputStream:77 - [STDOUT_REDIRECT] 1 : Invalid condition id : UX_CORESTACK_Condition cause : null
2026-04-01 20:12:16,307 [INFO] LogOutputStream:77 - [STDOUT_REDIRECT] 1 : Invalid condition id : UX_CORESTACK_Condition cause : null
2026-04-01 20:12:16,310 [WARN] PackLoader:240 - Cannot read IP mode file for STMicroelectronics.X-CUBE-AZRTOS-WL.2.0.0
2026-04-01 20:12:16,355 [WARN] PackLoader:240 - Cannot read IP mode file for STMicroelectronics.X-CUBE-AZRTOS-H7RS.1.2.0
2026-04-01 20:12:16,364 [WARN] PackLoader:240 - Cannot read IP mode file for STMicroelectronics.X-CUBE-BLE2.3.3.0
2026-04-01 20:12:16,422 [WARN] PackLoader:240 - Cannot read IP mode file for Infineon.AIROC-Wi-Fi-Bluetooth-STM32.1.8.0
2026-04-01 20:12:16,435 [WARN] PackLoader:240 - Cannot read IP mode file for STMicroelectronics.X-CUBE-NFC9.1.0.0
2026-04-01 20:12:16,443 [WARN] PackLoader:240 - Cannot read IP mode file for STMicroelectronics.X-CUBE-BLE1.7.1.0
2026-04-01 20:12:16,449 [WARN] PackLoader:240 - Cannot read IP mode file for wolfSSL.I-CUBE-wolfMQTT.1.19.2
2026-04-01 20:12:16,455 [WARN] PackLoader:240 - Cannot read IP mode file for STMicroelectronics.X-CUBE-FREERTOS.1.4.0
2026-04-01 20:12:16,472 [WARN] PackLoader:240 - Cannot read IP mode file for STMicroelectronics.X-CUBE-EEPRMA1.5.2.0
2026-04-01 20:12:16,480 [WARN] PackLoader:240 - Cannot read IP mode file for wolfSSL.I-CUBE-wolfSSL.5.8.4
2026-04-01 20:12:16,485 [WARN] PackLoader:240 - Cannot read IP mode file for Cesanta.I-CUBE-Mongoose.7.20.0
2026-04-01 20:12:16,530 [WARN] PackLoader:240 - Cannot read IP mode file for STMicroelectronics.X-CUBE-MEMS1.12.0.0
2026-04-01 20:12:16,565 [INFO] WebApp:169 - Instantiating new browser for Auth
2026-04-01 20:12:16,649 [WARN] PackLoader:240 - Cannot read IP mode file for STMicroelectronics.X-CUBE-AZRTOS-G0.1.1.0
2026-04-01 20:12:16,666 [WARN] PackLoader:240 - Cannot read IP mode file for STMicroelectronics.X-CUBE-NFC4.3.0.0
2026-04-01 20:12:16,699 [WARN] PackLoader:240 - Cannot read IP mode file for EmbeddedOffice.I-CUBE-FS-RTOS.1.0.1
2026-04-01 20:12:16,738 [WARN] PackLoader:240 - Cannot read IP mode file for STMicroelectronics.X-CUBE-WB05N.2.0.0
2026-04-01 20:12:16,755 [WARN] PackLoader:240 - Cannot read IP mode file for wolfSSL.I-CUBE-wolfTPM.3.8.0
2026-04-01 20:12:16,781 [WARN] PackLoader:240 - Cannot read IP mode file for STMicroelectronics.X-CUBE-TCPP.4.2.0
2026-04-01 20:12:16,811 [WARN] PackLoader:240 - Cannot read IP mode file for RealThread.X-CUBE-RT-Thread_Nano.4.1.1
2026-04-01 20:12:16,845 [WARN] PackLoader:240 - Cannot read IP mode file for STMicroelectronics.FP-ATR-SIGFOX1.3.2.0
2026-04-01 20:12:16,874 [WARN] PackLoader:240 - Cannot read IP mode file for STMicroelectronics.X-CUBE-FREERTOS.1.5.0
2026-04-01 20:12:16,906 [WARN] PackLoader:240 - Cannot read IP mode file for ITTIA_DB.I-CUBE-ITTIADB.8.9.0
2026-04-01 20:12:16,955 [WARN] PackLoader:240 - Cannot read IP mode file for STMicroelectronics.X-CUBE-NFC6.3.2.0
2026-04-01 20:12:17,026 [WARN] PackLoader:240 - Cannot read IP mode file for STMicroelectronics.X-CUBE-AI.10.2.0
2026-04-01 20:12:17,093 [WARN] PackLoader:240 - Cannot read IP mode file for SEGGER.I-CUBE-embOS.1.3.1
2026-04-01 20:12:17,155 [WARN] PackLoader:240 - Cannot read IP mode file for STMicroelectronics.X-CUBE-ALGOBUILD.1.4.0
2026-04-01 20:12:17,163 [WARN] PackLoader:240 - Cannot read IP mode file for STMicroelectronics.X-CUBE-PM33A1.1.0.0
2026-04-01 20:12:17,198 [WARN] PackLoader:240 - Cannot read IP mode file for STMicroelectronics.X-CUBE-AZRTOS-F4.1.1.0
2026-04-01 20:12:17,210 [WARN] PackLoader:240 - Cannot read IP mode file for STMicroelectronics.X-CUBE-ISPU.2.1.0
2026-04-01 20:12:17,233 [WARN] PackLoader:240 - Cannot read IP mode file for STMicroelectronics.X-CUBE-IPS.3.2.0
2026-04-01 20:12:17,253 [WARN] PackLoader:240 - Cannot read IP mode file for STMicroelectronics.X-CUBE-NFC12.1.0.0
2026-04-01 20:12:17,276 [WARN] PackLoader:240 - Cannot read IP mode file for STMicroelectronics.X-CUBE-AZRTOS-L5.2.0.0
2026-04-01 20:12:17,288 [WARN] PackLoader:240 - Cannot read IP mode file for STMicroelectronics.X-CUBE-TOUCHGFX.4.26.0
2026-04-01 20:12:17,293 [WARN] PackLoader:240 - Cannot read IP mode file for STMicroelectronics.X-CUBE-TOUCHGFX.4.26.1
2026-04-01 20:12:17,302 [WARN] PackLoader:240 - Cannot read IP mode file for STMicroelectronics.FP-SNS-STAIOTCFT.1.0.0
2026-04-01 20:12:17,312 [WARN] PackLoader:240 - Cannot read IP mode file for STMicroelectronics.X-CUBE-DPower.1.3.0
2026-04-01 20:12:17,333 [WARN] ConditionMgr:438 - getConditionDescription Invalid condition id : LAN8742 Phy interface Condition cause : null
2026-04-01 20:12:17,345 [WARN] PackLoader:240 - Cannot read IP mode file for STMicroelectronics.X-CUBE-AZRTOS-L4.2.0.0
2026-04-01 20:12:17,347 [WARN] ConditionMgr:1044 - genDependencies : Invalid condition id : LAN8742 Phy interface Condition cause : null
2026-04-01 20:12:17,348 [WARN] ConditionMgr:1044 - genDependencies : Invalid condition id : LAN8742 Phy interface Condition cause : null
2026-04-01 20:12:17,349 [WARN] ConditionMgr:1044 - genDependencies : Invalid condition id : LAN8742 Phy interface Condition cause : null
2026-04-01 20:12:17,370 [WARN] PackLoader:240 - Cannot read IP mode file for STMicroelectronics.X-CUBE-SFXS2LP1.4.0.0
2026-04-01 20:12:17,384 [WARN] PackLoader:240 - Cannot read IP mode file for STMicroelectronics.X-CUBE-ST67W61.1.2.0
2026-04-01 20:12:17,405 [WARN] PackLoader:240 - Cannot read IP mode file for STMicroelectronics.X-CUBE-BLEMGR.4.1.0
2026-04-01 20:12:17,442 [WARN] ConditionMgr:438 - getConditionDescription Invalid condition id : UX DEVICE CLASS RTOS Condition cause : null
2026-04-01 20:12:17,442 [WARN] ConditionMgr:438 - getConditionDescription Invalid condition id : UX DEVICE CLASS RTOS Condition cause : null
2026-04-01 20:12:17,446 [WARN] PackLoader:240 - Cannot read IP mode file for STMicroelectronics.X-CUBE-AZRTOS-WB.2.0.0
2026-04-01 20:12:17,449 [WARN] ConditionMgr:1044 - genDependencies : Invalid condition id : UX DEVICE CLASS RTOS Condition cause : null
2026-04-01 20:12:17,449 [WARN] ConditionMgr:1044 - genDependencies : Invalid condition id : UX DEVICE CLASS RTOS Condition cause : null
2026-04-01 20:12:17,450 [WARN] ConditionMgr:1044 - genDependencies : Invalid condition id : UX DEVICE CLASS RTOS Condition cause : null
2026-04-01 20:12:17,450 [WARN] ConditionMgr:1044 - genDependencies : Invalid condition id : UX DEVICE CLASS RTOS Condition cause : null
2026-04-01 20:12:17,451 [WARN] ConditionMgr:1044 - genDependencies : Invalid condition id : UX DEVICE CLASS RTOS Condition cause : null
2026-04-01 20:12:17,463 [WARN] ConditionMgr:438 - getConditionDescription Invalid condition id : Cortex-A Device cause : null
2026-04-01 20:12:17,482 [WARN] ConditionMgr:1044 - genDependencies : Invalid condition id : Cortex-A Device cause : null
2026-04-01 20:12:17,482 [WARN] ConditionMgr:1044 - genDependencies : Invalid condition id : Cortex-A Device cause : null
2026-04-01 20:12:17,482 [WARN] ConditionMgr:1044 - genDependencies : Invalid condition id : Cortex-A Device cause : null
2026-04-01 20:12:17,502 [WARN] PackLoader:240 - Cannot read IP mode file for STMicroelectronics.X-CUBE-STSE01.2.0.0
2026-04-01 20:12:17,548 [WARN] PackLoader:240 - Cannot read IP mode file for STMicroelectronics.X-CUBE-SUBG2.5.0.0
2026-04-01 20:12:17,598 [WARN] PackLoader:240 - Cannot read IP mode file for STMicroelectronics.X-CUBE-AZRTOS-G4.2.0.0
2026-04-01 20:12:17,614 [WARN] PackLoader:240 - Cannot read IP mode file for wolfSSL.I-CUBE-wolfSSH.1.4.20
2026-04-01 20:12:17,624 [WARN] PackLoader:240 - Cannot read IP mode file for STMicroelectronics.X-CUBE-NFC7.2.0.0
2026-04-01 20:12:17,636 [WARN] PackLoader:240 - Cannot read IP mode file for STMicroelectronics.X-CUBE-ALS.1.0.2
2026-04-01 20:12:17,653 [WARN] PackLoader:240 - Cannot read IP mode file for STMicroelectronics.X-CUBE-TOF1.3.4.3
2026-04-01 20:12:17,666 [INFO] ThirdParty:978 - Integrity check success = true
2026-04-01 20:12:17,666 [INFO] IntegrityCheckThread:100 - exiting critical section [integrity check]
2026-04-01 20:12:17,666 [INFO] IntegrityCheckThread:103 - End integrity checks thread
2026-04-01 20:12:18,272 [INFO] WebApp:463 - Apply proxy settings
2026-04-01 20:12:18,272 [INFO] WebApp:548 - Chromium requires no authentication
2026-04-01 20:12:18,282 [INFO] WebApp:491 - Direct internet connection detected
2026-04-01 20:12:18,317 [INFO] WebApp:900 - Register for checkConnection events
2026-04-01 20:12:18,319 [INFO] WebApp:463 - Apply proxy settings
2026-04-01 20:12:18,320 [INFO] WebApp:548 - Chromium requires no authentication
2026-04-01 20:12:18,320 [INFO] WebApp:491 - Direct internet connection detected
2026-04-01 20:12:18,513 [INFO] WebApp:225 - Starting web application
2026-04-01 20:12:18,514 [INFO] WebApp:593 - Web application path used C:\ST\STM32CubeIDE_1.19.0\STM32CubeIDE\plugins\com.st.stm32cube.common.mx_6.15.0.202507011659\db\plugins\mcufinder\reactClient1\index.html
2026-04-01 20:12:18,652 [INFO] UserAuth:487 - Internet connection configuration mode: 1
2026-04-01 20:12:18,932 [INFO] WebApp:191 - Connection restablished
2026-04-01 20:13:09,641 [INFO] WebApp:194 - Connection lost
2026-04-01 20:13:10,027 [INFO] WebApp:191 - Connection restablished
2026-04-01 20:14:39,156 [INFO] WebApp:194 - Connection lost
2026-04-01 20:14:39,461 [INFO] WebApp:191 - Connection restablished
2026-04-01 20:14:53,537 [INFO] McuFinderGlobals:63 - Set McuFinder mode to 2 (CubeIDE integrated)
2026-04-01 20:14:53,544 [INFO] MainUpdater:2872 - connection check result : 10
2026-04-01 20:14:54,249 [INFO] ApiDb:581 - Connected to CubeFinder SQLite database (C:\Users\User\.stmcufinder\plugins\mcufinder\mcu\cube-finder-db.db)
2026-04-01 20:14:54,398 [INFO] ApiDb:668 - CubeFinder database Data Model version=2.1
2026-04-01 20:14:54,398 [INFO] ApiDb:669 - CubeFinder database Configuration version=3.0.42
2026-04-01 20:14:54,399 [INFO] ApiDb:670 - CubeFinder database generation date=2026-03-11 (1773229989)
2026-04-01 20:14:54,399 [INFO] ApiDb:671 - CubeFinder database FW Pack versions=[FP-ATR-ASTRA1_V2.0.0, FP-SNS-FLIGHT1_V5.1.0, FP-SNS-MOTENV1_V5.1.0, FP-SNS-MOTENVWB1_V1.5.0, FP-SNS-SMARTAG2_V1.2.0, FP-SNS-STBOX1_V2.1.0, STM32Cube_FW_C0_V1.4.0, STM32Cube_FW_F4_V1.28.3, STM32Cube_FW_F7_V1.17.4, STM32Cube_FW_G0_V1.6.3, STM32Cube_FW_G4_V1.6.2, STM32Cube_FW_H5_V1.6.0, STM32Cube_FW_H7RS_V1.3.0, STM32Cube_FW_H7_V1.13.0, STM32Cube_FW_L0_V1.12.2, STM32Cube_FW_L4_V1.18.2, STM32Cube_FW_L5_V1.6.0, STM32Cube_FW_N6_V1.3.0, STM32Cube_FW_U0_V1.3.0, STM32Cube_FW_U3_V1.3.0, STM32Cube_FW_U5_V1.8.0, STM32Cube_FW_WB0_V1.4.0, STM32Cube_FW_WBA_V1.9.0, STM32Cube_FW_WB_V1.24.0, STM32Cube_FW_WL3_V1.4.0, STM32Cube_FW_WL_V1.5.0, X-CUBE-ALGOBUILD_V1.4.0, X-CUBE-ALS_V1.0.2, X-CUBE-AZRTOS-F4_V1.1.0, X-CUBE-AZRTOS-F7_V1.1.0, X-CUBE-AZRTOS-G0_V1.1.0, X-CUBE-AZRTOS-G4_V2.0.0, X-CUBE-AZRTOS-H7RS_V1.1.0, X-CUBE-AZRTOS-H7_V3.4.0, X-CUBE-AZRTOS-L4_V2.0.0, X-CUBE-AZRTOS-L5_V2.0.0, X-CUBE-AZRTOS-WB_V2.0.0, X-CUBE-AZRTOS-WL_V2.0.0, X-CUBE-BLE1_V7.1.0, X-CUBE-BLE2_V3.3.0, X-CUBE-BLEMGR_V4.1.0, X-CUBE-EEPRMA1_V5.2.0, X-CUBE-FREERTOS_V1.5.0, X-CUBE-GNSS1_V6.0.0, X-CUBE-MEMS1_V12.0.0, X-CUBE-NFC4_V3.0.0, X-CUBE-NFC7_V2.0.0, X-CUBE-SFXS2LP1_V4.0.0, X-CUBE-ST67W61_V1.2.0, X-CUBE-SUBG2_V5.0.0, X-CUBE-TOF1_V3.4.3]
2026-04-01 20:14:58,100 [INFO] ApiDb:240 - Found 880 in-development CPN: [B-G473E-ZEST1S, B-WB1M-WPAN1, B-WBA5M-WPAN, B-WL5M-SUBG1, NUCLEO-C031C6, NUCLEO-C051C8, NUCLEO-C071RB, NUCLEO-C092RC, NUCLEO-H503RB, NUCLEO-H533RE, NUCLEO-H563ZI, NUCLEO-H7S3L8, NUCLEO-N657X0-Q, NUCLEO-U031R8, NUCLEO-U083RC, NUCLEO-U385RG-Q, NUCLEO-U545RE-Q, NUCLEO-U5A5ZJ-Q, NUCLEO-WB05KZ, NUCLEO-WB07CC, NUCLEO-WB09KE, NUCLEO-WBA52CG, NUCLEO-WBA55CG, NUCLEO-WL33CC1, NUCLEO-WL33CC2, STEVAL-PROTEUS1, STEVAL-SMARTAG2, STEVAL-STWINBX1, STM320518-EVAL, STM32C0116-DK, STM32C011D6Y3TR, STM32C011D6Y6TR, STM32C011F4P3, STM32C011F4P6, STM32C011F4U3, STM32C011F4U6TR, STM32C011F6P3, STM32C011F6P6, STM32C011F6U3, STM32C011F6U6TR, STM32C011J4M3, STM32C011J4M6, STM32C011J6M3, STM32C011J6M6, STM32C0316-DK, STM32C031C4T3, STM32C031C4T6, STM32C031C4U3, STM32C031C4U6, STM32C031C6T3, STM32C031C6T6, STM32C031C6U3, STM32C031C6U6, STM32C031F4P3, STM32C031F4P6, STM32C031F6P3, STM32C031F6P6, STM32C031G4U3, STM32C031G4U6, STM32C031G6U3, STM32C031G6U6, STM32C031K4T3, STM32C031K4T6, STM32C031K4U3, STM32C031K4U6, STM32C031K6T3, STM32C031K6T6, STM32C031K6U3, STM32C031K6U6, STM32C051C6T6, STM32C051C6U6, STM32C051C8T6, STM32C051C8U6, STM32C051D8Y6TR, STM32C051F6P6, STM32C051F8P6, STM32C051G6U6, STM32C051G8U6, STM32C051K6T6, STM32C051K6U6, STM32C051K8T6, STM32C071C8T6, STM32C071C8T6N, STM32C071C8U6, STM32C071C8U6N, STM32C071CBT6, STM32C071CBT6N, STM32C071CBU6, STM32C071CBU6N, STM32C071F8P6, STM32C071F8P6N, STM32C071FBP6, STM32C071FBP6N, STM32C071FBY6TR, STM32C071G8U6, STM32C071G8U6N, STM32C071GBU6, STM32C071GBU6N, STM32C071K8T6, STM32C071K8T6N, STM32C071K8U6, STM32C071K8U6N, STM32C071KBT6, STM32C071KBT6N, STM32C071KBU6, STM32C071KBU6N, STM32C071R8T6, STM32C071R8T6N, STM32C071RBI6N, STM32C071RBT6, STM32C071RBT6N, STM32C091CBT6, STM32C091CBU6, STM32C091CCT6, STM32C091CCU6, STM32C091ECY6TR, STM32C091FBP6, STM32C091FCP6, STM32C091GBU6, STM32C091GCU6, STM32C091KBT6, STM32C091KBU6, STM32C091KCT6, STM32C091KCU6, STM32C091RBT6, STM32C091RCI6, STM32C091RCT6, STM32C092CBT6, STM32C092CBU6, STM32C092CCT6, STM32C092CCU6, STM32C092ECY6TR, STM32C092FBP6, STM32C092FCP6, STM32C092GBU6, STM32C092GCU6, STM32C092KBT6, STM32C092KBU6, STM32C092KCT6, STM32C092KCU6, STM32C092RBT6, STM32C092RCI6, STM32C092RCT6, STM32G071K8TXN, STM32G071K8UXN, STM32G081GBU6N, STM32G081KBT6N, STM32G081KBUXN, STM32G0B1CCT6N, STM32G0B1KCT6, STM32G0B1NEY6TR, STM32G0B1RCT6N, STM32G0C1CCT6, STM32G0C1CCT6N, STM32G0C1CCU6N, STM32G0C1CET6N, STM32G0C1CEU6N, STM32G0C1KCT6, STM32G0C1NEY6TR, STM32G0C1RCI6N, STM32G0C1RCT6N, STM32G0C1REI6N, STM32G0C1RET6N, STM32G0C1VCI6, STM32G0C1VEI6, STM32G411C6T3, STM32G411C6T6, STM32G411C6U3, STM32G411C6U6, STM32G411C8T3, STM32G411C8T6, STM32G411C8U3, STM32G411C8U6, STM32G411CBT3, STM32G411CBT6, STM32G411CBU3, STM32G411CBU6, STM32G411K6T3, STM32G411K6T6, STM32G411K6U3, STM32G411K6U6, STM32G411K8T3, STM32G411K8T6, STM32G411K8U3, STM32G411K8U6, STM32G411KBT3, STM32G411KBT6, STM32G411KBU3, STM32G411KBU6, STM32G411M6T3, STM32G411M6T6, STM32G411M8T3, STM32G411M8T6, STM32G411MBT3, STM32G411MBT6, STM32G411R6T3, STM32G411R6T6, STM32G411R8T3, STM32G411R8T6, STM32G411RBT3, STM32G411RBT6, STM32G414CBT3, STM32G414CBT6, STM32G414CBU3, STM32G414CBU6, STM32G414CCT3, STM32G414CCT6, STM32G414CCU3, STM32G414CCU6, STM32G414MBT3, STM32G414MBT6, STM32G414MCT3, STM32G414MCT6, STM32G414RBT3, STM32G414RBT6, STM32G414RCT3, STM32G414RCT6, STM32G414VBT3, STM32G414VBT6, STM32G414VCT3, STM32G414VCT6, STM32G431CBT3Z, STM32G431RBT3Z, STM32G471CCT6, STM32G471CCU6, STM32G471CET3, STM32G471CET6, STM32G471CEU3, STM32G471CEU6, STM32G471MCT6, STM32G471MET3, STM32G471MET6, STM32G471MEY6TR, STM32G471QCT6, STM32G471QET3, STM32G471RCT6, STM32G471RET3, STM32G471RET6, STM32G471VCH6, STM32G471VCI6, STM32G471VCT6, STM32G471VEH3, STM32G471VEH6, STM32G471VEI3, STM32G471VEI6, STM32G471VET3, STM32G471VET6, STM32G473QET3Z, STM32G473RET3Z, STM32G474CCT6, STM32G491RET3Z, STM32H503CBT6, STM32H503CBU6, STM32H503EBY6TR, STM32H503KBU6, STM32H503RBT6, STM32H523CCT6, STM32H523CCU6, STM32H523CET6, STM32H523CEU6, STM32H523HEY6TR, STM32H523RCT6, STM32H523RET6, STM32H523VCI6, STM32H523VCT6, STM32H523VEI6, STM32H523VET6, STM32H523ZCJ6, STM32H523ZCT6, STM32H523ZEJ6, STM32H523ZET6, STM32H533CET6, STM32H533CEU6, STM32H533HEY6TR, STM32H533RET6, STM32H533VEI6, STM32H533VET6, STM32H533ZEJ6, STM32H533ZET6, STM32H562AGI6, STM32H562AII6, STM32H562IGK6, STM32H562IGT6, STM32H562IIK6, STM32H562IIT6, STM32H562RGT6, STM32H562RGV6, STM32H562RIT6, STM32H562RIV6, STM32H562VGT6, STM32H562VIT6, STM32H562ZGT6, STM32H562ZIT6, STM32H563AGI6, STM32H563AII3Q, STM32H563AII6, STM32H563IGK6, STM32H563IGT6, STM32H563IIK3Q, STM32H563IIK6, STM32H563IIT3Q, STM32H563IIT6, STM32H563MIY3QTR, STM32H563RGT6, STM32H563RGV6, STM32H563RIT6, STM32H563RIV6, STM32H563VGT6, STM32H563VIT3Q, STM32H563VIT6, STM32H563ZGT6, STM32H563ZIT3Q, STM32H563ZIT6, STM32H573AII3Q, STM32H573AII6, STM32H573I-DK, STM32H573IIK3Q, STM32H573IIK6, STM32H573IIT3Q, STM32H573IIT6, STM32H573MIY3QTR, STM32H573RIT6, STM32H573RIV6, STM32H573VIT3Q, STM32H573VIT6, STM32H573ZIT3Q, STM32H573ZIT6, STM32H7R3A8I6, STM32H7R3I8K6, STM32H7R3I8T6, STM32H7R3L8H6, STM32H7R3L8H6H, STM32H7R3R8V6, STM32H7R3V8H6, STM32H7R3V8T6, STM32H7R3V8Y6TR, STM32H7R3Z8J6, STM32H7R3Z8T6, STM32H7R7A8I6, STM32H7R7I8K6, STM32H7R7I8T6, STM32H7R7L8H6, STM32H7R7L8H6H, STM32H7R7Z8J6, STM32H7S3A8I6, STM32H7S3I8K6, STM32H7S3I8T6, STM32H7S3L8H6, STM32H7S3L8H6H, STM32H7S3R8V6, STM32H7S3V8H6, STM32H7S3V8T6, STM32H7S3V8Y6TR, STM32H7S3Z8J6, STM32H7S3Z8T6, STM32H7S78-DK, STM32H7S7A8I6, STM32H7S7I8K6, STM32H7S7I8T6, STM32H7S7L8H6, STM32H7S7L8H6H, STM32H7S7Z8J6, STM32L4R5QGI6STR, STM32MP131AAE3, STM32MP131AAF3, STM32MP131AAG3, STM32MP131CAE3, STM32MP131CAF3, STM32MP131CAG3, STM32MP131DAE7, STM32MP131DAF7, STM32MP131DAG7, STM32MP131FAE7, STM32MP131FAF7, STM32MP131FAG7, STM32MP133AAE3, STM32MP133AAF3, STM32MP133AAG3, STM32MP133CAE3, STM32MP133CAF3, STM32MP133CAG3, STM32MP133DAE7, STM32MP133DAF7, STM32MP133DAG7, STM32MP133FAE7, STM32MP133FAF7, STM32MP133FAG7, STM32MP135AAE3, STM32MP135AAF3, STM32MP135AAG3, STM32MP135CAE3, STM32MP135CAF3, STM32MP135CAG3, STM32MP135DAE7, STM32MP135DAF7, STM32MP135DAG7, STM32MP135F-DK, STM32MP135FAE7, STM32MP135FAF7, STM32MP135FAF7T, STM32MP135FAF7U, STM32MP135FAG7, STM32MP211AAL3, STM32MP211AAM3, STM32MP211AAN3, STM32MP211AAO3, STM32MP211CAL3, STM32MP211CAM3, STM32MP211CAN3, STM32MP211CAO3, STM32MP211DAL3, STM32MP211DAM3, STM32MP211DAN3, STM32MP211DAO3, STM32MP211FAL3, STM32MP211FAM3, STM32MP211FAN3, STM32MP211FAO3, STM32MP213AAL3, STM32MP213AAM3, STM32MP213AAN3, STM32MP213AAO3, STM32MP213CAL3, STM32MP213CAM3, STM32MP213CAN3, STM32MP213CAO3, STM32MP213DAL3, STM32MP213DAM3, STM32MP213DAN3, STM32MP213DAO3, STM32MP213FAL3, STM32MP213FAM3, STM32MP213FAN3, STM32MP213FAO3, STM32MP215AAL3, STM32MP215AAM3, STM32MP215AAN3, STM32MP215AAO3, STM32MP215CAL3, STM32MP215CAM3, STM32MP215CAN3, STM32MP215CAO3, STM32MP215DAL3, STM32MP215DAM3, STM32MP215DAN3, STM32MP215DAO3, STM32MP215F-DK, STM32MP215FAL3, STM32MP215FAM3, STM32MP215FAN3, STM32MP215FAO3, STM32MP231AAJ3, STM32MP231AAK3, STM32MP231AAL3, STM32MP231CAJ3, STM32MP231CAK3, STM32MP231CAL3, STM32MP231DAJ3, STM32MP231DAK3, STM32MP231DAL3, STM32MP231FAJ3, STM32MP231FAK3, STM32MP231FAL3, STM32MP233AAJ3, STM32MP233AAK3, STM32MP233AAL3, STM32MP233CAJ3, STM32MP233CAK3, STM32MP233CAL3, STM32MP233DAJ3, STM32MP233DAK3, STM32MP233DAL3, STM32MP233FAJ3, STM32MP233FAK3, STM32MP233FAL3, STM32MP235AAJ3, STM32MP235AAK3, STM32MP235AAL3, STM32MP235CAJ3, STM32MP235CAK3, STM32MP235CAL3, STM32MP235DAJ3, STM32MP235DAK3, STM32MP235DAL3, STM32MP235FAJ3, STM32MP235FAK3, STM32MP235FAL3, STM32MP251AAI3, STM32MP251AAK3, STM32MP251AAL3, STM32MP251CAI3, STM32MP251CAK3, STM32MP251CAL3, STM32MP251DAI3, STM32MP251DAK3, STM32MP251DAL3, STM32MP251FAI3, STM32MP251FAK3, STM32MP251FAL3, STM32MP253AAI3, STM32MP253AAK3, STM32MP253AAL3, STM32MP253CAI3, STM32MP253CAK3, STM32MP253CAL3, STM32MP253DAI3, STM32MP253DAK3, STM32MP253DAL3, STM32MP253FAI3, STM32MP253FAK3, STM32MP253FAL3, STM32MP255AAI3, STM32MP255AAK3, STM32MP255AAL3, STM32MP255CAI3, STM32MP255CAK3, STM32MP255CAL3, STM32MP255DAI3, STM32MP255DAK3, STM32MP255DAL3, STM32MP255FAI3, STM32MP255FAK3, STM32MP255FAL3, STM32MP257AAI3, STM32MP257AAK3, STM32MP257AAL3, STM32MP257CAI3, STM32MP257CAK3, STM32MP257CAL3, STM32MP257DAI3, STM32MP257DAK3, STM32MP257DAL3, STM32MP257F-DK, STM32MP257F-EV1, STM32MP257FAI3, STM32MP257FAK3, STM32MP257FAL3, STM32N645A0H3Q, STM32N645B0H3Q, STM32N645I0H3Q, STM32N645L0H3Q, STM32N645X0H3Q, STM32N645Z0H3Q, STM32N647A0H3Q, STM32N647B0H3Q, STM32N647I0H3Q, STM32N647L0H3Q, STM32N647X0H3Q, STM32N647Z0H3Q, STM32N655A0H3Q, STM32N655B0H3Q, STM32N655I0H3Q, STM32N655L0H3Q, STM32N655X0H3Q, STM32N655Z0H3Q, STM32N6570-DK, STM32N657A0H3Q, STM32N657B0H3Q, STM32N657I0H3Q, STM32N657L0H3Q, STM32N657X0H3Q, STM32N657Z0H3Q, STM32U031C6T6, STM32U031C6U6, STM32U031C8T6, STM32U031C8U6, STM32U031F4P6, STM32U031F6P6, STM32U031F8P6, STM32U031G6Y6TR, STM32U031G8Y6TR, STM32U031K4U6, STM32U031K6U6, STM32U031K8U6, STM32U031R6I6, STM32U031R6T6, STM32U031R8I6, STM32U031R8T6, STM32U073C8T6, STM32U073C8U6, STM32U073CBT6, STM32U073CBU6, STM32U073CCT6, STM32U073CCU6, STM32U073H8Y6TR, STM32U073HBY6TR, STM32U073HCY6TR, STM32U073K8U6, STM32U073KBU6, STM32U073KCU6, STM32U073M8I6, STM32U073M8T6, STM32U073MBI6, STM32U073MBT6, STM32U073MCI6, STM32U073MCT6, STM32U073R8I6, STM32U073R8T6, STM32U073RBI6, STM32U073RBT6, STM32U073RCI6, STM32U073RCT6, STM32U083C-DK, STM32U083CCT6, STM32U083CCU6, STM32U083HCY6TR, STM32U083KCU6, STM32U083MCI6, STM32U083MCT6, STM32U083RCI6, STM32U083RCT6, STM32U375CET6, STM32U375CET6Q, STM32U375CEU6, STM32U375CEU6Q, STM32U375CEY6QTR, STM32U375CGT6, STM32U375CGT6Q, STM32U375CGU6, STM32U375CGU6Q, STM32U375CGY6QTR, STM32U375KEU6, STM32U375KGU6, STM32U375REI6, STM32U375REI6Q, STM32U375RET6, STM32U375RET6Q, STM32U375REY6GTR, STM32U375REY6QTR, STM32U375RGI6, STM32U375RGI6Q, STM32U375RGT6, STM32U375RGT6Q, STM32U375RGY6GTR, STM32U375RGY6QTR, STM32U375VEI6, STM32U375VEI6Q, STM32U375VET6, STM32U375VET6Q, STM32U375VGI6, STM32U375VGI6Q, STM32U375VGT6, STM32U375VGT6Q, STM32U385CGT6, STM32U385CGT6Q, STM32U385CGU6, STM32U385CGU6Q, STM32U385CGY6QTR, STM32U385KGU6, STM32U385RGI6, STM32U385RGI6Q, STM32U385RGT6, STM32U385RGT6Q, STM32U385RGY6GTR, STM32U385RGY6QTR, STM32U385VGI6, STM32U385VGI6Q, STM32U385VGT6, STM32U385VGT6Q, STM32U535CBT6, STM32U535CBT6Q, STM32U535CBU6, STM32U535CBU6Q, STM32U535CCT6, STM32U535CCT6Q, STM32U535CCU6, STM32U535CCU6Q, STM32U535CET6, STM32U535CET6Q, STM32U535CEU6, STM32U535CEU6Q, STM32U535JEY6QTR, STM32U535NCY6QTR, STM32U535NEY6QTR, STM32U535RBI6, STM32U535RBI6Q, STM32U535RBT6, STM32U535RBT6Q, STM32U535RCI6, STM32U535RCI6Q, STM32U535RCT6, STM32U535RCT6Q, STM32U535REI6, STM32U535REI6Q, STM32U535RET6, STM32U535RET6Q, STM32U535VCI6, STM32U535VCI6Q, STM32U535VCT6, STM32U535VCT6Q, STM32U535VEI6, STM32U535VEI6Q, STM32U535VET6, STM32U535VET6Q, STM32U545CET6, STM32U545CET6Q, STM32U545CEU6, STM32U545CEU6Q, STM32U545JEY6QTR, STM32U545NEY6QTR, STM32U545REI6, STM32U545REI6Q, STM32U545RET6, STM32U545RET6Q, STM32U545VEI6, STM32U545VEI6Q, STM32U545VET6, STM32U545VET6Q, STM32U595AIH6, STM32U595AIH6Q, STM32U595AJH6, STM32U595AJH6Q, STM32U595QII6, STM32U595QII6Q, STM32U595QJI6, STM32U595QJI6Q, STM32U595RIT6, STM32U595RIT6Q, STM32U595RJT6, STM32U595RJT6Q, STM32U595VIT6, STM32U595VIT6Q, STM32U595VJT6, STM32U595VJT6Q, STM32U595ZIT6, STM32U595ZIT6Q, STM32U595ZIY6QTR, STM32U595ZJT6, STM32U595ZJT6Q, STM32U595ZJY6QTR, STM32U599BJY6QTR, STM32U599NIH6Q, STM32U599NJH6Q, STM32U599VIT6Q, STM32U599VJT6, STM32U599VJT6Q, STM32U599ZIT6Q, STM32U599ZIY6QTR, STM32U599ZJT6Q, STM32U599ZJY6QTR, STM32U5A5AJH6, STM32U5A5AJH6Q, STM32U5A5QII3Q , STM32U5A5QJI6, STM32U5A5QJI6Q, STM32U5A5RJT6, STM32U5A5RJT6Q, STM32U5A5VJT6, STM32U5A5VJT6Q, STM32U5A5ZJT6, STM32U5A5ZJT6Q, STM32U5A5ZJY6QTR, STM32U5A9BJY6QTR, STM32U5A9J-DK, STM32U5A9NJH6Q, STM32U5A9VJT6Q, STM32U5A9ZJT6Q, STM32U5A9ZJY6QTR, STM32U5F7VIT6, STM32U5F7VIT6Q, STM32U5F7VJT6, STM32U5F7VJT6Q, STM32U5F9BJY6QTR, STM32U5F9NJH6Q, STM32U5F9VIT6Q, STM32U5F9VJT6Q, STM32U5F9ZIJ6QTR, STM32U5F9ZIT6Q, STM32U5F9ZJJ6QTR, STM32U5F9ZJT6Q, STM32U5G7VJT6, STM32U5G7VJT6Q, STM32U5G9BJY6QTR, STM32U5G9J-DK1, STM32U5G9J-DK2, STM32U5G9NJH6Q, STM32U5G9VJT6Q, STM32U5G9ZJJ6QTR, STM32U5G9ZJT6Q, STM32WB05KZV6TR, STM32WB05KZV7TR, STM32WB05TZF6TR, STM32WB05TZF7TR, STM32WB06CCF6TR, STM32WB06CCF7TR, STM32WB06CCV6TR, STM32WB06CCV7TR, STM32WB06KCV6TR, STM32WB06KCV7TR, STM32WB07CCF6TR, STM32WB07CCF7TR, STM32WB07CCV6TR, STM32WB07CCV7TR, STM32WB07KCV6TR, STM32WB07KCV7TR, STM32WB09KEV6TR, STM32WB09KEV7TR, STM32WB09TEF6TR, STM32WB09TEF7TR, STM32WB1MMCH6, STM32WBA50KGU6, STM32WBA50KGU6TR, STM32WBA52CEU6, STM32WBA52CEU6TR, STM32WBA52CEU7, STM32WBA52CEU7TR, STM32WBA52CGU6, STM32WBA52CGU6TR, STM32WBA52CGU6U, STM32WBA52CGU7, STM32WBA52CGU7TR, STM32WBA52KEU6, STM32WBA52KEU6TR, STM32WBA52KGU6, STM32WBA52KGU6TR, STM32WBA54CEU6, STM32WBA54CEU6TR, STM32WBA54CEU7, STM32WBA54CEU7TR, STM32WBA54CGU6, STM32WBA54CGU6TR, STM32WBA54CGU7, STM32WBA54CGU7TR, STM32WBA54KEU6, STM32WBA54KEU6TR, STM32WBA54KEU7, STM32WBA54KEU7TR, STM32WBA54KGU6, STM32WBA54KGU6TR, STM32WBA54KGU7, STM32WBA54KGU7TR, STM32WBA55CEU6, STM32WBA55CEU6TR, STM32WBA55CEU7, STM32WBA55CEU7TR, STM32WBA55CGU6, STM32WBA55CGU6TR, STM32WBA55CGU6U, STM32WBA55CGU7, STM32WBA55CGU7TR, STM32WBA55G-DK1, STM32WBA55HEF6, STM32WBA55HEF7, STM32WBA55HGF6, STM32WBA55HGF7, STM32WBA55UEI6, STM32WBA55UEI6TR, STM32WBA55UEI7, STM32WBA55UEI7TR, STM32WBA55UGI6, STM32WBA55UGI6TR, STM32WBA55UGI7, STM32WBA55UGI7TR, STM32WBA5MMGH6TR, STM32WBA62MGF6, STM32WBA62MIF6, STM32WBA65MGF7, STM32WBA65MIF6, STM32WBA65MIF7, STM32WL30K8V6, STM32WL30KBV6, STM32WL31C8V6, STM32WL31CBV6, STM32WL31K8V6, STM32WL31KBV6, STM32WL33C8V6, STM32WL33C8V6X, STM32WL33CBV6, STM32WL33CBV6X, STM32WL33CCV6, STM32WL33CCV6A, STM32WL33CCV6X, STM32WL33K8V7, STM32WL33K8V7X, STM32WL33KBV7 , STM32WL33KBV7X, STM32WL33KCV7, STM32WL33KCV7X, STM32WL5MOCH6, STM32WL5MOCH6TR]
2026-04-01 20:14:58,108 [INFO] DbMcus:218 - Found 5055 MCUs, 4968 are supported
2026-04-01 20:14:58,109 [INFO] ApiDb:423 - Load user favorites file C:\Users\User/.stm32cubeide/favorites.mcus.txt: 3 item(s)
2026-04-01 20:14:58,110 [INFO] ApiDb:427 - User favorites MCUs=[STM32C011F4U3, STM32F103C6T6A, STM32F103C8T6]
2026-04-01 20:14:58,110 [INFO] DbMcus:224 - Set 3 / 3 favorites MCUs
2026-04-01 20:14:58,839 [INFO] ApiDb:668 - CubeFinder database Data Model version=2.1
2026-04-01 20:14:58,839 [INFO] ApiDb:669 - CubeFinder database Configuration version=3.0.42
2026-04-01 20:14:58,839 [INFO] ApiDb:670 - CubeFinder database generation date=2026-03-11 (1773229989)
2026-04-01 20:14:58,839 [INFO] ApiDb:671 - CubeFinder database FW Pack versions=[FP-ATR-ASTRA1_V2.0.0, FP-SNS-FLIGHT1_V5.1.0, FP-SNS-MOTENV1_V5.1.0, FP-SNS-MOTENVWB1_V1.5.0, FP-SNS-SMARTAG2_V1.2.0, FP-SNS-STBOX1_V2.1.0, STM32Cube_FW_C0_V1.4.0, STM32Cube_FW_F4_V1.28.3, STM32Cube_FW_F7_V1.17.4, STM32Cube_FW_G0_V1.6.3, STM32Cube_FW_G4_V1.6.2, STM32Cube_FW_H5_V1.6.0, STM32Cube_FW_H7RS_V1.3.0, STM32Cube_FW_H7_V1.13.0, STM32Cube_FW_L0_V1.12.2, STM32Cube_FW_L4_V1.18.2, STM32Cube_FW_L5_V1.6.0, STM32Cube_FW_N6_V1.3.0, STM32Cube_FW_U0_V1.3.0, STM32Cube_FW_U3_V1.3.0, STM32Cube_FW_U5_V1.8.0, STM32Cube_FW_WB0_V1.4.0, STM32Cube_FW_WBA_V1.9.0, STM32Cube_FW_WB_V1.24.0, STM32Cube_FW_WL3_V1.4.0, STM32Cube_FW_WL_V1.5.0, X-CUBE-ALGOBUILD_V1.4.0, X-CUBE-ALS_V1.0.2, X-CUBE-AZRTOS-F4_V1.1.0, X-CUBE-AZRTOS-F7_V1.1.0, X-CUBE-AZRTOS-G0_V1.1.0, X-CUBE-AZRTOS-G4_V2.0.0, X-CUBE-AZRTOS-H7RS_V1.1.0, X-CUBE-AZRTOS-H7_V3.4.0, X-CUBE-AZRTOS-L4_V2.0.0, X-CUBE-AZRTOS-L5_V2.0.0, X-CUBE-AZRTOS-WB_V2.0.0, X-CUBE-AZRTOS-WL_V2.0.0, X-CUBE-BLE1_V7.1.0, X-CUBE-BLE2_V3.3.0, X-CUBE-BLEMGR_V4.1.0, X-CUBE-EEPRMA1_V5.2.0, X-CUBE-FREERTOS_V1.5.0, X-CUBE-GNSS1_V6.0.0, X-CUBE-MEMS1_V12.0.0, X-CUBE-NFC4_V3.0.0, X-CUBE-NFC7_V2.0.0, X-CUBE-SFXS2LP1_V4.0.0, X-CUBE-ST67W61_V1.2.0, X-CUBE-SUBG2_V5.0.0, X-CUBE-TOF1_V3.4.3]
2026-04-01 20:14:58,920 [INFO] DbBoardsSqlite:226 - include board P-NUCLEO-WB55-NUCLEO as a kit item of type 'Nucleo-64'
2026-04-01 20:14:58,921 [INFO] DbBoardsSqlite:226 - include board P-NUCLEO-WB55-USBDONGLE as a kit item of type 'Nucleo USB Dongle'
2026-04-01 20:14:58,921 [INFO] DbBoardsSqlite:226 - include board STEVAL-IDP005V1 as a kit item of type 'Evaluation Board'
2026-04-01 20:14:58,921 [INFO] DbBoardsSqlite:226 - include board STEVAL-IDP005V2 as a kit item of type 'Evaluation Board'
2026-04-01 20:14:59,027 [INFO] ApiDb:240 - Found 880 in-development CPN: [B-G473E-ZEST1S, B-WB1M-WPAN1, B-WBA5M-WPAN, B-WL5M-SUBG1, NUCLEO-C031C6, NUCLEO-C051C8, NUCLEO-C071RB, NUCLEO-C092RC, NUCLEO-H503RB, NUCLEO-H533RE, NUCLEO-H563ZI, NUCLEO-H7S3L8, NUCLEO-N657X0-Q, NUCLEO-U031R8, NUCLEO-U083RC, NUCLEO-U385RG-Q, NUCLEO-U545RE-Q, NUCLEO-U5A5ZJ-Q, NUCLEO-WB05KZ, NUCLEO-WB07CC, NUCLEO-WB09KE, NUCLEO-WBA52CG, NUCLEO-WBA55CG, NUCLEO-WL33CC1, NUCLEO-WL33CC2, STEVAL-PROTEUS1, STEVAL-SMARTAG2, STEVAL-STWINBX1, STM320518-EVAL, STM32C0116-DK, STM32C011D6Y3TR, STM32C011D6Y6TR, STM32C011F4P3, STM32C011F4P6, STM32C011F4U3, STM32C011F4U6TR, STM32C011F6P3, STM32C011F6P6, STM32C011F6U3, STM32C011F6U6TR, STM32C011J4M3, STM32C011J4M6, STM32C011J6M3, STM32C011J6M6, STM32C0316-DK, STM32C031C4T3, STM32C031C4T6, STM32C031C4U3, STM32C031C4U6, STM32C031C6T3, STM32C031C6T6, STM32C031C6U3, STM32C031C6U6, STM32C031F4P3, STM32C031F4P6, STM32C031F6P3, STM32C031F6P6, STM32C031G4U3, STM32C031G4U6, STM32C031G6U3, STM32C031G6U6, STM32C031K4T3, STM32C031K4T6, STM32C031K4U3, STM32C031K4U6, STM32C031K6T3, STM32C031K6T6, STM32C031K6U3, STM32C031K6U6, STM32C051C6T6, STM32C051C6U6, STM32C051C8T6, STM32C051C8U6, STM32C051D8Y6TR, STM32C051F6P6, STM32C051F8P6, STM32C051G6U6, STM32C051G8U6, STM32C051K6T6, STM32C051K6U6, STM32C051K8T6, STM32C071C8T6, STM32C071C8T6N, STM32C071C8U6, STM32C071C8U6N, STM32C071CBT6, STM32C071CBT6N, STM32C071CBU6, STM32C071CBU6N, STM32C071F8P6, STM32C071F8P6N, STM32C071FBP6, STM32C071FBP6N, STM32C071FBY6TR, STM32C071G8U6, STM32C071G8U6N, STM32C071GBU6, STM32C071GBU6N, STM32C071K8T6, STM32C071K8T6N, STM32C071K8U6, STM32C071K8U6N, STM32C071KBT6, STM32C071KBT6N, STM32C071KBU6, STM32C071KBU6N, STM32C071R8T6, STM32C071R8T6N, STM32C071RBI6N, STM32C071RBT6, STM32C071RBT6N, STM32C091CBT6, STM32C091CBU6, STM32C091CCT6, STM32C091CCU6, STM32C091ECY6TR, STM32C091FBP6, STM32C091FCP6, STM32C091GBU6, STM32C091GCU6, STM32C091KBT6, STM32C091KBU6, STM32C091KCT6, STM32C091KCU6, STM32C091RBT6, STM32C091RCI6, STM32C091RCT6, STM32C092CBT6, STM32C092CBU6, STM32C092CCT6, STM32C092CCU6, STM32C092ECY6TR, STM32C092FBP6, STM32C092FCP6, STM32C092GBU6, STM32C092GCU6, STM32C092KBT6, STM32C092KBU6, STM32C092KCT6, STM32C092KCU6, STM32C092RBT6, STM32C092RCI6, STM32C092RCT6, STM32G071K8TXN, STM32G071K8UXN, STM32G081GBU6N, STM32G081KBT6N, STM32G081KBUXN, STM32G0B1CCT6N, STM32G0B1KCT6, STM32G0B1NEY6TR, STM32G0B1RCT6N, STM32G0C1CCT6, STM32G0C1CCT6N, STM32G0C1CCU6N, STM32G0C1CET6N, STM32G0C1CEU6N, STM32G0C1KCT6, STM32G0C1NEY6TR, STM32G0C1RCI6N, STM32G0C1RCT6N, STM32G0C1REI6N, STM32G0C1RET6N, STM32G0C1VCI6, STM32G0C1VEI6, STM32G411C6T3, STM32G411C6T6, STM32G411C6U3, STM32G411C6U6, STM32G411C8T3, STM32G411C8T6, STM32G411C8U3, STM32G411C8U6, STM32G411CBT3, STM32G411CBT6, STM32G411CBU3, STM32G411CBU6, STM32G411K6T3, STM32G411K6T6, STM32G411K6U3, STM32G411K6U6, STM32G411K8T3, STM32G411K8T6, STM32G411K8U3, STM32G411K8U6, STM32G411KBT3, STM32G411KBT6, STM32G411KBU3, STM32G411KBU6, STM32G411M6T3, STM32G411M6T6, STM32G411M8T3, STM32G411M8T6, STM32G411MBT3, STM32G411MBT6, STM32G411R6T3, STM32G411R6T6, STM32G411R8T3, STM32G411R8T6, STM32G411RBT3, STM32G411RBT6, STM32G414CBT3, STM32G414CBT6, STM32G414CBU3, STM32G414CBU6, STM32G414CCT3, STM32G414CCT6, STM32G414CCU3, STM32G414CCU6, STM32G414MBT3, STM32G414MBT6, STM32G414MCT3, STM32G414MCT6, STM32G414RBT3, STM32G414RBT6, STM32G414RCT3, STM32G414RCT6, STM32G414VBT3, STM32G414VBT6, STM32G414VCT3, STM32G414VCT6, STM32G431CBT3Z, STM32G431RBT3Z, STM32G471CCT6, STM32G471CCU6, STM32G471CET3, STM32G471CET6, STM32G471CEU3, STM32G471CEU6, STM32G471MCT6, STM32G471MET3, STM32G471MET6, STM32G471MEY6TR, STM32G471QCT6, STM32G471QET3, STM32G471RCT6, STM32G471RET3, STM32G471RET6, STM32G471VCH6, STM32G471VCI6, STM32G471VCT6, STM32G471VEH3, STM32G471VEH6, STM32G471VEI3, STM32G471VEI6, STM32G471VET3, STM32G471VET6, STM32G473QET3Z, STM32G473RET3Z, STM32G474CCT6, STM32G491RET3Z, STM32H503CBT6, STM32H503CBU6, STM32H503EBY6TR, STM32H503KBU6, STM32H503RBT6, STM32H523CCT6, STM32H523CCU6, STM32H523CET6, STM32H523CEU6, STM32H523HEY6TR, STM32H523RCT6, STM32H523RET6, STM32H523VCI6, STM32H523VCT6, STM32H523VEI6, STM32H523VET6, STM32H523ZCJ6, STM32H523ZCT6, STM32H523ZEJ6, STM32H523ZET6, STM32H533CET6, STM32H533CEU6, STM32H533HEY6TR, STM32H533RET6, STM32H533VEI6, STM32H533VET6, STM32H533ZEJ6, STM32H533ZET6, STM32H562AGI6, STM32H562AII6, STM32H562IGK6, STM32H562IGT6, STM32H562IIK6, STM32H562IIT6, STM32H562RGT6, STM32H562RGV6, STM32H562RIT6, STM32H562RIV6, STM32H562VGT6, STM32H562VIT6, STM32H562ZGT6, STM32H562ZIT6, STM32H563AGI6, STM32H563AII3Q, STM32H563AII6, STM32H563IGK6, STM32H563IGT6, STM32H563IIK3Q, STM32H563IIK6, STM32H563IIT3Q, STM32H563IIT6, STM32H563MIY3QTR, STM32H563RGT6, STM32H563RGV6, STM32H563RIT6, STM32H563RIV6, STM32H563VGT6, STM32H563VIT3Q, STM32H563VIT6, STM32H563ZGT6, STM32H563ZIT3Q, STM32H563ZIT6, STM32H573AII3Q, STM32H573AII6, STM32H573I-DK, STM32H573IIK3Q, STM32H573IIK6, STM32H573IIT3Q, STM32H573IIT6, STM32H573MIY3QTR, STM32H573RIT6, STM32H573RIV6, STM32H573VIT3Q, STM32H573VIT6, STM32H573ZIT3Q, STM32H573ZIT6, STM32H7R3A8I6, STM32H7R3I8K6, STM32H7R3I8T6, STM32H7R3L8H6, STM32H7R3L8H6H, STM32H7R3R8V6, STM32H7R3V8H6, STM32H7R3V8T6, STM32H7R3V8Y6TR, STM32H7R3Z8J6, STM32H7R3Z8T6, STM32H7R7A8I6, STM32H7R7I8K6, STM32H7R7I8T6, STM32H7R7L8H6, STM32H7R7L8H6H, STM32H7R7Z8J6, STM32H7S3A8I6, STM32H7S3I8K6, STM32H7S3I8T6, STM32H7S3L8H6, STM32H7S3L8H6H, STM32H7S3R8V6, STM32H7S3V8H6, STM32H7S3V8T6, STM32H7S3V8Y6TR, STM32H7S3Z8J6, STM32H7S3Z8T6, STM32H7S78-DK, STM32H7S7A8I6, STM32H7S7I8K6, STM32H7S7I8T6, STM32H7S7L8H6, STM32H7S7L8H6H, STM32H7S7Z8J6, STM32L4R5QGI6STR, STM32MP131AAE3, STM32MP131AAF3, STM32MP131AAG3, STM32MP131CAE3, STM32MP131CAF3, STM32MP131CAG3, STM32MP131DAE7, STM32MP131DAF7, STM32MP131DAG7, STM32MP131FAE7, STM32MP131FAF7, STM32MP131FAG7, STM32MP133AAE3, STM32MP133AAF3, STM32MP133AAG3, STM32MP133CAE3, STM32MP133CAF3, STM32MP133CAG3, STM32MP133DAE7, STM32MP133DAF7, STM32MP133DAG7, STM32MP133FAE7, STM32MP133FAF7, STM32MP133FAG7, STM32MP135AAE3, STM32MP135AAF3, STM32MP135AAG3, STM32MP135CAE3, STM32MP135CAF3, STM32MP135CAG3, STM32MP135DAE7, STM32MP135DAF7, STM32MP135DAG7, STM32MP135F-DK, STM32MP135FAE7, STM32MP135FAF7, STM32MP135FAF7T, STM32MP135FAF7U, STM32MP135FAG7, STM32MP211AAL3, STM32MP211AAM3, STM32MP211AAN3, STM32MP211AAO3, STM32MP211CAL3, STM32MP211CAM3, STM32MP211CAN3, STM32MP211CAO3, STM32MP211DAL3, STM32MP211DAM3, STM32MP211DAN3, STM32MP211DAO3, STM32MP211FAL3, STM32MP211FAM3, STM32MP211FAN3, STM32MP211FAO3, STM32MP213AAL3, STM32MP213AAM3, STM32MP213AAN3, STM32MP213AAO3, STM32MP213CAL3, STM32MP213CAM3, STM32MP213CAN3, STM32MP213CAO3, STM32MP213DAL3, STM32MP213DAM3, STM32MP213DAN3, STM32MP213DAO3, STM32MP213FAL3, STM32MP213FAM3, STM32MP213FAN3, STM32MP213FAO3, STM32MP215AAL3, STM32MP215AAM3, STM32MP215AAN3, STM32MP215AAO3, STM32MP215CAL3, STM32MP215CAM3, STM32MP215CAN3, STM32MP215CAO3, STM32MP215DAL3, STM32MP215DAM3, STM32MP215DAN3, STM32MP215DAO3, STM32MP215F-DK, STM32MP215FAL3, STM32MP215FAM3, STM32MP215FAN3, STM32MP215FAO3, STM32MP231AAJ3, STM32MP231AAK3, STM32MP231AAL3, STM32MP231CAJ3, STM32MP231CAK3, STM32MP231CAL3, STM32MP231DAJ3, STM32MP231DAK3, STM32MP231DAL3, STM32MP231FAJ3, STM32MP231FAK3, STM32MP231FAL3, STM32MP233AAJ3, STM32MP233AAK3, STM32MP233AAL3, STM32MP233CAJ3, STM32MP233CAK3, STM32MP233CAL3, STM32MP233DAJ3, STM32MP233DAK3, STM32MP233DAL3, STM32MP233FAJ3, STM32MP233FAK3, STM32MP233FAL3, STM32MP235AAJ3, STM32MP235AAK3, STM32MP235AAL3, STM32MP235CAJ3, STM32MP235CAK3, STM32MP235CAL3, STM32MP235DAJ3, STM32MP235DAK3, STM32MP235DAL3, STM32MP235FAJ3, STM32MP235FAK3, STM32MP235FAL3, STM32MP251AAI3, STM32MP251AAK3, STM32MP251AAL3, STM32MP251CAI3, STM32MP251CAK3, STM32MP251CAL3, STM32MP251DAI3, STM32MP251DAK3, STM32MP251DAL3, STM32MP251FAI3, STM32MP251FAK3, STM32MP251FAL3, STM32MP253AAI3, STM32MP253AAK3, STM32MP253AAL3, STM32MP253CAI3, STM32MP253CAK3, STM32MP253CAL3, STM32MP253DAI3, STM32MP253DAK3, STM32MP253DAL3, STM32MP253FAI3, STM32MP253FAK3, STM32MP253FAL3, STM32MP255AAI3, STM32MP255AAK3, STM32MP255AAL3, STM32MP255CAI3, STM32MP255CAK3, STM32MP255CAL3, STM32MP255DAI3, STM32MP255DAK3, STM32MP255DAL3, STM32MP255FAI3, STM32MP255FAK3, STM32MP255FAL3, STM32MP257AAI3, STM32MP257AAK3, STM32MP257AAL3, STM32MP257CAI3, STM32MP257CAK3, STM32MP257CAL3, STM32MP257DAI3, STM32MP257DAK3, STM32MP257DAL3, STM32MP257F-DK, STM32MP257F-EV1, STM32MP257FAI3, STM32MP257FAK3, STM32MP257FAL3, STM32N645A0H3Q, STM32N645B0H3Q, STM32N645I0H3Q, STM32N645L0H3Q, STM32N645X0H3Q, STM32N645Z0H3Q, STM32N647A0H3Q, STM32N647B0H3Q, STM32N647I0H3Q, STM32N647L0H3Q, STM32N647X0H3Q, STM32N647Z0H3Q, STM32N655A0H3Q, STM32N655B0H3Q, STM32N655I0H3Q, STM32N655L0H3Q, STM32N655X0H3Q, STM32N655Z0H3Q, STM32N6570-DK, STM32N657A0H3Q, STM32N657B0H3Q, STM32N657I0H3Q, STM32N657L0H3Q, STM32N657X0H3Q, STM32N657Z0H3Q, STM32U031C6T6, STM32U031C6U6, STM32U031C8T6, STM32U031C8U6, STM32U031F4P6, STM32U031F6P6, STM32U031F8P6, STM32U031G6Y6TR, STM32U031G8Y6TR, STM32U031K4U6, STM32U031K6U6, STM32U031K8U6, STM32U031R6I6, STM32U031R6T6, STM32U031R8I6, STM32U031R8T6, STM32U073C8T6, STM32U073C8U6, STM32U073CBT6, STM32U073CBU6, STM32U073CCT6, STM32U073CCU6, STM32U073H8Y6TR, STM32U073HBY6TR, STM32U073HCY6TR, STM32U073K8U6, STM32U073KBU6, STM32U073KCU6, STM32U073M8I6, STM32U073M8T6, STM32U073MBI6, STM32U073MBT6, STM32U073MCI6, STM32U073MCT6, STM32U073R8I6, STM32U073R8T6, STM32U073RBI6, STM32U073RBT6, STM32U073RCI6, STM32U073RCT6, STM32U083C-DK, STM32U083CCT6, STM32U083CCU6, STM32U083HCY6TR, STM32U083KCU6, STM32U083MCI6, STM32U083MCT6, STM32U083RCI6, STM32U083RCT6, STM32U375CET6, STM32U375CET6Q, STM32U375CEU6, STM32U375CEU6Q, STM32U375CEY6QTR, STM32U375CGT6, STM32U375CGT6Q, STM32U375CGU6, STM32U375CGU6Q, STM32U375CGY6QTR, STM32U375KEU6, STM32U375KGU6, STM32U375REI6, STM32U375REI6Q, STM32U375RET6, STM32U375RET6Q, STM32U375REY6GTR, STM32U375REY6QTR, STM32U375RGI6, STM32U375RGI6Q, STM32U375RGT6, STM32U375RGT6Q, STM32U375RGY6GTR, STM32U375RGY6QTR, STM32U375VEI6, STM32U375VEI6Q, STM32U375VET6, STM32U375VET6Q, STM32U375VGI6, STM32U375VGI6Q, STM32U375VGT6, STM32U375VGT6Q, STM32U385CGT6, STM32U385CGT6Q, STM32U385CGU6, STM32U385CGU6Q, STM32U385CGY6QTR, STM32U385KGU6, STM32U385RGI6, STM32U385RGI6Q, STM32U385RGT6, STM32U385RGT6Q, STM32U385RGY6GTR, STM32U385RGY6QTR, STM32U385VGI6, STM32U385VGI6Q, STM32U385VGT6, STM32U385VGT6Q, STM32U535CBT6, STM32U535CBT6Q, STM32U535CBU6, STM32U535CBU6Q, STM32U535CCT6, STM32U535CCT6Q, STM32U535CCU6, STM32U535CCU6Q, STM32U535CET6, STM32U535CET6Q, STM32U535CEU6, STM32U535CEU6Q, STM32U535JEY6QTR, STM32U535NCY6QTR, STM32U535NEY6QTR, STM32U535RBI6, STM32U535RBI6Q, STM32U535RBT6, STM32U535RBT6Q, STM32U535RCI6, STM32U535RCI6Q, STM32U535RCT6, STM32U535RCT6Q, STM32U535REI6, STM32U535REI6Q, STM32U535RET6, STM32U535RET6Q, STM32U535VCI6, STM32U535VCI6Q, STM32U535VCT6, STM32U535VCT6Q, STM32U535VEI6, STM32U535VEI6Q, STM32U535VET6, STM32U535VET6Q, STM32U545CET6, STM32U545CET6Q, STM32U545CEU6, STM32U545CEU6Q, STM32U545JEY6QTR, STM32U545NEY6QTR, STM32U545REI6, STM32U545REI6Q, STM32U545RET6, STM32U545RET6Q, STM32U545VEI6, STM32U545VEI6Q, STM32U545VET6, STM32U545VET6Q, STM32U595AIH6, STM32U595AIH6Q, STM32U595AJH6, STM32U595AJH6Q, STM32U595QII6, STM32U595QII6Q, STM32U595QJI6, STM32U595QJI6Q, STM32U595RIT6, STM32U595RIT6Q, STM32U595RJT6, STM32U595RJT6Q, STM32U595VIT6, STM32U595VIT6Q, STM32U595VJT6, STM32U595VJT6Q, STM32U595ZIT6, STM32U595ZIT6Q, STM32U595ZIY6QTR, STM32U595ZJT6, STM32U595ZJT6Q, STM32U595ZJY6QTR, STM32U599BJY6QTR, STM32U599NIH6Q, STM32U599NJH6Q, STM32U599VIT6Q, STM32U599VJT6, STM32U599VJT6Q, STM32U599ZIT6Q, STM32U599ZIY6QTR, STM32U599ZJT6Q, STM32U599ZJY6QTR, STM32U5A5AJH6, STM32U5A5AJH6Q, STM32U5A5QII3Q , STM32U5A5QJI6, STM32U5A5QJI6Q, STM32U5A5RJT6, STM32U5A5RJT6Q, STM32U5A5VJT6, STM32U5A5VJT6Q, STM32U5A5ZJT6, STM32U5A5ZJT6Q, STM32U5A5ZJY6QTR, STM32U5A9BJY6QTR, STM32U5A9J-DK, STM32U5A9NJH6Q, STM32U5A9VJT6Q, STM32U5A9ZJT6Q, STM32U5A9ZJY6QTR, STM32U5F7VIT6, STM32U5F7VIT6Q, STM32U5F7VJT6, STM32U5F7VJT6Q, STM32U5F9BJY6QTR, STM32U5F9NJH6Q, STM32U5F9VIT6Q, STM32U5F9VJT6Q, STM32U5F9ZIJ6QTR, STM32U5F9ZIT6Q, STM32U5F9ZJJ6QTR, STM32U5F9ZJT6Q, STM32U5G7VJT6, STM32U5G7VJT6Q, STM32U5G9BJY6QTR, STM32U5G9J-DK1, STM32U5G9J-DK2, STM32U5G9NJH6Q, STM32U5G9VJT6Q, STM32U5G9ZJJ6QTR, STM32U5G9ZJT6Q, STM32WB05KZV6TR, STM32WB05KZV7TR, STM32WB05TZF6TR, STM32WB05TZF7TR, STM32WB06CCF6TR, STM32WB06CCF7TR, STM32WB06CCV6TR, STM32WB06CCV7TR, STM32WB06KCV6TR, STM32WB06KCV7TR, STM32WB07CCF6TR, STM32WB07CCF7TR, STM32WB07CCV6TR, STM32WB07CCV7TR, STM32WB07KCV6TR, STM32WB07KCV7TR, STM32WB09KEV6TR, STM32WB09KEV7TR, STM32WB09TEF6TR, STM32WB09TEF7TR, STM32WB1MMCH6, STM32WBA50KGU6, STM32WBA50KGU6TR, STM32WBA52CEU6, STM32WBA52CEU6TR, STM32WBA52CEU7, STM32WBA52CEU7TR, STM32WBA52CGU6, STM32WBA52CGU6TR, STM32WBA52CGU6U, STM32WBA52CGU7, STM32WBA52CGU7TR, STM32WBA52KEU6, STM32WBA52KEU6TR, STM32WBA52KGU6, STM32WBA52KGU6TR, STM32WBA54CEU6, STM32WBA54CEU6TR, STM32WBA54CEU7, STM32WBA54CEU7TR, STM32WBA54CGU6, STM32WBA54CGU6TR, STM32WBA54CGU7, STM32WBA54CGU7TR, STM32WBA54KEU6, STM32WBA54KEU6TR, STM32WBA54KEU7, STM32WBA54KEU7TR, STM32WBA54KGU6, STM32WBA54KGU6TR, STM32WBA54KGU7, STM32WBA54KGU7TR, STM32WBA55CEU6, STM32WBA55CEU6TR, STM32WBA55CEU7, STM32WBA55CEU7TR, STM32WBA55CGU6, STM32WBA55CGU6TR, STM32WBA55CGU6U, STM32WBA55CGU7, STM32WBA55CGU7TR, STM32WBA55G-DK1, STM32WBA55HEF6, STM32WBA55HEF7, STM32WBA55HGF6, STM32WBA55HGF7, STM32WBA55UEI6, STM32WBA55UEI6TR, STM32WBA55UEI7, STM32WBA55UEI7TR, STM32WBA55UGI6, STM32WBA55UGI6TR, STM32WBA55UGI7, STM32WBA55UGI7TR, STM32WBA5MMGH6TR, STM32WBA62MGF6, STM32WBA62MIF6, STM32WBA65MGF7, STM32WBA65MIF6, STM32WBA65MIF7, STM32WL30K8V6, STM32WL30KBV6, STM32WL31C8V6, STM32WL31CBV6, STM32WL31K8V6, STM32WL31KBV6, STM32WL33C8V6, STM32WL33C8V6X, STM32WL33CBV6, STM32WL33CBV6X, STM32WL33CCV6, STM32WL33CCV6A, STM32WL33CCV6X, STM32WL33K8V7, STM32WL33K8V7X, STM32WL33KBV7 , STM32WL33KBV7X, STM32WL33KCV7, STM32WL33KCV7X, STM32WL5MOCH6, STM32WL5MOCH6TR]
2026-04-01 20:14:59,249 [INFO] BoardInfo:889 - No configuration file found for board NUCLEO-H5E5ZJ
2026-04-01 20:14:59,252 [INFO] DbBoards:161 - Board is not supported: NUCLEO-H5E5ZJ
2026-04-01 20:14:59,356 [INFO] BoardInfo:889 - No configuration file found for board NUCLEO-U3C5ZI-Q
2026-04-01 20:14:59,358 [INFO] DbBoards:161 - Board is not supported: NUCLEO-U3C5ZI-Q
2026-04-01 20:14:59,385 [INFO] BoardInfo:889 - No configuration file found for board NUCLEO-WBA25CE1
2026-04-01 20:14:59,387 [INFO] DbBoards:161 - Board is not supported: NUCLEO-WBA25CE1
2026-04-01 20:14:59,403 [INFO] BoardInfo:889 - No configuration file found for board NUCLEO-WL3RKB1
2026-04-01 20:14:59,406 [INFO] DbBoards:161 - Board is not supported: NUCLEO-WL3RKB1
2026-04-01 20:14:59,408 [INFO] BoardInfo:889 - No configuration file found for board NUCLEO-WL3RKB2
2026-04-01 20:14:59,410 [INFO] DbBoards:161 - Board is not supported: NUCLEO-WL3RKB2
2026-04-01 20:14:59,424 [INFO] BoardInfo:889 - No configuration file found for board P-NUCLEO-WB55
2026-04-01 20:14:59,426 [INFO] DbBoards:161 - Kit is not supported: P-NUCLEO-WB55
2026-04-01 20:14:59,439 [INFO] BoardInfo:889 - No configuration file found for board STEVAL-BFA001V1B
2026-04-01 20:14:59,441 [INFO] DbBoards:161 - Kit is not supported: STEVAL-BFA001V1B
2026-04-01 20:14:59,442 [INFO] BoardInfo:889 - No configuration file found for board STEVAL-BFA001V2B
2026-04-01 20:14:59,444 [INFO] DbBoards:161 - Kit is not supported: STEVAL-BFA001V2B
2026-04-01 20:14:59,686 [INFO] BoardInfo:889 - No configuration file found for board STM32H5F5J-DK
2026-04-01 20:14:59,688 [INFO] DbBoards:161 - Board is not supported: STM32H5F5J-DK
2026-04-01 20:14:59,848 [INFO] DbBoards:168 - Found 218 boards, 209 are supported
2026-04-01 20:14:59,848 [INFO] DbBoards:169 - Found 218 boards, 43 of them is supported for  Bsp
2026-04-01 20:14:59,852 [INFO] ApiDb:423 - Load user favorites file C:\Users\User/.stm32cubeide/favorites.boards.txt: 0 item(s)
2026-04-01 20:14:59,852 [INFO] ApiDb:427 - User favorites Boards=[]
2026-04-01 20:14:59,853 [INFO] DbBoards:198 - Set 0 / 0 favorites Boards
2026-04-01 20:14:59,853 [INFO] McuFinderGlobals:76 - Set McuFinderConnectedMode to true
2026-04-01 20:14:59,863 [INFO] MultiScanPanel:200 - Auto-refresh data requested => check proxy status ongoing
2026-04-01 20:14:59,867 [INFO] FinderPluginLoader:96 - Searching for filters in installed packs
2026-04-01 20:15:01,692 [INFO] LoadUrlFilesThread:185 - End of LoadServerUrlFiles without Thread
2026-04-01 20:15:01,707 [INFO] DetailPanel:341 - Set advertising image to C:/Users/User/STM32Cube/Repository/\en.prom-stm32c5-0326.jpg
2026-04-01 20:15:15,449 [INFO] McuResultTable:1403 - Unmark MCU STM32F103C6T6A as favorite
2026-04-01 20:16:02,925 [INFO] MainUpdater:2872 - connection check result : 10
2026-04-01 20:16:02,926 [INFO] MainUpdater:2872 - connection check result : 10
2026-04-01 20:16:02,948 [INFO] MicroXplorer:468 - Change Database Path : 
2026-04-01 20:16:02,949 [INFO] MicroXplorer:498 - Change Database Version : DB.6.0.150
2026-04-01 20:16:02,959 [WARN] ThirdParty:871 - waiting for thirdparty lock release [close project]
2026-04-01 20:16:02,959 [INFO] ThirdParty:873 - entering critical section [close project]
2026-04-01 20:16:02,961 [INFO] ThirdParty:883 - exiting critical section [close project]
2026-04-01 20:16:02,966 [INFO] PinOutPanel:1589 - setPackage(No Configuration,No Configuration)
2026-04-01 20:16:02,969 [INFO] UtilMem:75 - Begin LoadConfig() Used Memory: 757289584 Bytes (1073741824)
2026-04-01 20:16:02,973 [INFO] MicroXplorer:468 - Change Database Path : 
2026-04-01 20:16:02,973 [INFO] MicroXplorer:498 - Change Database Version : DB.6.0.150
2026-04-01 20:16:02,973 [INFO] OpenFileManager:355 - Change cursor
2026-04-01 20:16:03,357 [INFO] Mcu:2029 - Initializing MCU STM32F103C6Tx STM32F103C6Tx STM32F103C6T6A
2026-04-01 20:16:04,524 [INFO] Context:786 - Trying to add GPIOservice into a context  which must be forbidden
2026-04-01 20:16:04,826 [INFO] ImportTextPane:234 - (OptionalMessage_ERROR) Unable to find key (Mcu.ThirdPartyNb) in loaded IOC file
2026-04-01 20:16:04,827 [INFO] ImportTextPane:234 - (OptionalMessage_ERROR) Unable to find key (Mcu.PinsNb) in loaded IOC file
2026-04-01 20:16:04,827 [INFO] ImportTextPane:234 - (OptionalMessage_ERROR) Pin0 (VP_RIF_VS_RIF1) cannot be retrieved for this MCU
2026-04-01 20:16:04,828 [INFO] ImportTextPane:234 - (OptionalMessage_ERROR) Unable to find key (Mcu.IPNb) in loaded IOC file
2026-04-01 20:16:05,102 [INFO] RtosManager:558 - Registered RTOS mode: class=CMSIS, group=RTOS, mode=CMSIS_V1, owner=FREERTOS
2026-04-01 20:16:05,102 [INFO] RtosManager:558 - Registered RTOS mode: class=CMSIS, group=RTOS2, mode=CMSIS_V2, owner=FREERTOS
2026-04-01 20:16:05,102 [INFO] RtosManager:558 - Registered RTOS mode: class=RTOS, group=Core, mode=CMSIS_V1, owner=FREERTOS
2026-04-01 20:16:05,103 [INFO] RtosManager:558 - Registered RTOS mode: class=RTOS, group=Core, mode=CMSIS_V2, owner=FREERTOS
2026-04-01 20:16:05,103 [WARN] ModelIntegratedComponent:184 - Missing modes for component STMicroelectronics:FreeRTOS:0.0.1:STMicroelectronics:RTOS:FreeRTOS:Core:::10.2.0:
2026-04-01 20:16:05,173 [WARN] ModelIntegratedComponent:63 - No mode defined for component null
2026-04-01 20:16:05,174 [WARN] ModelIntegratedComponent:63 - No mode defined for component null
2026-04-01 20:16:05,174 [WARN] ModelIntegratedComponent:63 - No mode defined for component null
2026-04-01 20:16:05,179 [WARN] ModelIntegratedComponent:63 - No mode defined for component null
2026-04-01 20:16:05,179 [WARN] ModelIntegratedComponent:63 - No mode defined for component null
2026-04-01 20:16:05,179 [WARN] ModelIntegratedComponent:63 - No mode defined for component null
2026-04-01 20:16:05,181 [WARN] ModelIntegratedComponent:63 - No mode defined for component null
2026-04-01 20:16:05,182 [WARN] ModelIntegratedComponent:63 - No mode defined for component null
2026-04-01 20:16:05,183 [WARN] ModelIntegratedComponent:63 - No mode defined for component null
2026-04-01 20:16:05,183 [WARN] ModelIntegratedComponent:63 - No mode defined for component null
2026-04-01 20:16:05,183 [WARN] ModelIntegratedComponent:63 - No mode defined for component null
2026-04-01 20:16:05,183 [WARN] ModelIntegratedComponent:63 - No mode defined for component null
2026-04-01 20:16:05,183 [WARN] ModelIntegratedComponent:63 - No mode defined for component null
2026-04-01 20:16:05,183 [WARN] ModelIntegratedComponent:63 - No mode defined for component null
2026-04-01 20:16:05,183 [WARN] ModelIntegratedComponent:63 - No mode defined for component null
2026-04-01 20:16:05,184 [WARN] ModelIntegratedComponent:63 - No mode defined for component null
2026-04-01 20:16:05,184 [WARN] ModelIntegratedComponent:63 - No mode defined for component null
2026-04-01 20:16:05,184 [WARN] ModelIntegratedComponent:63 - No mode defined for component null
2026-04-01 20:16:05,184 [WARN] ModelIntegratedComponent:63 - No mode defined for component null
2026-04-01 20:16:05,184 [WARN] ModelIntegratedComponent:63 - No mode defined for component null
2026-04-01 20:16:05,184 [WARN] ModelIntegratedComponent:63 - No mode defined for component null
2026-04-01 20:16:05,184 [WARN] ModelIntegratedComponent:63 - No mode defined for component null
2026-04-01 20:16:05,184 [WARN] ModelIntegratedComponent:63 - No mode defined for component null
2026-04-01 20:16:05,184 [WARN] ModelIntegratedComponent:63 - No mode defined for component null
2026-04-01 20:16:05,184 [WARN] ModelIntegratedComponent:63 - No mode defined for component null
2026-04-01 20:16:05,184 [WARN] ModelIntegratedComponent:63 - No mode defined for component null
2026-04-01 20:16:05,184 [WARN] ModelIntegratedComponent:63 - No mode defined for component null
2026-04-01 20:16:05,185 [WARN] ModelIntegratedComponent:63 - No mode defined for component null
2026-04-01 20:16:05,185 [WARN] ModelIntegratedComponent:63 - No mode defined for component null
2026-04-01 20:16:05,185 [WARN] ModelIntegratedComponent:63 - No mode defined for component null
2026-04-01 20:16:05,185 [WARN] ModelIntegratedComponent:63 - No mode defined for component null
2026-04-01 20:16:05,185 [WARN] ModelIntegratedComponent:63 - No mode defined for component null
2026-04-01 20:16:05,185 [WARN] ModelIntegratedComponent:63 - No mode defined for component null
2026-04-01 20:16:05,185 [WARN] ModelIntegratedComponent:63 - No mode defined for component null
2026-04-01 20:16:05,185 [WARN] ModelIntegratedComponent:63 - No mode defined for component null
2026-04-01 20:16:05,186 [WARN] ModelPack:524 - Component already loaded: STMicroelectronics:HAL Drivers:0.0.0:STMicroelectronics:Device:STMicro_Driver:XSPI:HAL::0.0.1:HAL_XSPI
2026-04-01 20:16:05,250 [INFO] ThirdPartyModel:298 - Start build external matchings
2026-04-01 20:16:06,065 [INFO] ThirdPartyModel:316 - End build external matchings
2026-04-01 20:16:06,409 [INFO] UtilMem:75 - End LoadConfig() Used Memory: 837509512 Bytes (1073741824)
2026-04-01 20:16:06,459 [WARN] ThirdParty:833 - waiting for thirdparty lock release [change project]
2026-04-01 20:16:06,460 [INFO] ThirdParty:835 - entering critical section [change project]
2026-04-01 20:16:06,461 [INFO] ThirdParty:1030 - CMSIS Pack Vendor :STMicroelectronics X-CUBE-AZRTOS-H7 3.5.0
2026-04-01 20:16:06,461 [INFO] ThirdParty:1030 - CMSIS Pack Vendor :STMicroelectronics X-CUBE-PM33A1 1.0.0
2026-04-01 20:16:06,461 [INFO] ThirdParty:1030 - CMSIS Pack Vendor :STMicroelectronics USBPD 4.1
2026-04-01 20:16:06,462 [INFO] ThirdParty:1030 - CMSIS Pack Vendor :STMicroelectronics X-CUBE-NFC9 1.0.0
2026-04-01 20:16:06,462 [INFO] ThirdParty:1030 - CMSIS Pack Vendor :STMicroelectronics USB_HOST 2.0.0
2026-04-01 20:16:06,462 [INFO] ThirdParty:1030 - CMSIS Pack Vendor :STMicroelectronics FP-SNS-MOTENVWB1 1.4.0
2026-04-01 20:16:06,462 [INFO] ThirdParty:1030 - CMSIS Pack Vendor :STMicroelectronics X-CUBE-AZRTOS-F4 1.1.0
2026-04-01 20:16:06,462 [INFO] ThirdParty:1030 - CMSIS Pack Vendor :STMicroelectronics LIBJPEG 8.0.0
2026-04-01 20:16:06,462 [INFO] ThirdParty:1030 - CMSIS Pack Vendor :STMicroelectronics FP-ATR-ASTRA1 2.0.2
2026-04-01 20:16:06,462 [INFO] ThirdParty:1030 - CMSIS Pack Vendor :STMicroelectronics X-CUBE-BLE1 7.1.0
2026-04-01 20:16:06,462 [INFO] ThirdParty:1030 - CMSIS Pack Vendor :STMicroelectronics X-CUBE-SMBUS 2.1.0
2026-04-01 20:16:06,463 [INFO] ThirdParty:1030 - CMSIS Pack Vendor :wolfSSL I-CUBE-wolfMQTT 1.19.2
2026-04-01 20:16:06,463 [INFO] ThirdParty:1030 - CMSIS Pack Vendor :STMicroelectronics USB_DEVICE 3.0.0
2026-04-01 20:16:06,464 [INFO] ThirdParty:1030 - CMSIS Pack Vendor :STMicroelectronics X-CUBE-ISPU 2.1.0
2026-04-01 20:16:06,464 [INFO] ThirdParty:1030 - CMSIS Pack Vendor :STMicroelectronics X-CUBE-FREERTOS 1.4.0
2026-04-01 20:16:06,464 [INFO] ThirdParty:1030 - CMSIS Pack Vendor :STMicroelectronics X-CUBE-EEPRMA1 5.2.0
2026-04-01 20:16:06,465 [INFO] ThirdParty:1030 - CMSIS Pack Vendor :STMicroelectronics X-CUBE-IPS 3.2.0
2026-04-01 20:16:06,465 [INFO] ThirdParty:1030 - CMSIS Pack Vendor :STMicroelectronics X-CUBE-BLEMGR 4.1.0
2026-04-01 20:16:06,465 [INFO] ThirdParty:1030 - CMSIS Pack Vendor :STMicroelectronics X-CUBE-AZRTOS-WB 2.0.0
2026-04-01 20:16:06,465 [INFO] ThirdParty:1030 - CMSIS Pack Vendor :wolfSSL I-CUBE-wolfSSL 5.8.4
2026-04-01 20:16:06,465 [INFO] ThirdParty:1030 - CMSIS Pack Vendor :Cesanta I-CUBE-Mongoose 7.20.0
2026-04-01 20:16:06,466 [INFO] ThirdParty:1030 - CMSIS Pack Vendor :STMicroelectronics X-CUBE-NFC12 1.0.0
2026-04-01 20:16:06,466 [INFO] ThirdParty:1030 - CMSIS Pack Vendor :STMicroelectronics X-CUBE-AZRTOS-F7 1.1.0
2026-04-01 20:16:06,466 [INFO] ThirdParty:1030 - CMSIS Pack Vendor :STMicroelectronics X-CUBE-AZRTOS-L5 2.0.0
2026-04-01 20:16:06,466 [INFO] ThirdParty:1030 - CMSIS Pack Vendor :STMicroelectronics USB_DEVICE 2.0.0
2026-04-01 20:16:06,466 [INFO] ThirdParty:1030 - CMSIS Pack Vendor :quantropi X-CUBE-qispace-sdk-base 2.1.0
2026-04-01 20:16:06,466 [INFO] ThirdParty:1030 - CMSIS Pack Vendor :STMicroelectronics X-CUBE-MEMS1 12.0.0
2026-04-01 20:16:06,466 [INFO] ThirdParty:1030 - CMSIS Pack Vendor :STMicroelectronics X-CUBE-STSE01 2.0.0
2026-04-01 20:16:06,466 [INFO] ThirdParty:1030 - CMSIS Pack Vendor :STMicroelectronics FP-SNS-MOTENV1 5.1.0
2026-04-01 20:16:06,466 [INFO] ThirdParty:1030 - CMSIS Pack Vendor :STMicroelectronics FreeRTOS 0.0.1
2026-04-01 20:16:06,466 [INFO] ThirdParty:1030 - CMSIS Pack Vendor :STMicroelectronics X-CUBE-AZRTOS-G0 1.1.0
2026-04-01 20:16:06,466 [INFO] ThirdParty:1030 - CMSIS Pack Vendor :STMicroelectronics X-CUBE-NFC4 3.0.0
2026-04-01 20:16:06,467 [INFO] ThirdParty:1030 - CMSIS Pack Vendor :STMicroelectronics X-CUBE-SUBG2 5.0.0
2026-04-01 20:16:06,467 [INFO] ThirdParty:1030 - CMSIS Pack Vendor :STMicroelectronics STM32_WPAN 1.0.0
2026-04-01 20:16:06,467 [INFO] ThirdParty:1030 - CMSIS Pack Vendor :EmbeddedOffice I-CUBE-FS-RTOS 1.0.1
2026-04-01 20:16:06,467 [INFO] ThirdParty:1030 - CMSIS Pack Vendor :STMicroelectronics lwIP 2.0.3
2026-04-01 20:16:06,467 [INFO] ThirdParty:1030 - CMSIS Pack Vendor :WES I-CUBE-Cesium 1.4.0
2026-04-01 20:16:06,467 [INFO] ThirdParty:1030 - CMSIS Pack Vendor :STMicroelectronics USB_HOST 1.0.0
2026-04-01 20:16:06,467 [INFO] ThirdParty:1030 - CMSIS Pack Vendor :STMicroelectronics X-CUBE-AZRTOS-G4 2.0.0
2026-04-01 20:16:06,467 [INFO] ThirdParty:1030 - CMSIS Pack Vendor :STMicroelectronics X-CUBE-WB05N 2.0.0
2026-04-01 20:16:06,467 [INFO] ThirdParty:1030 - CMSIS Pack Vendor :STMicroelectronics PDM2PCM 3.1.0
2026-04-01 20:16:06,467 [INFO] ThirdParty:1030 - CMSIS Pack Vendor :STMicroelectronics PDM2PCM 3.3.0
2026-04-01 20:16:06,467 [INFO] ThirdParty:1030 - CMSIS Pack Vendor :wolfSSL I-CUBE-wolfTPM 3.8.0
2026-04-01 20:16:06,467 [INFO] ThirdParty:1030 - CMSIS Pack Vendor :STMicroelectronics X-CUBE-AZRTOS-H7 3.4.0
2026-04-01 20:16:06,468 [INFO] ThirdParty:1030 - CMSIS Pack Vendor :STMicroelectronics X-CUBE-DISPLAY 3.0.0
2026-04-01 20:16:06,468 [INFO] ThirdParty:1030 - CMSIS Pack Vendor :wolfSSL I-CUBE-wolfSSH 1.4.20
2026-04-01 20:16:06,468 [INFO] ThirdParty:1030 - CMSIS Pack Vendor :STMicroelectronics X-CUBE-NFC7 2.0.0
2026-04-01 20:16:06,468 [INFO] ThirdParty:1030 - CMSIS Pack Vendor :STMicroelectronics FP-SNS-MOTENVWB1 1.5.0
2026-04-01 20:16:06,468 [INFO] ThirdParty:1030 - CMSIS Pack Vendor :STMicroelectronics X-CUBE-TCPP 4.2.0
2026-04-01 20:16:06,468 [INFO] ThirdParty:1030 - CMSIS Pack Vendor :RealThread X-CUBE-RT-Thread_Nano 4.1.1
2026-04-01 20:16:06,468 [INFO] ThirdParty:1030 - CMSIS Pack Vendor :STMicroelectronics FP-ATR-SIGFOX1 3.2.0
2026-04-01 20:16:06,468 [INFO] ThirdParty:1030 - CMSIS Pack Vendor :STMicroelectronics X-CUBE-NFC10 1.0.0
2026-04-01 20:16:06,468 [INFO] ThirdParty:1030 - CMSIS Pack Vendor :STMicroelectronics HAL Drivers 0.0.0
2026-04-01 20:16:06,468 [INFO] ThirdParty:1030 - CMSIS Pack Vendor :STMicroelectronics X-CUBE-FREERTOS 1.5.0
2026-04-01 20:16:06,468 [INFO] ThirdParty:1030 - CMSIS Pack Vendor :STMicroelectronics MBEDTLS 2.16.2
2026-04-01 20:16:06,468 [INFO] ThirdParty:1030 - CMSIS Pack Vendor :STMicroelectronics X-CUBE-ST60 1.1.0
2026-04-01 20:16:06,468 [INFO] ThirdParty:1030 - CMSIS Pack Vendor :STMicroelectronics X-CUBE-ALS 1.0.2
2026-04-01 20:16:06,468 [INFO] ThirdParty:1030 - CMSIS Pack Vendor :emotas I-CUBE-CANOPEN 1.3.0
2026-04-01 20:16:06,469 [INFO] ThirdParty:1030 - CMSIS Pack Vendor :STMicroelectronics MBEDTLS 2.14.1
2026-04-01 20:16:06,469 [INFO] ThirdParty:1030 - CMSIS Pack Vendor :STMicroelectronics X-CUBE-GNSS1 7.1.0
2026-04-01 20:16:06,469 [INFO] ThirdParty:1030 - CMSIS Pack Vendor :ITTIA_DB I-CUBE-ITTIADB 8.9.0
2026-04-01 20:16:06,469 [INFO] ThirdParty:1030 - CMSIS Pack Vendor :STMicroelectronics X-CUBE-TOUCHGFX 4.26.0
2026-04-01 20:16:06,469 [INFO] ThirdParty:1030 - CMSIS Pack Vendor :STMicroelectronics X-CUBE-TOUCHGFX 4.26.1
2026-04-01 20:16:06,469 [INFO] ThirdParty:1030 - CMSIS Pack Vendor :STMicroelectronics X-CUBE-NFC6 3.2.0
2026-04-01 20:16:06,469 [INFO] ThirdParty:1030 - CMSIS Pack Vendor :STMicroelectronics FP-SNS-STBOX1 2.1.0
2026-04-01 20:16:06,469 [INFO] ThirdParty:1030 - CMSIS Pack Vendor :STMicroelectronics X-CUBE-AI 10.2.0
2026-04-01 20:16:06,469 [INFO] ThirdParty:1030 - CMSIS Pack Vendor :STMicroelectronics FP-SNS-STAIOTCFT 1.0.0
2026-04-01 20:16:06,469 [INFO] ThirdParty:1030 - CMSIS Pack Vendor :STMicroelectronics ThreadX 1.0.0
2026-04-01 20:16:06,470 [INFO] ThirdParty:1030 - CMSIS Pack Vendor :STMicroelectronics FP-SNS-SMARTAG2 1.2.0
2026-04-01 20:16:06,470 [INFO] ThirdParty:1030 - CMSIS Pack Vendor :STMicroelectronics FP-SNS-FLIGHT1 5.1.0
2026-04-01 20:16:06,470 [INFO] ThirdParty:1030 - CMSIS Pack Vendor :STMicroelectronics X-CUBE-AZRTOS-WL 2.0.0
2026-04-01 20:16:06,470 [INFO] ThirdParty:1030 - CMSIS Pack Vendor :SEGGER I-CUBE-embOS 1.3.1
2026-04-01 20:16:06,470 [INFO] ThirdParty:1030 - CMSIS Pack Vendor :STMicroelectronics X-CUBE-ALGOBUILD 1.4.0
2026-04-01 20:16:06,470 [INFO] ThirdParty:1030 - CMSIS Pack Vendor :STMicroelectronics X-CUBE-DPower 1.3.0
2026-04-01 20:16:06,471 [INFO] ThirdParty:1030 - CMSIS Pack Vendor :STMicroelectronics USB_DEVICE 1.0.0
2026-04-01 20:16:06,471 [INFO] ThirdParty:1030 - CMSIS Pack Vendor :STMicroelectronics X-CUBE-AZRTOS-H7RS 1.2.0
2026-04-01 20:16:06,471 [INFO] ThirdParty:1030 - CMSIS Pack Vendor :STMicroelectronics X-CUBE-AZRTOS-L4 2.0.0
2026-04-01 20:16:06,471 [INFO] ThirdParty:1030 - CMSIS Pack Vendor :STMicroelectronics ThreadX 0.0.2
2026-04-01 20:16:06,471 [INFO] ThirdParty:1030 - CMSIS Pack Vendor :STMicroelectronics lwIP 2.1.2
2026-04-01 20:16:06,471 [INFO] ThirdParty:1030 - CMSIS Pack Vendor :STMicroelectronics X-CUBE-SFXS2LP1 4.0.0
2026-04-01 20:16:06,471 [INFO] ThirdParty:1030 - CMSIS Pack Vendor :STMicroelectronics X-CUBE-BLE2 3.3.0
2026-04-01 20:16:06,471 [INFO] ThirdParty:1030 - CMSIS Pack Vendor :Avnet-IOTCONNECT X-CUBE-iotc-st67-sdk 1.0.0
2026-04-01 20:16:06,471 [INFO] ThirdParty:1030 - CMSIS Pack Vendor :STMicroelectronics X-CUBE-TOF1 3.4.3
2026-04-01 20:16:06,471 [INFO] ThirdParty:1030 - CMSIS Pack Vendor :Infineon AIROC-Wi-Fi-Bluetooth-STM32 1.8.0
2026-04-01 20:16:06,471 [INFO] ThirdParty:1030 - CMSIS Pack Vendor :STMicroelectronics PDM2PCM 3.2.0
2026-04-01 20:16:06,471 [INFO] ThirdParty:1030 - CMSIS Pack Vendor :STMicroelectronics X-CUBE-ST67W61 1.2.0
2026-04-01 20:16:06,472 [INFO] ThirdParty:841 - exiting critical section [change project]
2026-04-01 20:16:07,022 [INFO] PinOutPanel:1589 - setPackage(No Configuration,No Configuration)
2026-04-01 20:16:07,026 [INFO] PinOutPanel:1589 - setPackage(STM32F103C6Tx,LQFP48)
2026-04-01 20:16:07,832 [INFO] UtilMem:75 - Before build in PCC Used Memory: 903882080 Bytes (1073741824)
2026-04-01 20:16:09,334 [INFO] UtilMem:75 - After build in PCC Used Memory: 664734832 Bytes (1073741824)
2026-04-01 20:16:09,378 [INFO] IPUIPlugin:80 - create IPUIPlugin
2026-04-01 20:16:09,379 [INFO] IPUIPlugin:80 - create IPUIPlugin
2026-04-01 20:16:09,379 [INFO] IPUIPlugin:80 - create IPUIPlugin
2026-04-01 20:16:09,379 [INFO] IPUIPlugin:80 - create IPUIPlugin
2026-04-01 20:16:09,380 [INFO] IPUIPlugin:80 - create IPUIPlugin
2026-04-01 20:16:09,380 [INFO] IPUIPlugin:80 - create IPUIPlugin
2026-04-01 20:16:09,380 [INFO] IPUIPlugin:80 - create IPUIPlugin
2026-04-01 20:16:09,380 [INFO] IPUIPlugin:80 - create IPUIPlugin
2026-04-01 20:16:09,380 [INFO] IPUIPlugin:80 - create IPUIPlugin
2026-04-01 20:16:09,381 [INFO] IPUIPlugin:80 - create IPUIPlugin
2026-04-01 20:16:09,381 [INFO] IPUIPlugin:80 - create IPUIPlugin
2026-04-01 20:16:09,381 [INFO] IPUIPlugin:80 - create IPUIPlugin
2026-04-01 20:16:09,381 [INFO] IPUIPlugin:80 - create IPUIPlugin
2026-04-01 20:16:09,381 [INFO] IPUIPlugin:80 - create IPUIPlugin
2026-04-01 20:16:09,383 [INFO] IPUIPlugin:80 - create IPUIPlugin
2026-04-01 20:16:09,383 [INFO] IPUIPlugin:80 - create IPUIPlugin
2026-04-01 20:16:09,384 [INFO] IPUIPlugin:80 - create IPUIPlugin
2026-04-01 20:16:09,384 [INFO] IPUIPlugin:80 - create IPUIPlugin
2026-04-01 20:16:09,384 [INFO] IPUIPlugin:80 - create IPUIPlugin
2026-04-01 20:16:09,385 [INFO] IPUIPlugin:80 - create IPUIPlugin
2026-04-01 20:16:09,385 [INFO] IPUIPlugin:80 - create IPUIPlugin
2026-04-01 20:16:09,385 [INFO] IPUIPlugin:80 - create IPUIPlugin
2026-04-01 20:16:09,386 [INFO] IPUIPlugin:80 - create IPUIPlugin
2026-04-01 20:16:09,650 [INFO] WebApp:194 - Connection lost
2026-04-01 20:16:09,712 [INFO] CADModel:165 - CPN selected for project levelSTM32F103C6T6A
2026-04-01 20:16:09,713 [INFO] CADModel:114 - Register for checkConnection events
2026-04-01 20:16:09,772 [INFO] OpenFileManager:386 - Restore cursor
2026-04-01 20:16:10,033 [INFO] WebApp:191 - Connection restablished
2026-04-01 20:16:11,616 [INFO] UtilMem:75 - End SaveConfig() Used Memory: 746096392 Bytes (1073741824)
2026-04-01 20:16:11,753 [INFO] UtilMem:75 - End SaveConfig() Used Memory: 759106672 Bytes (1073741824)
2026-04-01 20:16:12,532 [INFO] BlockDiagram:2775 - set Specific Code input for plugin: NVIC
2026-04-01 20:16:12,534 [INFO] BlockDiagram:2775 - set Specific Code input for plugin: RCC
2026-04-01 20:16:12,536 [INFO] CodeGenerator:892 - code generatio: config db path: C:\ST\STM32CubeIDE_1.19.0\STM32CubeIDE\plugins\com.st.stm32cube.common.mx_6.15.0.202507011659\\db\
2026-04-01 20:16:12,717 [INFO] CodeEngine:265 - oldGeneratedFile, C:\GIT\Aulas2026_1\ProjetosSTM32\READ_ADC_TEST2\MXTmpFiles\license.tmp_save
2026-04-01 20:16:13,258 [INFO] CodeEngine:289 - Generated code: C:\GIT\Aulas2026_1\ProjetosSTM32\READ_ADC_TEST2\MXTmpFiles\license.tmp
2026-04-01 20:16:13,293 [INFO] CodeEngine:265 - oldGeneratedFile, C:\GIT\Aulas2026_1\ProjetosSTM32\READ_ADC_TEST2\Core\Src\stm32f1xx_it.c_save
2026-04-01 20:16:13,490 [INFO] CodeEngine:289 - Generated code: C:\GIT\Aulas2026_1\ProjetosSTM32\READ_ADC_TEST2\Core\Src\stm32f1xx_it.c
2026-04-01 20:16:13,499 [INFO] CodeEngine:265 - oldGeneratedFile, C:\GIT\Aulas2026_1\ProjetosSTM32\READ_ADC_TEST2\Core\Inc\stm32f1xx_it.h_save
2026-04-01 20:16:13,611 [INFO] CodeEngine:289 - Generated code: C:\GIT\Aulas2026_1\ProjetosSTM32\READ_ADC_TEST2\Core\Inc\stm32f1xx_it.h
2026-04-01 20:16:13,732 [INFO] CodeEngine:265 - oldGeneratedFile, C:\GIT\Aulas2026_1\ProjetosSTM32\READ_ADC_TEST2\Core\Src\stm32f1xx_hal_msp.c_save
2026-04-01 20:16:13,922 [INFO] CodeEngine:289 - Generated code: C:\GIT\Aulas2026_1\ProjetosSTM32\READ_ADC_TEST2\Core\Src\stm32f1xx_hal_msp.c
2026-04-01 20:16:13,934 [INFO] CodeEngine:265 - oldGeneratedFile, C:\GIT\Aulas2026_1\ProjetosSTM32\READ_ADC_TEST2\MXTmpFiles\system.tmp_save
2026-04-01 20:16:14,038 [INFO] CodeEngine:289 - Generated code: C:\GIT\Aulas2026_1\ProjetosSTM32\READ_ADC_TEST2\MXTmpFiles\system.tmp
2026-04-01 20:16:14,062 [INFO] CodeEngine:321 - oldGeneratedFile, C:\GIT\Aulas2026_1\ProjetosSTM32\READ_ADC_TEST2\Core\Inc\stm32f1xx_hal_conf.h_save
2026-04-01 20:16:14,176 [INFO] CodeEngine:345 - Generated code: C:\GIT\Aulas2026_1\ProjetosSTM32\READ_ADC_TEST2\Core\Inc\stm32f1xx_hal_conf.h
2026-04-01 20:16:14,230 [INFO] ApiDbMcu:532 - Load IP Config File for RCC
2026-04-01 20:16:14,246 [INFO] CodeEngine:265 - oldGeneratedFile, C:\GIT\Aulas2026_1\ProjetosSTM32\READ_ADC_TEST2\Core\Inc\main.h_save
2026-04-01 20:16:14,374 [INFO] CodeEngine:289 - Generated code: C:\GIT\Aulas2026_1\ProjetosSTM32\READ_ADC_TEST2\Core\Inc\main.h
2026-04-01 20:16:14,384 [INFO] CodeEngine:265 - oldGeneratedFile, C:\GIT\Aulas2026_1\ProjetosSTM32\READ_ADC_TEST2\Core\Src\main.c_save
2026-04-01 20:16:14,572 [INFO] CodeEngine:289 - Generated code: C:\GIT\Aulas2026_1\ProjetosSTM32\READ_ADC_TEST2\Core\Src\main.c
2026-04-01 20:16:15,292 [INFO] ProjectBuilder:3606 - Time for Copy HAL[1] : 241mS.
2026-04-01 20:16:15,301 [INFO] ProjectBuilder:5216 - Project Generator version: 4.7.0-B52
2026-04-01 20:16:15,469 [INFO] ConfigFileManager:1595 - The Die is : DIE412
2026-04-01 20:16:15,492 [INFO] ApiDbMcu:532 - Load IP Config File for FATFS
2026-04-01 20:16:15,531 [INFO] ApiDbMcu:532 - Load IP Config File for FREERTOS
2026-04-01 20:16:15,581 [INFO] ApiDbMcu:532 - Load IP Config File for USB_DEVICE
2026-04-01 20:16:16,151 [INFO] LogOutputStream:77 - [STDOUT_REDIRECT] 
2026-04-01 20:16:20,496 [INFO] ProjectBuilder:5496 - Time for Generating toolchain IDE Files: 5196mS.
2026-04-01 20:16:20,498 [INFO] ProjectBuilder:3463 - Time for Copy CMSIS : 1mS.
2026-04-01 20:16:20,507 [INFO] ProjectBuilder:3463 - Time for Copy CMSIS : 0mS.
2026-04-01 20:16:23,621 [INFO] McuFinderGlobals:76 - Set McuFinderConnectedMode to true
2026-04-01 20:16:23,628 [INFO] ApiDb:448 - Save user favorites file C:\Users\User/.stm32cubeide/favorites.mcus.txt: 2 item(s)
2026-04-01 20:16:23,628 [INFO] ApiDb:452 - User favorites MCUs=[STM32C011F4U3, STM32F103C8T6]
2026-04-01 20:17:40,839 [INFO] WebApp:194 - Connection lost
2026-04-01 20:17:41,139 [INFO] WebApp:191 - Connection restablished
2026-04-01 20:19:03,388 [INFO] NvicIntPanel:101 - NVIC parent = com.st.microxplorer.plugins.ip.nvic.MultiNvicIntPanel[,0,0,0x0,invalid,layout=javax.swing.BoxLayout,alignmentX=0.0,alignmentY=0.0,border=,flags=9,maximumSize=,minimumSize=,preferredSize=]
2026-04-01 20:19:03,457 [INFO] NvicIntPanel:101 - NVIC parent = com.st.microxplorer.plugins.ip.nvic.MultiNvicIntPanel[,0,0,0x0,invalid,layout=javax.swing.BoxLayout,alignmentX=0.0,alignmentY=0.0,border=,flags=9,maximumSize=,minimumSize=,preferredSize=]
2026-04-01 20:19:03,526 [INFO] NvicIntPanel:101 - NVIC parent = com.st.microxplorer.plugins.ip.nvic.MultiNvicIntPanel[,0,0,0x0,invalid,layout=javax.swing.BoxLayout,alignmentX=0.0,alignmentY=0.0,border=,flags=9,maximumSize=,minimumSize=,preferredSize=]
2026-04-01 20:19:11,124 [INFO] WebApp:194 - Connection lost
2026-04-01 20:19:11,491 [INFO] WebApp:191 - Connection restablished
2026-04-01 20:20:41,625 [INFO] WebApp:194 - Connection lost
2026-04-01 20:20:41,922 [INFO] WebApp:191 - Connection restablished
2026-04-01 20:22:12,130 [INFO] WebApp:194 - Connection lost
2026-04-01 20:22:12,595 [INFO] WebApp:191 - Connection restablished
2026-04-01 20:23:33,346 [INFO] MainUpdater:2872 - connection check result : 10
2026-04-01 20:23:33,346 [INFO] MainUpdater:2872 - connection check result : 10
2026-04-01 20:23:34,652 [INFO] MicroXplorer:468 - Change Database Path : 
2026-04-01 20:23:34,652 [INFO] MicroXplorer:498 - Change Database Version : DB.6.0.150
2026-04-01 20:23:34,676 [ERROR] ProjectManagerView:395 - 
java.lang.NullPointerException: Cannot invoke "javax.swing.JTextField.getText()" because the return value of "java.util.List.get(int)" is null
	at com.st.microxplorer.plugins.projectmanager.gui.ProjectChoiceTab$9.caretUpdate(ProjectChoiceTab.java:2706) ~[filemanager.jar:?]
	at javax.swing.text.JTextComponent.fireCaretUpdate(JTextComponent.java:408) ~[?:?]
	at javax.swing.text.JTextComponent$MutableCaretEvent.fire(JTextComponent.java:4484) ~[?:?]
	at javax.swing.text.JTextComponent$MutableCaretEvent.stateChanged(JTextComponent.java:4506) ~[?:?]
	at javax.swing.text.DefaultCaret.fireStateChanged(DefaultCaret.java:857) ~[?:?]
	at javax.swing.text.DefaultCaret.changeCaretPosition(DefaultCaret.java:1343) ~[?:?]
	at javax.swing.text.DefaultCaret.handleSetDot(DefaultCaret.java:1242) ~[?:?]
	at javax.swing.text.DefaultCaret.setDot(DefaultCaret.java:1223) ~[?:?]
	at javax.swing.text.DefaultCaret$Handler.insertUpdate(DefaultCaret.java:1819) ~[?:?]
	at javax.swing.text.AbstractDocument.fireInsertUpdate(AbstractDocument.java:227) ~[?:?]
	at javax.swing.text.AbstractDocument.handleInsertString(AbstractDocument.java:781) ~[?:?]
	at javax.swing.text.AbstractDocument.insertString(AbstractDocument.java:740) ~[?:?]
	at javax.swing.text.PlainDocument.insertString(PlainDocument.java:131) ~[?:?]
	at javax.swing.text.AbstractDocument.replace(AbstractDocument.java:699) ~[?:?]
	at javax.swing.text.JTextComponent.setText(JTextComponent.java:1725) ~[?:?]
	at com.st.microxplorer.plugins.projectmanager.gui.ProjectChoiceTab.createHeapStackFields(ProjectChoiceTab.java:993) ~[filemanager.jar:?]
	at com.st.microxplorer.plugins.projectmanager.gui.ProjectChoiceTab.buildLinkSettingsPanel(ProjectChoiceTab.java:3813) ~[filemanager.jar:?]
	at com.st.microxplorer.plugins.projectmanager.gui.ProjectChoiceTab.defineWindowsFields(ProjectChoiceTab.java:1987) ~[filemanager.jar:?]
	at com.st.microxplorer.plugins.projectmanager.gui.ProjectChoiceTab.updateSettings(ProjectChoiceTab.java:558) ~[filemanager.jar:?]
	at com.st.microxplorer.plugins.projectmanager.gui.ProjectSettingsPanel.UpdateDialog(ProjectSettingsPanel.java:247) ~[filemanager.jar:?]
	at com.st.microxplorer.plugins.projectmanager.ProjectManagerView.propertyChange(ProjectManagerView.java:392) ~[filemanager.jar:?]
	at java.beans.PropertyChangeSupport.fire(PropertyChangeSupport.java:343) ~[?:?]
	at java.beans.PropertyChangeSupport.firePropertyChange(PropertyChangeSupport.java:335) ~[?:?]
	at java.beans.PropertyChangeSupport.firePropertyChange(PropertyChangeSupport.java:268) ~[?:?]
	at com.st.microxplorer.util.MXPropertyChangeSupport.firePropertyChange(MXPropertyChangeSupport.java:54) ~[STM32CubeMX.jar:?]
	at com.st.microxplorer.mxsystem.MxSystem.closeConfig(MxSystem.java:899) ~[STM32CubeMX.jar:?]
	at com.st.microxplorer.maingui.MainPanel.closeConfig(MainPanel.java:792) ~[STM32CubeMX.jar:?]
	at com.st.microxplorer.plugins.filemanager.engine.OpenFileManager.loadConfigurationFile(OpenFileManager.java:288) ~[filemanager.jar:?]
	at com.st.microxplorer.plugins.filemanager.engine.MainFileManager.userLoadConfig(MainFileManager.java:364) ~[filemanager.jar:?]
	at com.st.microxplorer.plugins.filemanager.engine.MainFileManager.userLoadConfig(MainFileManager.java:342) ~[filemanager.jar:?]
	at com.st.microxplorer.plugins.filemanager.FileManagerView.getSpecificTask(FileManagerView.java:264) ~[filemanager.jar:?]
	at com.st.stm32cube.common.mx.editor.CubeMxEditor.getMxTabbedPaneInstance(CubeMxEditor.java:1198) ~[com.st.stm32cube.common.mx_6.15.0.202507011659/:?]
	at com.st.stm32cube.common.mx.editor.CubeMxEditor$12$1.createSwingComponent(CubeMxEditor.java:1068) ~[com.st.stm32cube.common.mx_6.15.0.202507011659/:?]
	at com.st.stm32cube.common.mx.oss.core.awtswtbridge.EmbeddedSwingComposite.doComponentCreation(EmbeddedSwingComposite.java:492) ~[com.st.stm32cube.common.mx.oss_6.15.0.202507011659/:?]
	at com.st.stm32cube.common.mx.oss.core.awtswtbridge.EmbeddedSwingComposite$4.run(EmbeddedSwingComposite.java:291) ~[com.st.stm32cube.common.mx.oss_6.15.0.202507011659/:?]
	at com.st.stm32cube.common.mx.oss.core.awtswtbridge.AwtEnvironment$2.run(AwtEnvironment.java:166) ~[com.st.stm32cube.common.mx.oss_6.15.0.202507011659/:?]
	at java.awt.event.InvocationEvent.dispatch(InvocationEvent.java:318) ~[?:?]
	at java.awt.EventQueue.dispatchEventImpl(EventQueue.java:773) ~[?:?]
	at java.awt.EventQueue$4.run(EventQueue.java:720) ~[?:?]
	at java.awt.EventQueue$4.run(EventQueue.java:714) ~[?:?]
	at java.security.AccessController.doPrivileged(AccessController.java:400) ~[?:?]
	at java.security.ProtectionDomain$JavaSecurityAccessImpl.doIntersectionPrivilege(ProtectionDomain.java:87) ~[?:?]
	at java.awt.EventQueue.dispatchEvent(EventQueue.java:742) ~[?:?]
	at java.awt.EventDispatchThread.pumpOneEventForFilters(EventDispatchThread.java:203) ~[?:?]
	at java.awt.EventDispatchThread.pumpEventsForFilter(EventDispatchThread.java:124) ~[?:?]
	at java.awt.EventDispatchThread.pumpEventsForHierarchy(EventDispatchThread.java:113) ~[?:?]
	at java.awt.EventDispatchThread.pumpEvents(EventDispatchThread.java:109) ~[?:?]
	at java.awt.EventDispatchThread.pumpEvents(EventDispatchThread.java:101) ~[?:?]
	at java.awt.EventDispatchThread.run(EventDispatchThread.java:90) ~[?:?]
2026-04-01 20:23:34,689 [WARN] ThirdParty:871 - waiting for thirdparty lock release [close project]
2026-04-01 20:23:34,690 [INFO] ThirdParty:873 - entering critical section [close project]
2026-04-01 20:23:34,690 [INFO] ThirdParty:883 - exiting critical section [close project]
2026-04-01 20:23:34,691 [INFO] PinOutPanel:1589 - setPackage(No Configuration,No Configuration)
2026-04-01 20:23:34,703 [INFO] UtilMem:75 - Begin LoadConfig() Used Memory: 879346256 Bytes (1073741824)
2026-04-01 20:23:34,703 [INFO] MicroXplorer:468 - Change Database Path : 
2026-04-01 20:23:34,703 [INFO] MicroXplorer:498 - Change Database Version : DB.6.0.150
2026-04-01 20:23:34,704 [INFO] OpenFileManager:355 - Change cursor
2026-04-01 20:23:34,751 [INFO] RulesReader:64 - Compatibility file has been processed (317 Rules)
2026-04-01 20:23:34,759 [INFO] Mcu:2029 - Initializing MCU STM32F103C(4-6)Tx STM32F103C6Tx STM32F103C6T6A
2026-04-01 20:23:35,524 [INFO] Context:786 - Trying to add GPIOservice into a context  which must be forbidden
2026-04-01 20:23:35,835 [INFO] ImportTextPane:234 - (OptionalMessage_ERROR) Pin7 (VP_RIF_VS_RIF1) cannot be retrieved for this MCU
2026-04-01 20:23:36,062 [INFO] RtosManager:558 - Registered RTOS mode: class=CMSIS, group=RTOS, mode=CMSIS_V1, owner=FREERTOS
2026-04-01 20:23:36,064 [INFO] RtosManager:558 - Registered RTOS mode: class=CMSIS, group=RTOS2, mode=CMSIS_V2, owner=FREERTOS
2026-04-01 20:23:36,064 [INFO] RtosManager:558 - Registered RTOS mode: class=RTOS, group=Core, mode=CMSIS_V1, owner=FREERTOS
2026-04-01 20:23:36,064 [INFO] RtosManager:558 - Registered RTOS mode: class=RTOS, group=Core, mode=CMSIS_V2, owner=FREERTOS
2026-04-01 20:23:36,064 [WARN] ModelIntegratedComponent:184 - Missing modes for component STMicroelectronics:FreeRTOS:0.0.1:STMicroelectronics:RTOS:FreeRTOS:Core:::10.2.0:
2026-04-01 20:23:36,083 [WARN] ModelIntegratedComponent:63 - No mode defined for component null
2026-04-01 20:23:36,083 [WARN] ModelIntegratedComponent:63 - No mode defined for component null
2026-04-01 20:23:36,084 [WARN] ModelIntegratedComponent:63 - No mode defined for component null
2026-04-01 20:23:36,084 [WARN] ModelIntegratedComponent:63 - No mode defined for component null
2026-04-01 20:23:36,084 [WARN] ModelIntegratedComponent:63 - No mode defined for component null
2026-04-01 20:23:36,084 [WARN] ModelIntegratedComponent:63 - No mode defined for component null
2026-04-01 20:23:36,084 [WARN] ModelIntegratedComponent:63 - No mode defined for component null
2026-04-01 20:23:36,085 [WARN] ModelIntegratedComponent:63 - No mode defined for component null
2026-04-01 20:23:36,085 [WARN] ModelIntegratedComponent:63 - No mode defined for component null
2026-04-01 20:23:36,085 [WARN] ModelIntegratedComponent:63 - No mode defined for component null
2026-04-01 20:23:36,085 [WARN] ModelIntegratedComponent:63 - No mode defined for component null
2026-04-01 20:23:36,085 [WARN] ModelIntegratedComponent:63 - No mode defined for component null
2026-04-01 20:23:36,086 [WARN] ModelIntegratedComponent:63 - No mode defined for component null
2026-04-01 20:23:36,086 [WARN] ModelIntegratedComponent:63 - No mode defined for component null
2026-04-01 20:23:36,086 [WARN] ModelIntegratedComponent:63 - No mode defined for component null
2026-04-01 20:23:36,086 [WARN] ModelIntegratedComponent:63 - No mode defined for component null
2026-04-01 20:23:36,086 [WARN] ModelIntegratedComponent:63 - No mode defined for component null
2026-04-01 20:23:36,086 [WARN] ModelIntegratedComponent:63 - No mode defined for component null
2026-04-01 20:23:36,086 [WARN] ModelIntegratedComponent:63 - No mode defined for component null
2026-04-01 20:23:36,086 [WARN] ModelIntegratedComponent:63 - No mode defined for component null
2026-04-01 20:23:36,086 [WARN] ModelIntegratedComponent:63 - No mode defined for component null
2026-04-01 20:23:36,086 [WARN] ModelIntegratedComponent:63 - No mode defined for component null
2026-04-01 20:23:36,086 [WARN] ModelIntegratedComponent:63 - No mode defined for component null
2026-04-01 20:23:36,086 [WARN] ModelIntegratedComponent:63 - No mode defined for component null
2026-04-01 20:23:36,086 [WARN] ModelIntegratedComponent:63 - No mode defined for component null
2026-04-01 20:23:36,086 [WARN] ModelIntegratedComponent:63 - No mode defined for component null
2026-04-01 20:23:36,086 [WARN] ModelIntegratedComponent:63 - No mode defined for component null
2026-04-01 20:23:36,086 [WARN] ModelIntegratedComponent:63 - No mode defined for component null
2026-04-01 20:23:36,087 [WARN] ModelIntegratedComponent:63 - No mode defined for component null
2026-04-01 20:23:36,087 [WARN] ModelIntegratedComponent:63 - No mode defined for component null
2026-04-01 20:23:36,087 [WARN] ModelIntegratedComponent:63 - No mode defined for component null
2026-04-01 20:23:36,087 [WARN] ModelIntegratedComponent:63 - No mode defined for component null
2026-04-01 20:23:36,087 [WARN] ModelIntegratedComponent:63 - No mode defined for component null
2026-04-01 20:23:36,087 [WARN] ModelIntegratedComponent:63 - No mode defined for component null
2026-04-01 20:23:36,087 [WARN] ModelIntegratedComponent:63 - No mode defined for component null
2026-04-01 20:23:36,087 [WARN] ModelPack:524 - Component already loaded: STMicroelectronics:HAL Drivers:0.0.0:STMicroelectronics:Device:STMicro_Driver:XSPI:HAL::0.0.1:HAL_XSPI
2026-04-01 20:23:36,147 [INFO] ThirdPartyModel:298 - Start build external matchings
2026-04-01 20:23:36,831 [INFO] ThirdPartyModel:316 - End build external matchings
2026-04-01 20:23:36,843 [INFO] ImportTextPane:234 - (OptionalMessage_ERROR) IP (RCC) : Parameter (ADCFreqValue) has invalid value (36000000)
2026-04-01 20:23:36,843 [INFO] ImportTextPane:234 - (OptionalMessage_ERROR) IP (RCC) : Invalid parameter (FamilyName)
2026-04-01 20:23:36,844 [INFO] ImportTextPane:234 - (OptionalMessage_ERROR) IP (RCC) : Parameter (MCOFreq_Value) has invalid value (72000000)
2026-04-01 20:23:36,844 [INFO] ImportTextPane:234 - (OptionalMessage_ERROR) IP (RCC) : Parameter (USBFreq_Value) has invalid value (72000000)
2026-04-01 20:23:37,066 [INFO] UtilMem:75 - End LoadConfig() Used Memory: 696042392 Bytes (1073741824)
2026-04-01 20:23:37,144 [WARN] ThirdParty:833 - waiting for thirdparty lock release [change project]
2026-04-01 20:23:37,146 [INFO] ThirdParty:835 - entering critical section [change project]
2026-04-01 20:23:37,146 [INFO] ThirdParty:1030 - CMSIS Pack Vendor :STMicroelectronics X-CUBE-AZRTOS-H7 3.5.0
2026-04-01 20:23:37,146 [INFO] ThirdParty:1030 - CMSIS Pack Vendor :STMicroelectronics X-CUBE-PM33A1 1.0.0
2026-04-01 20:23:37,146 [INFO] ThirdParty:1030 - CMSIS Pack Vendor :STMicroelectronics USBPD 4.1
2026-04-01 20:23:37,147 [INFO] ThirdParty:1030 - CMSIS Pack Vendor :STMicroelectronics X-CUBE-NFC9 1.0.0
2026-04-01 20:23:37,147 [INFO] ThirdParty:1030 - CMSIS Pack Vendor :STMicroelectronics USB_HOST 2.0.0
2026-04-01 20:23:37,147 [INFO] ThirdParty:1030 - CMSIS Pack Vendor :STMicroelectronics FP-SNS-MOTENVWB1 1.4.0
2026-04-01 20:23:37,147 [INFO] ThirdParty:1030 - CMSIS Pack Vendor :STMicroelectronics X-CUBE-AZRTOS-F4 1.1.0
2026-04-01 20:23:37,147 [INFO] ThirdParty:1030 - CMSIS Pack Vendor :STMicroelectronics LIBJPEG 8.0.0
2026-04-01 20:23:37,147 [INFO] ThirdParty:1030 - CMSIS Pack Vendor :STMicroelectronics FP-ATR-ASTRA1 2.0.2
2026-04-01 20:23:37,148 [INFO] ThirdParty:1030 - CMSIS Pack Vendor :STMicroelectronics X-CUBE-BLE1 7.1.0
2026-04-01 20:23:37,148 [INFO] ThirdParty:1030 - CMSIS Pack Vendor :STMicroelectronics X-CUBE-SMBUS 2.1.0
2026-04-01 20:23:37,148 [INFO] ThirdParty:1030 - CMSIS Pack Vendor :wolfSSL I-CUBE-wolfMQTT 1.19.2
2026-04-01 20:23:37,148 [INFO] ThirdParty:1030 - CMSIS Pack Vendor :STMicroelectronics USB_DEVICE 3.0.0
2026-04-01 20:23:37,148 [INFO] ThirdParty:1030 - CMSIS Pack Vendor :STMicroelectronics X-CUBE-ISPU 2.1.0
2026-04-01 20:23:37,148 [INFO] ThirdParty:1030 - CMSIS Pack Vendor :STMicroelectronics X-CUBE-FREERTOS 1.4.0
2026-04-01 20:23:37,148 [INFO] ThirdParty:1030 - CMSIS Pack Vendor :STMicroelectronics X-CUBE-EEPRMA1 5.2.0
2026-04-01 20:23:37,148 [INFO] ThirdParty:1030 - CMSIS Pack Vendor :STMicroelectronics X-CUBE-IPS 3.2.0
2026-04-01 20:23:37,148 [INFO] ThirdParty:1030 - CMSIS Pack Vendor :STMicroelectronics X-CUBE-BLEMGR 4.1.0
2026-04-01 20:23:37,148 [INFO] ThirdParty:1030 - CMSIS Pack Vendor :STMicroelectronics X-CUBE-AZRTOS-WB 2.0.0
2026-04-01 20:23:37,148 [INFO] ThirdParty:1030 - CMSIS Pack Vendor :wolfSSL I-CUBE-wolfSSL 5.8.4
2026-04-01 20:23:37,148 [INFO] ThirdParty:1030 - CMSIS Pack Vendor :Cesanta I-CUBE-Mongoose 7.20.0
2026-04-01 20:23:37,148 [INFO] ThirdParty:1030 - CMSIS Pack Vendor :STMicroelectronics X-CUBE-NFC12 1.0.0
2026-04-01 20:23:37,148 [INFO] ThirdParty:1030 - CMSIS Pack Vendor :STMicroelectronics X-CUBE-AZRTOS-F7 1.1.0
2026-04-01 20:23:37,150 [INFO] ThirdParty:1030 - CMSIS Pack Vendor :STMicroelectronics X-CUBE-AZRTOS-L5 2.0.0
2026-04-01 20:23:37,150 [INFO] ThirdParty:1030 - CMSIS Pack Vendor :STMicroelectronics USB_DEVICE 2.0.0
2026-04-01 20:23:37,150 [INFO] ThirdParty:1030 - CMSIS Pack Vendor :quantropi X-CUBE-qispace-sdk-base 2.1.0
2026-04-01 20:23:37,150 [INFO] ThirdParty:1030 - CMSIS Pack Vendor :STMicroelectronics X-CUBE-MEMS1 12.0.0
2026-04-01 20:23:37,150 [INFO] ThirdParty:1030 - CMSIS Pack Vendor :STMicroelectronics X-CUBE-STSE01 2.0.0
2026-04-01 20:23:37,150 [INFO] ThirdParty:1030 - CMSIS Pack Vendor :STMicroelectronics FP-SNS-MOTENV1 5.1.0
2026-04-01 20:23:37,150 [INFO] ThirdParty:1030 - CMSIS Pack Vendor :STMicroelectronics FreeRTOS 0.0.1
2026-04-01 20:23:37,150 [INFO] ThirdParty:1030 - CMSIS Pack Vendor :STMicroelectronics X-CUBE-AZRTOS-G0 1.1.0
2026-04-01 20:23:37,150 [INFO] ThirdParty:1030 - CMSIS Pack Vendor :STMicroelectronics X-CUBE-NFC4 3.0.0
2026-04-01 20:23:37,150 [INFO] ThirdParty:1030 - CMSIS Pack Vendor :STMicroelectronics X-CUBE-SUBG2 5.0.0
2026-04-01 20:23:37,150 [INFO] ThirdParty:1030 - CMSIS Pack Vendor :STMicroelectronics STM32_WPAN 1.0.0
2026-04-01 20:23:37,151 [INFO] ThirdParty:1030 - CMSIS Pack Vendor :EmbeddedOffice I-CUBE-FS-RTOS 1.0.1
2026-04-01 20:23:37,151 [INFO] ThirdParty:1030 - CMSIS Pack Vendor :STMicroelectronics lwIP 2.0.3
2026-04-01 20:23:37,151 [INFO] ThirdParty:1030 - CMSIS Pack Vendor :WES I-CUBE-Cesium 1.4.0
2026-04-01 20:23:37,151 [INFO] ThirdParty:1030 - CMSIS Pack Vendor :STMicroelectronics USB_HOST 1.0.0
2026-04-01 20:23:37,151 [INFO] ThirdParty:1030 - CMSIS Pack Vendor :STMicroelectronics X-CUBE-AZRTOS-G4 2.0.0
2026-04-01 20:23:37,151 [INFO] ThirdParty:1030 - CMSIS Pack Vendor :STMicroelectronics X-CUBE-WB05N 2.0.0
2026-04-01 20:23:37,151 [INFO] ThirdParty:1030 - CMSIS Pack Vendor :STMicroelectronics PDM2PCM 3.1.0
2026-04-01 20:23:37,151 [INFO] ThirdParty:1030 - CMSIS Pack Vendor :STMicroelectronics PDM2PCM 3.3.0
2026-04-01 20:23:37,151 [INFO] ThirdParty:1030 - CMSIS Pack Vendor :wolfSSL I-CUBE-wolfTPM 3.8.0
2026-04-01 20:23:37,151 [INFO] ThirdParty:1030 - CMSIS Pack Vendor :STMicroelectronics X-CUBE-AZRTOS-H7 3.4.0
2026-04-01 20:23:37,151 [INFO] ThirdParty:1030 - CMSIS Pack Vendor :STMicroelectronics X-CUBE-DISPLAY 3.0.0
2026-04-01 20:23:37,151 [INFO] ThirdParty:1030 - CMSIS Pack Vendor :wolfSSL I-CUBE-wolfSSH 1.4.20
2026-04-01 20:23:37,152 [INFO] ThirdParty:1030 - CMSIS Pack Vendor :STMicroelectronics X-CUBE-NFC7 2.0.0
2026-04-01 20:23:37,152 [INFO] ThirdParty:1030 - CMSIS Pack Vendor :STMicroelectronics FP-SNS-MOTENVWB1 1.5.0
2026-04-01 20:23:37,153 [INFO] ThirdParty:1030 - CMSIS Pack Vendor :STMicroelectronics X-CUBE-TCPP 4.2.0
2026-04-01 20:23:37,153 [INFO] ThirdParty:1030 - CMSIS Pack Vendor :RealThread X-CUBE-RT-Thread_Nano 4.1.1
2026-04-01 20:23:37,154 [INFO] ThirdParty:1030 - CMSIS Pack Vendor :STMicroelectronics FP-ATR-SIGFOX1 3.2.0
2026-04-01 20:23:37,155 [INFO] ThirdParty:1030 - CMSIS Pack Vendor :STMicroelectronics X-CUBE-NFC10 1.0.0
2026-04-01 20:23:37,155 [INFO] ThirdParty:1030 - CMSIS Pack Vendor :STMicroelectronics HAL Drivers 0.0.0
2026-04-01 20:23:37,155 [INFO] ThirdParty:1030 - CMSIS Pack Vendor :STMicroelectronics X-CUBE-FREERTOS 1.5.0
2026-04-01 20:23:37,155 [INFO] ThirdParty:1030 - CMSIS Pack Vendor :STMicroelectronics MBEDTLS 2.16.2
2026-04-01 20:23:37,156 [INFO] ThirdParty:1030 - CMSIS Pack Vendor :STMicroelectronics X-CUBE-ST60 1.1.0
2026-04-01 20:23:37,156 [INFO] ThirdParty:1030 - CMSIS Pack Vendor :STMicroelectronics X-CUBE-ALS 1.0.2
2026-04-01 20:23:37,156 [INFO] ThirdParty:1030 - CMSIS Pack Vendor :emotas I-CUBE-CANOPEN 1.3.0
2026-04-01 20:23:37,156 [INFO] ThirdParty:1030 - CMSIS Pack Vendor :STMicroelectronics MBEDTLS 2.14.1
2026-04-01 20:23:37,156 [INFO] ThirdParty:1030 - CMSIS Pack Vendor :STMicroelectronics X-CUBE-GNSS1 7.1.0
2026-04-01 20:23:37,156 [INFO] ThirdParty:1030 - CMSIS Pack Vendor :ITTIA_DB I-CUBE-ITTIADB 8.9.0
2026-04-01 20:23:37,157 [INFO] ThirdParty:1030 - CMSIS Pack Vendor :STMicroelectronics X-CUBE-TOUCHGFX 4.26.0
2026-04-01 20:23:37,157 [INFO] ThirdParty:1030 - CMSIS Pack Vendor :STMicroelectronics X-CUBE-TOUCHGFX 4.26.1
2026-04-01 20:23:37,157 [INFO] ThirdParty:1030 - CMSIS Pack Vendor :STMicroelectronics X-CUBE-NFC6 3.2.0
2026-04-01 20:23:37,157 [INFO] ThirdParty:1030 - CMSIS Pack Vendor :STMicroelectronics FP-SNS-STBOX1 2.1.0
2026-04-01 20:23:37,157 [INFO] ThirdParty:1030 - CMSIS Pack Vendor :STMicroelectronics X-CUBE-AI 10.2.0
2026-04-01 20:23:37,158 [INFO] ThirdParty:1030 - CMSIS Pack Vendor :STMicroelectronics FP-SNS-STAIOTCFT 1.0.0
2026-04-01 20:23:37,160 [INFO] ThirdParty:1030 - CMSIS Pack Vendor :STMicroelectronics ThreadX 1.0.0
2026-04-01 20:23:37,161 [INFO] ThirdParty:1030 - CMSIS Pack Vendor :STMicroelectronics FP-SNS-SMARTAG2 1.2.0
2026-04-01 20:23:37,161 [INFO] ThirdParty:1030 - CMSIS Pack Vendor :STMicroelectronics FP-SNS-FLIGHT1 5.1.0
2026-04-01 20:23:37,162 [INFO] ThirdParty:1030 - CMSIS Pack Vendor :STMicroelectronics X-CUBE-AZRTOS-WL 2.0.0
2026-04-01 20:23:37,162 [INFO] ThirdParty:1030 - CMSIS Pack Vendor :SEGGER I-CUBE-embOS 1.3.1
2026-04-01 20:23:37,162 [INFO] ThirdParty:1030 - CMSIS Pack Vendor :STMicroelectronics X-CUBE-ALGOBUILD 1.4.0
2026-04-01 20:23:37,163 [INFO] ThirdParty:1030 - CMSIS Pack Vendor :STMicroelectronics X-CUBE-DPower 1.3.0
2026-04-01 20:23:37,164 [INFO] ThirdParty:1030 - CMSIS Pack Vendor :STMicroelectronics USB_DEVICE 1.0.0
2026-04-01 20:23:37,164 [INFO] ThirdParty:1030 - CMSIS Pack Vendor :STMicroelectronics X-CUBE-AZRTOS-H7RS 1.2.0
2026-04-01 20:23:37,164 [INFO] ThirdParty:1030 - CMSIS Pack Vendor :STMicroelectronics X-CUBE-AZRTOS-L4 2.0.0
2026-04-01 20:23:37,165 [INFO] ThirdParty:1030 - CMSIS Pack Vendor :STMicroelectronics ThreadX 0.0.2
2026-04-01 20:23:37,165 [INFO] ThirdParty:1030 - CMSIS Pack Vendor :STMicroelectronics lwIP 2.1.2
2026-04-01 20:23:37,165 [INFO] ThirdParty:1030 - CMSIS Pack Vendor :STMicroelectronics X-CUBE-SFXS2LP1 4.0.0
2026-04-01 20:23:37,165 [INFO] ThirdParty:1030 - CMSIS Pack Vendor :STMicroelectronics X-CUBE-BLE2 3.3.0
2026-04-01 20:23:37,165 [INFO] ThirdParty:1030 - CMSIS Pack Vendor :Avnet-IOTCONNECT X-CUBE-iotc-st67-sdk 1.0.0
2026-04-01 20:23:37,165 [INFO] ThirdParty:1030 - CMSIS Pack Vendor :STMicroelectronics X-CUBE-TOF1 3.4.3
2026-04-01 20:23:37,165 [INFO] ThirdParty:1030 - CMSIS Pack Vendor :Infineon AIROC-Wi-Fi-Bluetooth-STM32 1.8.0
2026-04-01 20:23:37,165 [INFO] ThirdParty:1030 - CMSIS Pack Vendor :STMicroelectronics PDM2PCM 3.2.0
2026-04-01 20:23:37,165 [INFO] ThirdParty:1030 - CMSIS Pack Vendor :STMicroelectronics X-CUBE-ST67W61 1.2.0
2026-04-01 20:23:37,165 [INFO] ThirdParty:841 - exiting critical section [change project]
2026-04-01 20:23:37,344 [INFO] PinOutPanel:1589 - setPackage(No Configuration,No Configuration)
2026-04-01 20:23:37,346 [INFO] PinOutPanel:1589 - setPackage(STM32F103C6Tx,LQFP48)
2026-04-01 20:23:37,880 [INFO] UtilMem:75 - Before build in PCC Used Memory: 679181664 Bytes (1073741824)
2026-04-01 20:23:38,485 [INFO] UtilMem:75 - After build in PCC Used Memory: 723743200 Bytes (1073741824)
2026-04-01 20:23:38,515 [INFO] IPUIPlugin:80 - create IPUIPlugin
2026-04-01 20:23:38,516 [INFO] IPUIPlugin:80 - create IPUIPlugin
2026-04-01 20:23:38,516 [INFO] IPUIPlugin:80 - create IPUIPlugin
2026-04-01 20:23:38,517 [INFO] IPUIPlugin:80 - create IPUIPlugin
2026-04-01 20:23:38,517 [INFO] IPUIPlugin:80 - create IPUIPlugin
2026-04-01 20:23:38,517 [INFO] IPUIPlugin:80 - create IPUIPlugin
2026-04-01 20:23:38,518 [INFO] IPUIPlugin:80 - create IPUIPlugin
2026-04-01 20:23:38,518 [INFO] IPUIPlugin:80 - create IPUIPlugin
2026-04-01 20:23:38,518 [INFO] IPUIPlugin:80 - create IPUIPlugin
2026-04-01 20:23:38,518 [INFO] IPUIPlugin:80 - create IPUIPlugin
2026-04-01 20:23:38,519 [INFO] IPUIPlugin:80 - create IPUIPlugin
2026-04-01 20:23:38,519 [INFO] IPUIPlugin:80 - create IPUIPlugin
2026-04-01 20:23:38,519 [INFO] IPUIPlugin:80 - create IPUIPlugin
2026-04-01 20:23:38,520 [INFO] IPUIPlugin:80 - create IPUIPlugin
2026-04-01 20:23:38,521 [INFO] IPUIPlugin:80 - create IPUIPlugin
2026-04-01 20:23:38,522 [INFO] IPUIPlugin:80 - create IPUIPlugin
2026-04-01 20:23:38,523 [INFO] IPUIPlugin:80 - create IPUIPlugin
2026-04-01 20:23:38,523 [INFO] IPUIPlugin:80 - create IPUIPlugin
2026-04-01 20:23:38,524 [INFO] IPUIPlugin:80 - create IPUIPlugin
2026-04-01 20:23:38,524 [INFO] IPUIPlugin:80 - create IPUIPlugin
2026-04-01 20:23:38,525 [INFO] IPUIPlugin:80 - create IPUIPlugin
2026-04-01 20:23:38,525 [INFO] IPUIPlugin:80 - create IPUIPlugin
2026-04-01 20:23:38,526 [INFO] IPUIPlugin:80 - create IPUIPlugin
2026-04-01 20:23:38,600 [INFO] CADModel:165 - CPN selected for project levelSTM32F103C6T6A
2026-04-01 20:23:38,601 [INFO] CADModel:114 - Register for checkConnection events
2026-04-01 20:23:38,681 [INFO] OpenFileManager:386 - Restore cursor
2026-04-01 20:23:43,130 [INFO] WebApp:194 - Connection lost
2026-04-01 20:23:43,566 [INFO] WebApp:191 - Connection restablished
2026-04-01 20:23:52,310 [INFO] MainUpdater:2872 - connection check result : 10
2026-04-01 20:23:52,310 [INFO] MainUpdater:2872 - connection check result : 10
2026-04-01 20:23:52,391 [INFO] MicroXplorer:468 - Change Database Path : 
2026-04-01 20:23:52,394 [INFO] MicroXplorer:498 - Change Database Version : DB.6.0.150
2026-04-01 20:23:52,432 [ERROR] ProjectManagerView:395 - 
java.lang.NullPointerException: Cannot invoke "javax.swing.JTextField.getText()" because the return value of "java.util.List.get(int)" is null
	at com.st.microxplorer.plugins.projectmanager.gui.ProjectChoiceTab$9.caretUpdate(ProjectChoiceTab.java:2706) ~[filemanager.jar:?]
	at javax.swing.text.JTextComponent.fireCaretUpdate(JTextComponent.java:408) ~[?:?]
	at javax.swing.text.JTextComponent$MutableCaretEvent.fire(JTextComponent.java:4484) ~[?:?]
	at javax.swing.text.JTextComponent$MutableCaretEvent.stateChanged(JTextComponent.java:4506) ~[?:?]
	at javax.swing.text.DefaultCaret.fireStateChanged(DefaultCaret.java:857) ~[?:?]
	at javax.swing.text.DefaultCaret.changeCaretPosition(DefaultCaret.java:1343) ~[?:?]
	at javax.swing.text.DefaultCaret.handleSetDot(DefaultCaret.java:1242) ~[?:?]
	at javax.swing.text.DefaultCaret.setDot(DefaultCaret.java:1223) ~[?:?]
	at javax.swing.text.DefaultCaret$Handler.insertUpdate(DefaultCaret.java:1819) ~[?:?]
	at javax.swing.text.AbstractDocument.fireInsertUpdate(AbstractDocument.java:227) ~[?:?]
	at javax.swing.text.AbstractDocument.handleInsertString(AbstractDocument.java:781) ~[?:?]
	at javax.swing.text.AbstractDocument.insertString(AbstractDocument.java:740) ~[?:?]
	at javax.swing.text.PlainDocument.insertString(PlainDocument.java:131) ~[?:?]
	at javax.swing.text.AbstractDocument.replace(AbstractDocument.java:699) ~[?:?]
	at javax.swing.text.JTextComponent.setText(JTextComponent.java:1725) ~[?:?]
	at com.st.microxplorer.plugins.projectmanager.gui.ProjectChoiceTab.createHeapStackFields(ProjectChoiceTab.java:993) ~[filemanager.jar:?]
	at com.st.microxplorer.plugins.projectmanager.gui.ProjectChoiceTab.buildLinkSettingsPanel(ProjectChoiceTab.java:3813) ~[filemanager.jar:?]
	at com.st.microxplorer.plugins.projectmanager.gui.ProjectChoiceTab.defineWindowsFields(ProjectChoiceTab.java:1987) ~[filemanager.jar:?]
	at com.st.microxplorer.plugins.projectmanager.gui.ProjectChoiceTab.updateSettings(ProjectChoiceTab.java:558) ~[filemanager.jar:?]
	at com.st.microxplorer.plugins.projectmanager.gui.ProjectSettingsPanel.UpdateDialog(ProjectSettingsPanel.java:247) ~[filemanager.jar:?]
	at com.st.microxplorer.plugins.projectmanager.ProjectManagerView.propertyChange(ProjectManagerView.java:392) ~[filemanager.jar:?]
	at java.beans.PropertyChangeSupport.fire(PropertyChangeSupport.java:343) ~[?:?]
	at java.beans.PropertyChangeSupport.firePropertyChange(PropertyChangeSupport.java:335) ~[?:?]
	at java.beans.PropertyChangeSupport.firePropertyChange(PropertyChangeSupport.java:268) ~[?:?]
	at com.st.microxplorer.util.MXPropertyChangeSupport.firePropertyChange(MXPropertyChangeSupport.java:54) ~[STM32CubeMX.jar:?]
	at com.st.microxplorer.mxsystem.MxSystem.closeConfig(MxSystem.java:899) ~[STM32CubeMX.jar:?]
	at com.st.microxplorer.maingui.MainPanel.closeConfig(MainPanel.java:792) ~[STM32CubeMX.jar:?]
	at com.st.microxplorer.plugins.filemanager.engine.OpenFileManager.loadConfigurationFile(OpenFileManager.java:288) ~[filemanager.jar:?]
	at com.st.microxplorer.plugins.filemanager.engine.MainFileManager.userLoadConfig(MainFileManager.java:364) ~[filemanager.jar:?]
	at com.st.microxplorer.plugins.filemanager.engine.MainFileManager.userLoadConfig(MainFileManager.java:342) ~[filemanager.jar:?]
	at com.st.microxplorer.plugins.filemanager.FileManagerView.getSpecificTask(FileManagerView.java:264) ~[filemanager.jar:?]
	at com.st.stm32cube.common.mx.editor.CubeMxEditor.getMxTabbedPaneInstance(CubeMxEditor.java:1198) ~[com.st.stm32cube.common.mx_6.15.0.202507011659/:?]
	at com.st.stm32cube.common.mx.editor.CubeMxEditor$12$1.createSwingComponent(CubeMxEditor.java:1068) ~[com.st.stm32cube.common.mx_6.15.0.202507011659/:?]
	at com.st.stm32cube.common.mx.oss.core.awtswtbridge.EmbeddedSwingComposite.doComponentCreation(EmbeddedSwingComposite.java:492) ~[com.st.stm32cube.common.mx.oss_6.15.0.202507011659/:?]
	at com.st.stm32cube.common.mx.oss.core.awtswtbridge.EmbeddedSwingComposite$4.run(EmbeddedSwingComposite.java:291) ~[com.st.stm32cube.common.mx.oss_6.15.0.202507011659/:?]
	at com.st.stm32cube.common.mx.oss.core.awtswtbridge.AwtEnvironment$2.run(AwtEnvironment.java:166) ~[com.st.stm32cube.common.mx.oss_6.15.0.202507011659/:?]
	at java.awt.event.InvocationEvent.dispatch(InvocationEvent.java:318) ~[?:?]
	at java.awt.EventQueue.dispatchEventImpl(EventQueue.java:773) ~[?:?]
	at java.awt.EventQueue$4.run(EventQueue.java:720) ~[?:?]
	at java.awt.EventQueue$4.run(EventQueue.java:714) ~[?:?]
	at java.security.AccessController.doPrivileged(AccessController.java:400) ~[?:?]
	at java.security.ProtectionDomain$JavaSecurityAccessImpl.doIntersectionPrivilege(ProtectionDomain.java:87) ~[?:?]
	at java.awt.EventQueue.dispatchEvent(EventQueue.java:742) ~[?:?]
	at java.awt.EventDispatchThread.pumpOneEventForFilters(EventDispatchThread.java:203) ~[?:?]
	at java.awt.EventDispatchThread.pumpEventsForFilter(EventDispatchThread.java:124) ~[?:?]
	at java.awt.EventDispatchThread.pumpEventsForHierarchy(EventDispatchThread.java:113) ~[?:?]
	at java.awt.EventDispatchThread.pumpEvents(EventDispatchThread.java:109) ~[?:?]
	at java.awt.EventDispatchThread.pumpEvents(EventDispatchThread.java:101) ~[?:?]
	at java.awt.EventDispatchThread.run(EventDispatchThread.java:90) ~[?:?]
2026-04-01 20:23:52,438 [WARN] ThirdParty:871 - waiting for thirdparty lock release [close project]
2026-04-01 20:23:52,438 [INFO] ThirdParty:873 - entering critical section [close project]
2026-04-01 20:23:52,438 [INFO] ThirdParty:883 - exiting critical section [close project]
2026-04-01 20:23:52,440 [INFO] PinOutPanel:1589 - setPackage(No Configuration,No Configuration)
2026-04-01 20:23:52,446 [INFO] UtilMem:75 - Begin LoadConfig() Used Memory: 814973208 Bytes (1073741824)
2026-04-01 20:23:52,448 [INFO] MicroXplorer:468 - Change Database Path : 
2026-04-01 20:23:52,449 [INFO] MicroXplorer:498 - Change Database Version : DB.6.0.150
2026-04-01 20:23:52,450 [INFO] OpenFileManager:355 - Change cursor
2026-04-01 20:23:52,464 [INFO] Mcu:2029 - Initializing MCU STM32F103C(4-6)Tx STM32F103C6Tx STM32F103C6T6A
2026-04-01 20:23:53,059 [INFO] Context:786 - Trying to add GPIOservice into a context  which must be forbidden
2026-04-01 20:23:53,235 [INFO] ImportTextPane:234 - (OptionalMessage_ERROR) Pin0 (VP_RIF_VS_RIF1) cannot be retrieved for this MCU
2026-04-01 20:23:53,324 [INFO] RtosManager:558 - Registered RTOS mode: class=CMSIS, group=RTOS, mode=CMSIS_V1, owner=FREERTOS
2026-04-01 20:23:53,324 [INFO] RtosManager:558 - Registered RTOS mode: class=CMSIS, group=RTOS2, mode=CMSIS_V2, owner=FREERTOS
2026-04-01 20:23:53,324 [INFO] RtosManager:558 - Registered RTOS mode: class=RTOS, group=Core, mode=CMSIS_V1, owner=FREERTOS
2026-04-01 20:23:53,324 [INFO] RtosManager:558 - Registered RTOS mode: class=RTOS, group=Core, mode=CMSIS_V2, owner=FREERTOS
2026-04-01 20:23:53,325 [WARN] ModelIntegratedComponent:184 - Missing modes for component STMicroelectronics:FreeRTOS:0.0.1:STMicroelectronics:RTOS:FreeRTOS:Core:::10.2.0:
2026-04-01 20:23:53,336 [WARN] ModelIntegratedComponent:63 - No mode defined for component null
2026-04-01 20:23:53,336 [WARN] ModelIntegratedComponent:63 - No mode defined for component null
2026-04-01 20:23:53,336 [WARN] ModelIntegratedComponent:63 - No mode defined for component null
2026-04-01 20:23:53,336 [WARN] ModelIntegratedComponent:63 - No mode defined for component null
2026-04-01 20:23:53,336 [WARN] ModelIntegratedComponent:63 - No mode defined for component null
2026-04-01 20:23:53,336 [WARN] ModelIntegratedComponent:63 - No mode defined for component null
2026-04-01 20:23:53,336 [WARN] ModelIntegratedComponent:63 - No mode defined for component null
2026-04-01 20:23:53,336 [WARN] ModelIntegratedComponent:63 - No mode defined for component null
2026-04-01 20:23:53,336 [WARN] ModelIntegratedComponent:63 - No mode defined for component null
2026-04-01 20:23:53,336 [WARN] ModelIntegratedComponent:63 - No mode defined for component null
2026-04-01 20:23:53,336 [WARN] ModelIntegratedComponent:63 - No mode defined for component null
2026-04-01 20:23:53,336 [WARN] ModelIntegratedComponent:63 - No mode defined for component null
2026-04-01 20:23:53,336 [WARN] ModelIntegratedComponent:63 - No mode defined for component null
2026-04-01 20:23:53,336 [WARN] ModelIntegratedComponent:63 - No mode defined for component null
2026-04-01 20:23:53,336 [WARN] ModelIntegratedComponent:63 - No mode defined for component null
2026-04-01 20:23:53,336 [WARN] ModelIntegratedComponent:63 - No mode defined for component null
2026-04-01 20:23:53,336 [WARN] ModelIntegratedComponent:63 - No mode defined for component null
2026-04-01 20:23:53,336 [WARN] ModelIntegratedComponent:63 - No mode defined for component null
2026-04-01 20:23:53,336 [WARN] ModelIntegratedComponent:63 - No mode defined for component null
2026-04-01 20:23:53,336 [WARN] ModelIntegratedComponent:63 - No mode defined for component null
2026-04-01 20:23:53,337 [WARN] ModelIntegratedComponent:63 - No mode defined for component null
2026-04-01 20:23:53,337 [WARN] ModelIntegratedComponent:63 - No mode defined for component null
2026-04-01 20:23:53,337 [WARN] ModelIntegratedComponent:63 - No mode defined for component null
2026-04-01 20:23:53,337 [WARN] ModelIntegratedComponent:63 - No mode defined for component null
2026-04-01 20:23:53,337 [WARN] ModelIntegratedComponent:63 - No mode defined for component null
2026-04-01 20:23:53,337 [WARN] ModelIntegratedComponent:63 - No mode defined for component null
2026-04-01 20:23:53,337 [WARN] ModelIntegratedComponent:63 - No mode defined for component null
2026-04-01 20:23:53,337 [WARN] ModelIntegratedComponent:63 - No mode defined for component null
2026-04-01 20:23:53,337 [WARN] ModelIntegratedComponent:63 - No mode defined for component null
2026-04-01 20:23:53,337 [WARN] ModelIntegratedComponent:63 - No mode defined for component null
2026-04-01 20:23:53,337 [WARN] ModelIntegratedComponent:63 - No mode defined for component null
2026-04-01 20:23:53,337 [WARN] ModelIntegratedComponent:63 - No mode defined for component null
2026-04-01 20:23:53,337 [WARN] ModelIntegratedComponent:63 - No mode defined for component null
2026-04-01 20:23:53,337 [WARN] ModelIntegratedComponent:63 - No mode defined for component null
2026-04-01 20:23:53,338 [WARN] ModelIntegratedComponent:63 - No mode defined for component null
2026-04-01 20:23:53,338 [WARN] ModelPack:524 - Component already loaded: STMicroelectronics:HAL Drivers:0.0.0:STMicroelectronics:Device:STMicro_Driver:XSPI:HAL::0.0.1:HAL_XSPI
2026-04-01 20:23:53,360 [INFO] ThirdPartyModel:298 - Start build external matchings
2026-04-01 20:23:53,972 [INFO] ThirdPartyModel:316 - End build external matchings
2026-04-01 20:23:54,146 [INFO] UtilMem:75 - End LoadConfig() Used Memory: 695990880 Bytes (1073741824)
2026-04-01 20:23:54,193 [WARN] ThirdParty:833 - waiting for thirdparty lock release [change project]
2026-04-01 20:23:54,193 [INFO] ThirdParty:835 - entering critical section [change project]
2026-04-01 20:23:54,193 [INFO] ThirdParty:1030 - CMSIS Pack Vendor :STMicroelectronics X-CUBE-AZRTOS-H7 3.5.0
2026-04-01 20:23:54,193 [INFO] ThirdParty:1030 - CMSIS Pack Vendor :STMicroelectronics X-CUBE-PM33A1 1.0.0
2026-04-01 20:23:54,193 [INFO] ThirdParty:1030 - CMSIS Pack Vendor :STMicroelectronics USBPD 4.1
2026-04-01 20:23:54,193 [INFO] ThirdParty:1030 - CMSIS Pack Vendor :STMicroelectronics X-CUBE-NFC9 1.0.0
2026-04-01 20:23:54,193 [INFO] ThirdParty:1030 - CMSIS Pack Vendor :STMicroelectronics USB_HOST 2.0.0
2026-04-01 20:23:54,193 [INFO] ThirdParty:1030 - CMSIS Pack Vendor :STMicroelectronics FP-SNS-MOTENVWB1 1.4.0
2026-04-01 20:23:54,193 [INFO] ThirdParty:1030 - CMSIS Pack Vendor :STMicroelectronics X-CUBE-AZRTOS-F4 1.1.0
2026-04-01 20:23:54,193 [INFO] ThirdParty:1030 - CMSIS Pack Vendor :STMicroelectronics LIBJPEG 8.0.0
2026-04-01 20:23:54,193 [INFO] ThirdParty:1030 - CMSIS Pack Vendor :STMicroelectronics FP-ATR-ASTRA1 2.0.2
2026-04-01 20:23:54,193 [INFO] ThirdParty:1030 - CMSIS Pack Vendor :STMicroelectronics X-CUBE-BLE1 7.1.0
2026-04-01 20:23:54,193 [INFO] ThirdParty:1030 - CMSIS Pack Vendor :STMicroelectronics X-CUBE-SMBUS 2.1.0
2026-04-01 20:23:54,194 [INFO] ThirdParty:1030 - CMSIS Pack Vendor :wolfSSL I-CUBE-wolfMQTT 1.19.2
2026-04-01 20:23:54,194 [INFO] ThirdParty:1030 - CMSIS Pack Vendor :STMicroelectronics USB_DEVICE 3.0.0
2026-04-01 20:23:54,194 [INFO] ThirdParty:1030 - CMSIS Pack Vendor :STMicroelectronics X-CUBE-ISPU 2.1.0
2026-04-01 20:23:54,194 [INFO] ThirdParty:1030 - CMSIS Pack Vendor :STMicroelectronics X-CUBE-FREERTOS 1.4.0
2026-04-01 20:23:54,194 [INFO] ThirdParty:1030 - CMSIS Pack Vendor :STMicroelectronics X-CUBE-EEPRMA1 5.2.0
2026-04-01 20:23:54,194 [INFO] ThirdParty:1030 - CMSIS Pack Vendor :STMicroelectronics X-CUBE-IPS 3.2.0
2026-04-01 20:23:54,194 [INFO] ThirdParty:1030 - CMSIS Pack Vendor :STMicroelectronics X-CUBE-BLEMGR 4.1.0
2026-04-01 20:23:54,194 [INFO] ThirdParty:1030 - CMSIS Pack Vendor :STMicroelectronics X-CUBE-AZRTOS-WB 2.0.0
2026-04-01 20:23:54,194 [INFO] ThirdParty:1030 - CMSIS Pack Vendor :wolfSSL I-CUBE-wolfSSL 5.8.4
2026-04-01 20:23:54,194 [INFO] ThirdParty:1030 - CMSIS Pack Vendor :Cesanta I-CUBE-Mongoose 7.20.0
2026-04-01 20:23:54,194 [INFO] ThirdParty:1030 - CMSIS Pack Vendor :STMicroelectronics X-CUBE-NFC12 1.0.0
2026-04-01 20:23:54,194 [INFO] ThirdParty:1030 - CMSIS Pack Vendor :STMicroelectronics X-CUBE-AZRTOS-F7 1.1.0
2026-04-01 20:23:54,194 [INFO] ThirdParty:1030 - CMSIS Pack Vendor :STMicroelectronics X-CUBE-AZRTOS-L5 2.0.0
2026-04-01 20:23:54,194 [INFO] ThirdParty:1030 - CMSIS Pack Vendor :STMicroelectronics USB_DEVICE 2.0.0
2026-04-01 20:23:54,194 [INFO] ThirdParty:1030 - CMSIS Pack Vendor :quantropi X-CUBE-qispace-sdk-base 2.1.0
2026-04-01 20:23:54,194 [INFO] ThirdParty:1030 - CMSIS Pack Vendor :STMicroelectronics X-CUBE-MEMS1 12.0.0
2026-04-01 20:23:54,194 [INFO] ThirdParty:1030 - CMSIS Pack Vendor :STMicroelectronics X-CUBE-STSE01 2.0.0
2026-04-01 20:23:54,194 [INFO] ThirdParty:1030 - CMSIS Pack Vendor :STMicroelectronics FP-SNS-MOTENV1 5.1.0
2026-04-01 20:23:54,195 [INFO] ThirdParty:1030 - CMSIS Pack Vendor :STMicroelectronics FreeRTOS 0.0.1
2026-04-01 20:23:54,195 [INFO] ThirdParty:1030 - CMSIS Pack Vendor :STMicroelectronics X-CUBE-AZRTOS-G0 1.1.0
2026-04-01 20:23:54,195 [INFO] ThirdParty:1030 - CMSIS Pack Vendor :STMicroelectronics X-CUBE-NFC4 3.0.0
2026-04-01 20:23:54,195 [INFO] ThirdParty:1030 - CMSIS Pack Vendor :STMicroelectronics X-CUBE-SUBG2 5.0.0
2026-04-01 20:23:54,195 [INFO] ThirdParty:1030 - CMSIS Pack Vendor :STMicroelectronics STM32_WPAN 1.0.0
2026-04-01 20:23:54,196 [INFO] ThirdParty:1030 - CMSIS Pack Vendor :EmbeddedOffice I-CUBE-FS-RTOS 1.0.1
2026-04-01 20:23:54,197 [INFO] ThirdParty:1030 - CMSIS Pack Vendor :STMicroelectronics lwIP 2.0.3
2026-04-01 20:23:54,205 [INFO] ThirdParty:1030 - CMSIS Pack Vendor :WES I-CUBE-Cesium 1.4.0
2026-04-01 20:23:54,205 [INFO] ThirdParty:1030 - CMSIS Pack Vendor :STMicroelectronics USB_HOST 1.0.0
2026-04-01 20:23:54,205 [INFO] ThirdParty:1030 - CMSIS Pack Vendor :STMicroelectronics X-CUBE-AZRTOS-G4 2.0.0
2026-04-01 20:23:54,205 [INFO] ThirdParty:1030 - CMSIS Pack Vendor :STMicroelectronics X-CUBE-WB05N 2.0.0
2026-04-01 20:23:54,206 [INFO] ThirdParty:1030 - CMSIS Pack Vendor :STMicroelectronics PDM2PCM 3.1.0
2026-04-01 20:23:54,206 [INFO] ThirdParty:1030 - CMSIS Pack Vendor :STMicroelectronics PDM2PCM 3.3.0
2026-04-01 20:23:54,206 [INFO] ThirdParty:1030 - CMSIS Pack Vendor :wolfSSL I-CUBE-wolfTPM 3.8.0
2026-04-01 20:23:54,206 [INFO] ThirdParty:1030 - CMSIS Pack Vendor :STMicroelectronics X-CUBE-AZRTOS-H7 3.4.0
2026-04-01 20:23:54,206 [INFO] ThirdParty:1030 - CMSIS Pack Vendor :STMicroelectronics X-CUBE-DISPLAY 3.0.0
2026-04-01 20:23:54,206 [INFO] ThirdParty:1030 - CMSIS Pack Vendor :wolfSSL I-CUBE-wolfSSH 1.4.20
2026-04-01 20:23:54,206 [INFO] ThirdParty:1030 - CMSIS Pack Vendor :STMicroelectronics X-CUBE-NFC7 2.0.0
2026-04-01 20:23:54,206 [INFO] ThirdParty:1030 - CMSIS Pack Vendor :STMicroelectronics FP-SNS-MOTENVWB1 1.5.0
2026-04-01 20:23:54,206 [INFO] ThirdParty:1030 - CMSIS Pack Vendor :STMicroelectronics X-CUBE-TCPP 4.2.0
2026-04-01 20:23:54,206 [INFO] ThirdParty:1030 - CMSIS Pack Vendor :RealThread X-CUBE-RT-Thread_Nano 4.1.1
2026-04-01 20:23:54,206 [INFO] ThirdParty:1030 - CMSIS Pack Vendor :STMicroelectronics FP-ATR-SIGFOX1 3.2.0
2026-04-01 20:23:54,206 [INFO] ThirdParty:1030 - CMSIS Pack Vendor :STMicroelectronics X-CUBE-NFC10 1.0.0
2026-04-01 20:23:54,207 [INFO] ThirdParty:1030 - CMSIS Pack Vendor :STMicroelectronics HAL Drivers 0.0.0
2026-04-01 20:23:54,207 [INFO] ThirdParty:1030 - CMSIS Pack Vendor :STMicroelectronics X-CUBE-FREERTOS 1.5.0
2026-04-01 20:23:54,207 [INFO] ThirdParty:1030 - CMSIS Pack Vendor :STMicroelectronics MBEDTLS 2.16.2
2026-04-01 20:23:54,207 [INFO] ThirdParty:1030 - CMSIS Pack Vendor :STMicroelectronics X-CUBE-ST60 1.1.0
2026-04-01 20:23:54,207 [INFO] ThirdParty:1030 - CMSIS Pack Vendor :STMicroelectronics X-CUBE-ALS 1.0.2
2026-04-01 20:23:54,207 [INFO] ThirdParty:1030 - CMSIS Pack Vendor :emotas I-CUBE-CANOPEN 1.3.0
2026-04-01 20:23:54,207 [INFO] ThirdParty:1030 - CMSIS Pack Vendor :STMicroelectronics MBEDTLS 2.14.1
2026-04-01 20:23:54,207 [INFO] ThirdParty:1030 - CMSIS Pack Vendor :STMicroelectronics X-CUBE-GNSS1 7.1.0
2026-04-01 20:23:54,209 [INFO] ThirdParty:1030 - CMSIS Pack Vendor :ITTIA_DB I-CUBE-ITTIADB 8.9.0
2026-04-01 20:23:54,209 [INFO] ThirdParty:1030 - CMSIS Pack Vendor :STMicroelectronics X-CUBE-TOUCHGFX 4.26.0
2026-04-01 20:23:54,209 [INFO] ThirdParty:1030 - CMSIS Pack Vendor :STMicroelectronics X-CUBE-TOUCHGFX 4.26.1
2026-04-01 20:23:54,209 [INFO] ThirdParty:1030 - CMSIS Pack Vendor :STMicroelectronics X-CUBE-NFC6 3.2.0
2026-04-01 20:23:54,209 [INFO] ThirdParty:1030 - CMSIS Pack Vendor :STMicroelectronics FP-SNS-STBOX1 2.1.0
2026-04-01 20:23:54,209 [INFO] ThirdParty:1030 - CMSIS Pack Vendor :STMicroelectronics X-CUBE-AI 10.2.0
2026-04-01 20:23:54,209 [INFO] ThirdParty:1030 - CMSIS Pack Vendor :STMicroelectronics FP-SNS-STAIOTCFT 1.0.0
2026-04-01 20:23:54,210 [INFO] ThirdParty:1030 - CMSIS Pack Vendor :STMicroelectronics ThreadX 1.0.0
2026-04-01 20:23:54,210 [INFO] ThirdParty:1030 - CMSIS Pack Vendor :STMicroelectronics FP-SNS-SMARTAG2 1.2.0
2026-04-01 20:23:54,210 [INFO] ThirdParty:1030 - CMSIS Pack Vendor :STMicroelectronics FP-SNS-FLIGHT1 5.1.0
2026-04-01 20:23:54,210 [INFO] ThirdParty:1030 - CMSIS Pack Vendor :STMicroelectronics X-CUBE-AZRTOS-WL 2.0.0
2026-04-01 20:23:54,210 [INFO] ThirdParty:1030 - CMSIS Pack Vendor :SEGGER I-CUBE-embOS 1.3.1
2026-04-01 20:23:54,210 [INFO] ThirdParty:1030 - CMSIS Pack Vendor :STMicroelectronics X-CUBE-ALGOBUILD 1.4.0
2026-04-01 20:23:54,210 [INFO] ThirdParty:1030 - CMSIS Pack Vendor :STMicroelectronics X-CUBE-DPower 1.3.0
2026-04-01 20:23:54,210 [INFO] ThirdParty:1030 - CMSIS Pack Vendor :STMicroelectronics USB_DEVICE 1.0.0
2026-04-01 20:23:54,210 [INFO] ThirdParty:1030 - CMSIS Pack Vendor :STMicroelectronics X-CUBE-AZRTOS-H7RS 1.2.0
2026-04-01 20:23:54,210 [INFO] ThirdParty:1030 - CMSIS Pack Vendor :STMicroelectronics X-CUBE-AZRTOS-L4 2.0.0
2026-04-01 20:23:54,210 [INFO] ThirdParty:1030 - CMSIS Pack Vendor :STMicroelectronics ThreadX 0.0.2
2026-04-01 20:23:54,210 [INFO] ThirdParty:1030 - CMSIS Pack Vendor :STMicroelectronics lwIP 2.1.2
2026-04-01 20:23:54,210 [INFO] ThirdParty:1030 - CMSIS Pack Vendor :STMicroelectronics X-CUBE-SFXS2LP1 4.0.0
2026-04-01 20:23:54,211 [INFO] ThirdParty:1030 - CMSIS Pack Vendor :STMicroelectronics X-CUBE-BLE2 3.3.0
2026-04-01 20:23:54,211 [INFO] ThirdParty:1030 - CMSIS Pack Vendor :Avnet-IOTCONNECT X-CUBE-iotc-st67-sdk 1.0.0
2026-04-01 20:23:54,211 [INFO] ThirdParty:1030 - CMSIS Pack Vendor :STMicroelectronics X-CUBE-TOF1 3.4.3
2026-04-01 20:23:54,211 [INFO] ThirdParty:1030 - CMSIS Pack Vendor :Infineon AIROC-Wi-Fi-Bluetooth-STM32 1.8.0
2026-04-01 20:23:54,211 [INFO] ThirdParty:1030 - CMSIS Pack Vendor :STMicroelectronics PDM2PCM 3.2.0
2026-04-01 20:23:54,211 [INFO] ThirdParty:1030 - CMSIS Pack Vendor :STMicroelectronics X-CUBE-ST67W61 1.2.0
2026-04-01 20:23:54,211 [INFO] ThirdParty:841 - exiting critical section [change project]
2026-04-01 20:23:54,341 [INFO] PinOutPanel:1589 - setPackage(No Configuration,No Configuration)
2026-04-01 20:23:54,342 [INFO] PinOutPanel:1589 - setPackage(STM32F103C6Tx,LQFP48)
2026-04-01 20:23:54,556 [INFO] UtilMem:75 - Before build in PCC Used Memory: 769306720 Bytes (1073741824)
2026-04-01 20:23:54,850 [INFO] UtilMem:75 - After build in PCC Used Memory: 811249760 Bytes (1073741824)
2026-04-01 20:23:54,870 [INFO] IPUIPlugin:80 - create IPUIPlugin
2026-04-01 20:23:54,871 [INFO] IPUIPlugin:80 - create IPUIPlugin
2026-04-01 20:23:54,871 [INFO] IPUIPlugin:80 - create IPUIPlugin
2026-04-01 20:23:54,871 [INFO] IPUIPlugin:80 - create IPUIPlugin
2026-04-01 20:23:54,871 [INFO] IPUIPlugin:80 - create IPUIPlugin
2026-04-01 20:23:54,871 [INFO] IPUIPlugin:80 - create IPUIPlugin
2026-04-01 20:23:54,871 [INFO] IPUIPlugin:80 - create IPUIPlugin
2026-04-01 20:23:54,871 [INFO] IPUIPlugin:80 - create IPUIPlugin
2026-04-01 20:23:54,871 [INFO] IPUIPlugin:80 - create IPUIPlugin
2026-04-01 20:23:54,871 [INFO] IPUIPlugin:80 - create IPUIPlugin
2026-04-01 20:23:54,872 [INFO] IPUIPlugin:80 - create IPUIPlugin
2026-04-01 20:23:54,872 [INFO] IPUIPlugin:80 - create IPUIPlugin
2026-04-01 20:23:54,872 [INFO] IPUIPlugin:80 - create IPUIPlugin
2026-04-01 20:23:54,872 [INFO] IPUIPlugin:80 - create IPUIPlugin
2026-04-01 20:23:54,872 [INFO] IPUIPlugin:80 - create IPUIPlugin
2026-04-01 20:23:54,872 [INFO] IPUIPlugin:80 - create IPUIPlugin
2026-04-01 20:23:54,872 [INFO] IPUIPlugin:80 - create IPUIPlugin
2026-04-01 20:23:54,873 [INFO] IPUIPlugin:80 - create IPUIPlugin
2026-04-01 20:23:54,873 [INFO] IPUIPlugin:80 - create IPUIPlugin
2026-04-01 20:23:54,873 [INFO] IPUIPlugin:80 - create IPUIPlugin
2026-04-01 20:23:54,873 [INFO] IPUIPlugin:80 - create IPUIPlugin
2026-04-01 20:23:54,874 [INFO] IPUIPlugin:80 - create IPUIPlugin
2026-04-01 20:23:54,874 [INFO] IPUIPlugin:80 - create IPUIPlugin
2026-04-01 20:23:54,916 [INFO] CADModel:165 - CPN selected for project levelSTM32F103C6T6A
2026-04-01 20:23:54,916 [INFO] CADModel:114 - Register for checkConnection events
2026-04-01 20:23:54,970 [INFO] OpenFileManager:386 - Restore cursor
2026-04-01 20:24:30,038 [INFO] ADCParametersView:116 -                Rank 1 : false
2026-04-01 20:24:30,094 [INFO] ADCParametersView:116 -                Rank 1 : false
2026-04-01 20:24:30,094 [INFO] ADCParametersView:116 -                Rank 1 : false
2026-04-01 20:24:30,094 [INFO] ADCParametersView:116 -                Rank 1 : false
2026-04-01 20:24:30,096 [INFO] ADCParametersView:116 -                Rank 1 : false
2026-04-01 20:24:30,096 [INFO] ADCParametersView:116 -                Rank 1 : false
2026-04-01 20:24:30,096 [INFO] ADCParametersView:116 -                Rank 1 : false
2026-04-01 20:24:30,096 [INFO] ADCParametersView:116 -                Rank 1 : false
2026-04-01 20:24:30,096 [INFO] ADCParametersView:116 -                Rank 1 : false
2026-04-01 20:24:30,096 [INFO] ADCParametersView:116 -                Rank 1 : false
2026-04-01 20:24:30,096 [INFO] ADCParametersView:116 -                Rank 1 : false
2026-04-01 20:24:30,102 [INFO] ADCParametersView:116 -                Rank 1 : false
2026-04-01 20:24:30,158 [INFO] NvicIntPanel:101 - NVIC parent = com.st.microxplorer.plugins.ip.nvic.MultiNvicIntPanel[,0,0,0x0,invalid,layout=javax.swing.BoxLayout,alignmentX=0.0,alignmentY=0.0,border=,flags=9,maximumSize=,minimumSize=,preferredSize=]
2026-04-01 20:24:30,212 [INFO] NvicIntPanel:101 - NVIC parent = com.st.microxplorer.plugins.ip.nvic.MultiNvicIntPanel[,0,0,0x0,invalid,layout=javax.swing.BoxLayout,alignmentX=0.0,alignmentY=0.0,border=,flags=9,maximumSize=,minimumSize=,preferredSize=]
2026-04-01 20:24:30,314 [INFO] NvicIntPanel:101 - NVIC parent = com.st.microxplorer.plugins.ip.nvic.MultiNvicIntPanel[,0,0,0x0,invalid,layout=javax.swing.BoxLayout,alignmentX=0.0,alignmentY=0.0,border=,flags=9,maximumSize=,minimumSize=,preferredSize=]
2026-04-01 20:24:30,363 [INFO] ADCParametersView:116 -                Rank 1 : false
2026-04-01 20:24:30,363 [INFO] ADCParametersView:116 -                Rank 1 : false
2026-04-01 20:24:30,363 [INFO] ADCParametersView:116 -                Rank 1 : false
2026-04-01 20:24:30,363 [INFO] ADCParametersView:116 -                Rank 1 : false
2026-04-01 20:24:30,363 [INFO] ADCParametersView:116 -                Rank 1 : false
2026-04-01 20:24:30,363 [INFO] ADCParametersView:116 -                Rank 1 : false
2026-04-01 20:24:30,363 [INFO] ADCParametersView:116 -                Rank 1 : false
2026-04-01 20:24:30,363 [INFO] ADCParametersView:116 -                Rank 1 : false
2026-04-01 20:24:30,363 [INFO] ADCParametersView:116 -                Rank 1 : false
2026-04-01 20:24:30,363 [INFO] ADCParametersView:116 -                Rank 1 : false
2026-04-01 20:24:30,372 [INFO] ADCParametersView:116 -                Rank 1 : false
2026-04-01 20:24:30,390 [INFO] ADCParametersView:116 -                Rank 1 : false
2026-04-01 20:24:30,390 [INFO] ADCParametersView:116 -                Rank 1 : false
2026-04-01 20:24:30,390 [INFO] ADCParametersView:116 -                Rank 1 : false
2026-04-01 20:24:30,391 [INFO] ADCParametersView:116 -                Rank 1 : false
2026-04-01 20:24:30,391 [INFO] ADCParametersView:116 -                Rank 1 : false
2026-04-01 20:24:30,391 [INFO] ADCParametersView:116 -                Rank 1 : false
2026-04-01 20:24:30,391 [INFO] ADCParametersView:116 -                Rank 1 : false
2026-04-01 20:24:30,391 [INFO] ADCParametersView:116 -                Rank 1 : false
2026-04-01 20:24:30,391 [INFO] ADCParametersView:116 -                Rank 1 : false
2026-04-01 20:24:30,392 [INFO] ADCParametersView:116 -                Rank 1 : false
2026-04-01 20:24:30,400 [INFO] ADCParametersView:116 -                Rank 1 : false
2026-04-01 20:24:58,502 [INFO] ADCParametersView:116 -                Rank 1 : false
2026-04-01 20:24:58,503 [INFO] ADCParametersView:116 -                Rank 1 : false
2026-04-01 20:24:58,503 [INFO] ADCParametersView:116 -                Rank 1 : false
2026-04-01 20:24:58,504 [INFO] ADCParametersView:116 -                Rank 1 : false
2026-04-01 20:24:58,504 [INFO] ADCParametersView:116 -                Rank 1 : false
2026-04-01 20:24:58,504 [INFO] ADCParametersView:116 -                Rank 1 : false
2026-04-01 20:24:58,504 [INFO] ADCParametersView:116 -                Rank 1 : false
2026-04-01 20:24:58,504 [INFO] ADCParametersView:116 -                Rank 1 : false
2026-04-01 20:24:58,504 [INFO] ADCParametersView:116 -                Rank 1 : false
2026-04-01 20:24:58,504 [INFO] ADCParametersView:116 -                Rank 1 : false
2026-04-01 20:24:58,520 [INFO] ADCParametersView:116 -                Rank 1 : false
2026-04-01 20:24:58,558 [INFO] ADCParametersView:116 -                Rank 1 : false
2026-04-01 20:24:58,558 [INFO] ADCParametersView:116 -                Rank 1 : false
2026-04-01 20:24:58,558 [INFO] ADCParametersView:116 -                Rank 1 : false
2026-04-01 20:24:58,558 [INFO] ADCParametersView:116 -                Rank 1 : false
2026-04-01 20:24:58,559 [INFO] ADCParametersView:116 -                Rank 1 : false
2026-04-01 20:24:58,559 [INFO] ADCParametersView:116 -                Rank 1 : false
2026-04-01 20:24:58,559 [INFO] ADCParametersView:116 -                Rank 1 : false
2026-04-01 20:24:58,560 [INFO] ADCParametersView:116 -                Rank 1 : false
2026-04-01 20:24:58,560 [INFO] ADCParametersView:116 -                Rank 1 : false
2026-04-01 20:24:58,560 [INFO] ADCParametersView:116 -                Rank 1 : false
2026-04-01 20:24:58,567 [INFO] ADCParametersView:116 -                Rank 1 : false
2026-04-01 20:25:06,555 [INFO] ADCParametersView:116 -                Rank 1 : false
2026-04-01 20:25:06,555 [INFO] ADCParametersView:116 -                Rank 1 : false
2026-04-01 20:25:06,556 [INFO] ADCParametersView:116 -                Rank 1 : false
2026-04-01 20:25:06,556 [INFO] ADCParametersView:116 -                Rank 1 : false
2026-04-01 20:25:06,556 [INFO] ADCParametersView:116 -                Rank 1 : false
2026-04-01 20:25:06,556 [INFO] ADCParametersView:116 -                Rank 1 : false
2026-04-01 20:25:06,556 [INFO] ADCParametersView:116 -                Rank 1 : false
2026-04-01 20:25:06,556 [INFO] ADCParametersView:116 -                Rank 1 : false
2026-04-01 20:25:06,556 [INFO] ADCParametersView:116 -                Rank 1 : false
2026-04-01 20:25:06,556 [INFO] ADCParametersView:116 -                Rank 1 : false
2026-04-01 20:25:06,563 [INFO] ADCParametersView:116 -                Rank 1 : false
2026-04-01 20:25:06,585 [INFO] ADCParametersView:116 -                Rank 1 : false
2026-04-01 20:25:06,585 [INFO] ADCParametersView:116 -                Rank 1 : false
2026-04-01 20:25:06,585 [INFO] ADCParametersView:116 -                Rank 1 : false
2026-04-01 20:25:06,585 [INFO] ADCParametersView:116 -                Rank 1 : false
2026-04-01 20:25:06,585 [INFO] ADCParametersView:116 -                Rank 1 : false
2026-04-01 20:25:06,585 [INFO] ADCParametersView:116 -                Rank 1 : false
2026-04-01 20:25:06,585 [INFO] ADCParametersView:116 -                Rank 1 : false
2026-04-01 20:25:06,585 [INFO] ADCParametersView:116 -                Rank 1 : false
2026-04-01 20:25:06,585 [INFO] ADCParametersView:116 -                Rank 1 : false
2026-04-01 20:25:06,587 [INFO] ADCParametersView:116 -                Rank 1 : false
2026-04-01 20:25:06,591 [INFO] ADCParametersView:116 -                Rank 1 : false
2026-04-01 20:25:09,667 [INFO] ADCParametersView:116 -                Rank 1 : false
2026-04-01 20:25:09,667 [INFO] ADCParametersView:116 -                Rank 1 : false
2026-04-01 20:25:09,667 [INFO] ADCParametersView:116 -                Rank 1 : false
2026-04-01 20:25:09,667 [INFO] ADCParametersView:116 -                Rank 1 : false
2026-04-01 20:25:09,668 [INFO] ADCParametersView:116 -                Rank 1 : false
2026-04-01 20:25:09,668 [INFO] ADCParametersView:116 -                Rank 1 : false
2026-04-01 20:25:09,668 [INFO] ADCParametersView:116 -                Rank 1 : false
2026-04-01 20:25:09,668 [INFO] ADCParametersView:116 -                Rank 1 : false
2026-04-01 20:25:09,668 [INFO] ADCParametersView:116 -                Rank 1 : false
2026-04-01 20:25:09,668 [INFO] ADCParametersView:116 -                Rank 1 : false
2026-04-01 20:25:09,674 [INFO] ADCParametersView:116 -                Rank 1 : false
2026-04-01 20:25:09,695 [INFO] ADCParametersView:116 -                Rank 1 : false
2026-04-01 20:25:09,695 [INFO] ADCParametersView:116 -                Rank 1 : false
2026-04-01 20:25:09,696 [INFO] ADCParametersView:116 -                Rank 1 : false
2026-04-01 20:25:09,696 [INFO] ADCParametersView:116 -                Rank 1 : false
2026-04-01 20:25:09,696 [INFO] ADCParametersView:116 -                Rank 1 : false
2026-04-01 20:25:09,696 [INFO] ADCParametersView:116 -                Rank 1 : false
2026-04-01 20:25:09,696 [INFO] ADCParametersView:116 -                Rank 1 : false
2026-04-01 20:25:09,696 [INFO] ADCParametersView:116 -                Rank 1 : false
2026-04-01 20:25:09,696 [INFO] ADCParametersView:116 -                Rank 1 : false
2026-04-01 20:25:09,696 [INFO] ADCParametersView:116 -                Rank 1 : false
2026-04-01 20:25:09,701 [INFO] ADCParametersView:116 -                Rank 1 : false
2026-04-01 20:25:14,952 [INFO] WebApp:194 - Connection lost
2026-04-01 20:25:15,412 [INFO] WebApp:191 - Connection restablished
2026-04-01 20:26:37,780 [INFO] UtilMem:75 - End SaveConfig() Used Memory: 763366584 Bytes (1073741824)
2026-04-01 20:26:40,707 [INFO] UtilMem:75 - End SaveConfig() Used Memory: 828583936 Bytes (1073741824)
2026-04-01 20:26:41,400 [INFO] BlockDiagram:2775 - set Specific Code input for plugin: NVIC
2026-04-01 20:26:41,400 [INFO] BlockDiagram:2775 - set Specific Code input for plugin: SYS
2026-04-01 20:26:41,400 [INFO] BlockDiagram:2775 - set Specific Code input for plugin: GPIO
2026-04-01 20:26:41,400 [INFO] BlockDiagram:2775 - set Specific Code input for plugin: ADC
2026-04-01 20:26:41,400 [INFO] BlockDiagram:2775 - set Specific Code input for plugin: RCC
2026-04-01 20:26:41,402 [INFO] CodeGenerator:892 - code generatio: config db path: C:\ST\STM32CubeIDE_1.19.0\STM32CubeIDE\plugins\com.st.stm32cube.common.mx_6.15.0.202507011659\\db\
2026-04-01 20:26:41,586 [INFO] CodeEngine:265 - oldGeneratedFile, C:\GIT\Aulas2026_1\ProjetosSTM32\READ_ADC_TEST2\MXTmpFiles\license.tmp_save
2026-04-01 20:26:41,973 [INFO] CodeEngine:289 - Generated code: C:\GIT\Aulas2026_1\ProjetosSTM32\READ_ADC_TEST2\MXTmpFiles\license.tmp
2026-04-01 20:26:42,049 [INFO] CodeEngine:265 - oldGeneratedFile, C:\GIT\Aulas2026_1\ProjetosSTM32\READ_ADC_TEST2\MXTmpFiles\gpio.tmp_save
2026-04-01 20:26:42,252 [INFO] CodeEngine:289 - Generated code: C:\GIT\Aulas2026_1\ProjetosSTM32\READ_ADC_TEST2\MXTmpFiles\gpio.tmp
2026-04-01 20:26:42,399 [INFO] CodeEngine:265 - oldGeneratedFile, C:\GIT\Aulas2026_1\ProjetosSTM32\READ_ADC_TEST2\Core\Src\stm32f1xx_it.c_save
2026-04-01 20:26:42,878 [INFO] CodeEngine:289 - Generated code: C:\GIT\Aulas2026_1\ProjetosSTM32\READ_ADC_TEST2\Core\Src\stm32f1xx_it.c
2026-04-01 20:26:42,891 [INFO] CodeEngine:265 - oldGeneratedFile, C:\GIT\Aulas2026_1\ProjetosSTM32\READ_ADC_TEST2\Core\Inc\stm32f1xx_it.h_save
2026-04-01 20:26:43,011 [INFO] CodeEngine:289 - Generated code: C:\GIT\Aulas2026_1\ProjetosSTM32\READ_ADC_TEST2\Core\Inc\stm32f1xx_it.h
2026-04-01 20:26:43,037 [INFO] CodeEngine:265 - oldGeneratedFile, C:\GIT\Aulas2026_1\ProjetosSTM32\READ_ADC_TEST2\Core\Src\stm32f1xx_hal_msp.c_save
2026-04-01 20:26:43,253 [INFO] CodeEngine:289 - Generated code: C:\GIT\Aulas2026_1\ProjetosSTM32\READ_ADC_TEST2\Core\Src\stm32f1xx_hal_msp.c
2026-04-01 20:26:43,265 [INFO] CodeEngine:265 - oldGeneratedFile, C:\GIT\Aulas2026_1\ProjetosSTM32\READ_ADC_TEST2\MXTmpFiles\system.tmp_save
2026-04-01 20:26:43,362 [INFO] CodeEngine:289 - Generated code: C:\GIT\Aulas2026_1\ProjetosSTM32\READ_ADC_TEST2\MXTmpFiles\system.tmp
2026-04-01 20:26:43,388 [INFO] CodeEngine:321 - oldGeneratedFile, C:\GIT\Aulas2026_1\ProjetosSTM32\READ_ADC_TEST2\Core\Inc\stm32f1xx_hal_conf.h_save
2026-04-01 20:26:43,531 [INFO] CodeEngine:345 - Generated code: C:\GIT\Aulas2026_1\ProjetosSTM32\READ_ADC_TEST2\Core\Inc\stm32f1xx_hal_conf.h
2026-04-01 20:26:43,622 [INFO] ApiDbMcu:532 - Load IP Config File for ADC1
2026-04-01 20:26:43,634 [INFO] ApiDbMcu:532 - Load IP Config File for RCC
2026-04-01 20:26:43,658 [INFO] CodeEngine:265 - oldGeneratedFile, C:\GIT\Aulas2026_1\ProjetosSTM32\READ_ADC_TEST2\Core\Inc\main.h_save
2026-04-01 20:26:43,851 [INFO] CodeEngine:289 - Generated code: C:\GIT\Aulas2026_1\ProjetosSTM32\READ_ADC_TEST2\Core\Inc\main.h
2026-04-01 20:26:43,867 [INFO] CodeEngine:265 - oldGeneratedFile, C:\GIT\Aulas2026_1\ProjetosSTM32\READ_ADC_TEST2\Core\Src\main.c_save
2026-04-01 20:26:44,083 [INFO] CodeEngine:289 - Generated code: C:\GIT\Aulas2026_1\ProjetosSTM32\READ_ADC_TEST2\Core\Src\main.c
2026-04-01 20:26:44,818 [INFO] ProjectBuilder:3606 - Time for Copy HAL[1] : 263mS.
2026-04-01 20:26:44,825 [INFO] ProjectBuilder:5216 - Project Generator version: 4.7.0-B52
2026-04-01 20:26:45,008 [INFO] ConfigFileManager:1595 - The Die is : DIE412
2026-04-01 20:26:45,025 [INFO] ApiDbMcu:532 - Load IP Config File for FATFS
2026-04-01 20:26:45,070 [INFO] ApiDbMcu:532 - Load IP Config File for FREERTOS
2026-04-01 20:26:45,106 [INFO] ApiDbMcu:532 - Load IP Config File for USB_DEVICE
2026-04-01 20:26:45,167 [INFO] WebApp:194 - Connection lost
2026-04-01 20:26:45,448 [INFO] WebApp:191 - Connection restablished
2026-04-01 20:26:47,346 [INFO] ProjectBuilder:5496 - Time for Generating toolchain IDE Files: 2521mS.
2026-04-01 20:26:47,349 [INFO] ProjectBuilder:3463 - Time for Copy CMSIS : 1mS.
2026-04-01 20:26:47,356 [INFO] ProjectBuilder:3463 - Time for Copy CMSIS : 0mS.
2026-04-01 20:28:16,637 [INFO] WebApp:194 - Connection lost
2026-04-01 20:28:17,013 [INFO] WebApp:191 - Connection restablished
2026-04-01 20:29:47,131 [INFO] WebApp:194 - Connection lost
2026-04-01 20:29:47,652 [INFO] WebApp:191 - Connection restablished
2026-04-01 20:31:17,637 [INFO] WebApp:194 - Connection lost
2026-04-01 20:31:18,044 [INFO] WebApp:191 - Connection restablished
2026-04-01 20:32:48,638 [INFO] WebApp:194 - Connection lost
2026-04-01 20:32:49,011 [INFO] WebApp:191 - Connection restablished
2026-04-01 20:34:19,125 [INFO] WebApp:194 - Connection lost
2026-04-01 20:34:58,272 [INFO] WebApp:191 - Connection restablished
2026-04-01 20:35:49,630 [INFO] WebApp:194 - Connection lost
2026-04-01 20:35:53,914 [INFO] WebApp:191 - Connection restablished
2026-04-01 20:37:21,632 [INFO] WebApp:194 - Connection lost
2026-04-01 20:37:23,290 [INFO] WebApp:191 - Connection restablished
2026-04-01 20:38:52,134 [INFO] WebApp:194 - Connection lost
2026-04-01 20:38:52,494 [INFO] WebApp:191 - Connection restablished
2026-04-01 20:40:22,635 [INFO] WebApp:194 - Connection lost
2026-04-01 20:40:25,711 [INFO] WebApp:191 - Connection restablished
2026-04-01 20:41:53,125 [INFO] WebApp:194 - Connection lost
2026-04-01 20:42:06,409 [INFO] WebApp:191 - Connection restablished
2026-04-01 20:42:40,629 [INFO] WebApp:194 - Connection lost
2026-04-01 20:42:49,851 [INFO] WebApp:191 - Connection restablished
2026-04-01 20:44:12,135 [INFO] WebApp:194 - Connection lost
2026-04-01 20:44:21,022 [INFO] WebApp:191 - Connection restablished
2026-04-01 20:45:42,632 [INFO] WebApp:194 - Connection lost
2026-04-01 20:45:43,565 [INFO] WebApp:191 - Connection restablished
2026-04-01 20:47:13,156 [INFO] WebApp:194 - Connection lost
2026-04-01 20:47:15,474 [INFO] WebApp:191 - Connection restablished
2026-04-01 20:48:43,623 [INFO] WebApp:194 - Connection lost
2026-04-01 20:48:44,425 [INFO] WebApp:191 - Connection restablished
2026-04-01 20:50:15,632 [INFO] WebApp:194 - Connection lost
2026-04-01 20:50:15,965 [INFO] WebApp:191 - Connection restablished
2026-04-01 20:51:46,130 [INFO] WebApp:194 - Connection lost
2026-04-01 20:51:46,539 [INFO] WebApp:191 - Connection restablished
2026-04-01 20:53:16,629 [INFO] WebApp:194 - Connection lost
2026-04-01 20:53:17,113 [INFO] WebApp:191 - Connection restablished
2026-04-01 20:54:47,133 [INFO] WebApp:194 - Connection lost
2026-04-01 20:54:47,580 [INFO] WebApp:191 - Connection restablished
2026-04-01 20:56:19,135 [INFO] WebApp:194 - Connection lost
2026-04-01 20:56:19,475 [INFO] WebApp:191 - Connection restablished
2026-04-01 20:57:49,630 [INFO] WebApp:194 - Connection lost
2026-04-01 20:57:51,159 [INFO] WebApp:191 - Connection restablished
2026-04-01 20:59:20,634 [INFO] WebApp:194 - Connection lost
2026-04-01 20:59:21,215 [INFO] WebApp:191 - Connection restablished
2026-04-01 21:00:51,128 [INFO] WebApp:194 - Connection lost
2026-04-01 21:00:56,494 [INFO] WebApp:191 - Connection restablished
2026-04-01 21:02:22,131 [INFO] WebApp:194 - Connection lost
2026-04-01 21:02:24,481 [INFO] WebApp:191 - Connection restablished
2026-04-01 21:03:52,629 [INFO] WebApp:194 - Connection lost
2026-04-01 21:03:55,365 [INFO] WebApp:191 - Connection restablished
2026-04-01 21:05:23,137 [INFO] WebApp:194 - Connection lost
2026-04-01 21:05:25,757 [INFO] WebApp:191 - Connection restablished
2026-04-01 21:06:54,128 [INFO] WebApp:194 - Connection lost
2026-04-01 21:06:54,763 [INFO] WebApp:191 - Connection restablished
2026-04-01 21:08:28,623 [INFO] WebApp:194 - Connection lost
2026-04-01 21:08:28,906 [INFO] WebApp:191 - Connection restablished
2026-04-01 21:09:59,129 [INFO] WebApp:194 - Connection lost
2026-04-01 21:09:59,677 [INFO] WebApp:191 - Connection restablished
2026-04-01 21:11:30,630 [INFO] WebApp:194 - Connection lost
2026-04-01 21:11:30,873 [INFO] WebApp:191 - Connection restablished
2026-04-01 21:13:01,629 [INFO] WebApp:194 - Connection lost
2026-04-01 21:13:01,933 [INFO] WebApp:191 - Connection restablished
2026-04-01 21:14:32,131 [INFO] WebApp:194 - Connection lost
2026-04-01 21:14:32,423 [INFO] WebApp:191 - Connection restablished
2026-04-01 21:16:02,654 [INFO] WebApp:194 - Connection lost
2026-04-01 21:16:04,493 [INFO] WebApp:191 - Connection restablished
2026-04-01 21:17:33,128 [INFO] WebApp:194 - Connection lost
2026-04-01 21:17:33,449 [INFO] WebApp:191 - Connection restablished
2026-04-01 21:19:04,134 [INFO] WebApp:194 - Connection lost
2026-04-01 21:19:04,701 [INFO] WebApp:191 - Connection restablished
2026-04-01 21:20:34,636 [INFO] WebApp:194 - Connection lost
2026-04-01 21:20:39,358 [INFO] WebApp:191 - Connection restablished
2026-04-01 21:22:06,132 [INFO] WebApp:194 - Connection lost
2026-04-01 21:22:06,733 [INFO] WebApp:191 - Connection restablished
2026-04-01 21:23:36,630 [INFO] WebApp:194 - Connection lost
2026-04-01 21:23:37,132 [INFO] WebApp:191 - Connection restablished
2026-04-01 21:25:07,629 [INFO] WebApp:194 - Connection lost
2026-04-01 21:25:08,914 [INFO] WebApp:191 - Connection restablished
2026-04-01 21:26:38,130 [INFO] WebApp:194 - Connection lost
2026-04-01 21:26:38,480 [INFO] WebApp:191 - Connection restablished
2026-04-01 21:28:08,625 [INFO] WebApp:194 - Connection lost
2026-04-01 21:28:09,011 [INFO] WebApp:191 - Connection restablished
2026-04-01 21:29:40,150 [INFO] WebApp:194 - Connection lost
2026-04-01 21:29:41,011 [INFO] WebApp:191 - Connection restablished
2026-04-01 21:31:10,670 [INFO] WebApp:194 - Connection lost
2026-04-01 21:31:10,987 [INFO] WebApp:191 - Connection restablished
2026-04-01 21:32:41,130 [INFO] WebApp:194 - Connection lost
2026-04-01 21:32:41,532 [INFO] WebApp:191 - Connection restablished
2026-04-01 21:34:12,143 [INFO] WebApp:194 - Connection lost
2026-04-01 21:34:12,509 [INFO] WebApp:191 - Connection restablished
2026-04-01 21:35:42,626 [INFO] WebApp:194 - Connection lost
2026-04-01 21:35:42,970 [INFO] WebApp:191 - Connection restablished
2026-04-01 21:37:14,126 [INFO] WebApp:194 - Connection lost
2026-04-01 21:37:15,474 [INFO] WebApp:191 - Connection restablished
2026-04-01 21:38:45,134 [INFO] WebApp:194 - Connection lost
2026-04-01 21:38:48,352 [INFO] WebApp:191 - Connection restablished
2026-04-01 21:40:15,630 [INFO] WebApp:194 - Connection lost
2026-04-01 21:40:16,099 [INFO] WebApp:191 - Connection restablished
2026-04-01 21:41:46,126 [INFO] WebApp:194 - Connection lost
2026-04-01 21:41:46,949 [INFO] WebApp:191 - Connection restablished
2026-04-01 21:43:16,625 [INFO] WebApp:194 - Connection lost
2026-04-01 21:43:17,050 [INFO] WebApp:191 - Connection restablished
2026-04-01 21:44:55,133 [INFO] WebApp:194 - Connection lost
2026-04-01 21:44:55,380 [INFO] WebApp:191 - Connection restablished
2026-04-01 22:24:42,629 [INFO] WebApp:194 - Connection lost
2026-04-01 22:24:43,622 [INFO] WebApp:191 - Connection restablished
2026-04-01 22:26:13,127 [INFO] WebApp:194 - Connection lost
2026-04-01 22:26:13,363 [INFO] WebApp:191 - Connection restablished
2026-04-01 22:27:43,625 [INFO] WebApp:194 - Connection lost
2026-04-01 22:27:43,928 [INFO] WebApp:191 - Connection restablished
2026-04-01 22:29:14,124 [INFO] WebApp:194 - Connection lost
2026-04-01 22:29:14,492 [INFO] WebApp:191 - Connection restablished
2026-04-01 22:30:44,629 [INFO] WebApp:194 - Connection lost
2026-04-01 22:30:44,885 [INFO] WebApp:191 - Connection restablished
2026-04-01 22:32:15,134 [INFO] WebApp:194 - Connection lost
2026-04-01 22:32:15,411 [INFO] WebApp:191 - Connection restablished
2026-04-01 22:33:45,626 [INFO] WebApp:194 - Connection lost
2026-04-01 22:33:46,192 [INFO] WebApp:191 - Connection restablished
2026-04-01 22:35:16,130 [INFO] WebApp:194 - Connection lost
2026-04-01 22:35:16,453 [INFO] WebApp:191 - Connection restablished
2026-04-01 22:36:47,131 [INFO] WebApp:194 - Connection lost
2026-04-01 22:36:47,452 [INFO] WebApp:191 - Connection restablished
2026-04-01 22:38:17,625 [INFO] WebApp:194 - Connection lost
2026-04-01 22:38:17,896 [INFO] WebApp:191 - Connection restablished
2026-04-01 22:39:48,132 [INFO] WebApp:194 - Connection lost
2026-04-01 22:39:48,359 [INFO] WebApp:191 - Connection restablished
2026-04-01 22:41:18,636 [INFO] WebApp:194 - Connection lost
2026-04-01 22:41:18,914 [INFO] WebApp:191 - Connection restablished
2026-04-01 22:42:49,122 [INFO] WebApp:194 - Connection lost
2026-04-01 22:42:49,410 [INFO] WebApp:191 - Connection restablished
2026-04-01 22:44:19,630 [INFO] WebApp:194 - Connection lost
2026-04-01 22:44:19,868 [INFO] WebApp:191 - Connection restablished
2026-04-01 22:45:50,130 [INFO] WebApp:194 - Connection lost
2026-04-01 22:45:50,509 [INFO] WebApp:191 - Connection restablished
2026-04-01 22:47:20,633 [INFO] WebApp:194 - Connection lost
2026-04-01 22:47:20,883 [INFO] WebApp:191 - Connection restablished
2026-04-01 22:48:51,638 [INFO] WebApp:194 - Connection lost
2026-04-01 22:48:51,878 [INFO] WebApp:191 - Connection restablished
2026-04-01 22:50:22,132 [INFO] WebApp:194 - Connection lost
2026-04-01 22:50:22,444 [INFO] WebApp:191 - Connection restablished
2026-04-01 22:51:52,633 [INFO] WebApp:194 - Connection lost
2026-04-01 22:51:52,876 [INFO] WebApp:191 - Connection restablished
2026-04-01 22:53:23,130 [INFO] WebApp:194 - Connection lost
2026-04-01 22:53:23,360 [INFO] WebApp:191 - Connection restablished
2026-04-01 22:54:53,635 [INFO] WebApp:194 - Connection lost
2026-04-01 22:54:53,923 [INFO] WebApp:191 - Connection restablished
2026-04-01 22:56:24,124 [INFO] WebApp:194 - Connection lost
2026-04-01 22:56:24,473 [INFO] WebApp:191 - Connection restablished
2026-04-01 22:56:44,755 [ERROR] LogOutputStream:75 - [STDERR_REDIRECT] 
