2026-04-08 17:20:59,113 [INFO] Activator:176 - 


2026-04-08 17:20:59,121 [INFO] Activator:177 - !SESSION log4j initialized
2026-04-08 17:21:09,850 [INFO] LogOutputStream:77 - [STDOUT_REDIRECT] 
2026-04-08 17:21:12,527 [INFO] ApplicationProperties:184 - Using Application install path: C:\ST\STM32CubeIDE_1.19.0\STM32CubeIDE\plugins\com.st.stm32cube.common.mx_6.15.0.202507011659
2026-04-08 17:21:12,560 [INFO] DbMcusXml:78 - Set database path to: C:\ST\STM32CubeIDE_1.19.0\STM32CubeIDE\plugins\com.st.stm32cube.common.mx_6.15.0.202507011659\\db\/mcu/
2026-04-08 17:21:12,561 [INFO] ApiDb:274 - Set plugin database path to: C:\ST\STM32CubeIDE_1.19.0\STM32CubeIDE\plugins\com.st.stm32cube.common.mx_6.15.0.202507011659\\db\/plugins/boardmanager/
2026-04-08 17:21:12,563 [WARN] ApiDb:259 - Overriding images path with different value:  => C:\ST\STM32CubeIDE_1.19.0\STM32CubeIDE\plugins\com.st.stm32cube.common.mx_6.15.0.202507011659\\db\/plugins/mcufinder/images/
2026-04-08 17:21:12,593 [INFO] ApiDb:250 - Set database path to: C:\Users\User\.stmcufinder\plugins\mcufinder//mcu/
2026-04-08 17:21:12,596 [INFO] DbMcusAds:125 - Set database path to: C:\Users\User\.stmcufinder\plugins\mcufinder//mcu/
2026-04-08 17:21:12,601 [INFO] CrossReferenceDbSqlite:203 - Set database path to: C:\Users\User\.stmcufinder\plugins\mcufinder//mcu/cs/
2026-04-08 17:21:12,860 [INFO] RulesReader:64 - Compatibility file has been processed (317 Rules)
2026-04-08 17:21:13,081 [INFO] DbMcusXml:78 - Set database path to: C:\ST\STM32CubeIDE_1.19.0\STM32CubeIDE\plugins\com.st.stm32cube.common.mx_6.15.0.202507011659\\db\/mcu/
2026-04-08 17:21:13,081 [INFO] ApiDb:274 - Set plugin database path to: C:\ST\STM32CubeIDE_1.19.0\STM32CubeIDE\plugins\com.st.stm32cube.common.mx_6.15.0.202507011659\\db\/plugins/boardmanager/
2026-04-08 17:21:13,081 [INFO] ApiDb:261 - Set plugin images path to: C:\ST\STM32CubeIDE_1.19.0\STM32CubeIDE\plugins\com.st.stm32cube.common.mx_6.15.0.202507011659\\db\/plugins/mcufinder/images/
2026-04-08 17:21:13,082 [WARN] DbFile:41 - Overriding database path with different value: C:\Users\User\.stmcufinder\plugins\mcufinder/ => C:\Users\User\.stmcufinder\plugins\mcufinder
2026-04-08 17:21:13,082 [INFO] ApiDb:250 - Set database path to: C:\Users\User\.stmcufinder\plugins\mcufinder//mcu/
2026-04-08 17:21:13,082 [WARN] DbFile:41 - Overriding database path with different value: C:\Users\User\.stmcufinder\plugins\mcufinder/ => C:\Users\User\.stmcufinder\plugins\mcufinder
2026-04-08 17:21:13,082 [INFO] DbMcusAds:125 - Set database path to: C:\Users\User\.stmcufinder\plugins\mcufinder//mcu/
2026-04-08 17:21:13,082 [WARN] DbFile:41 - Overriding database path with different value: C:\Users\User\.stmcufinder\plugins\mcufinder/ => C:\Users\User\.stmcufinder\plugins\mcufinder
2026-04-08 17:21:13,083 [WARN] DbFile:41 - Overriding database path with different value: C:\Users\User\.stmcufinder\plugins\mcufinder/ => C:\Users\User\.stmcufinder\plugins\mcufinder
2026-04-08 17:21:13,083 [INFO] CrossReferenceDbSqlite:203 - Set database path to: C:\Users\User\.stmcufinder\plugins\mcufinder//mcu/cs/
2026-04-08 17:21:13,343 [INFO] MainPanel:274 - HeapMemory: 268435456
2026-04-08 17:21:13,634 [INFO] DbMcusXml:78 - Set database path to: C:\ST\STM32CubeIDE_1.19.0\STM32CubeIDE\plugins\com.st.stm32cube.common.mx_6.15.0.202507011659\\db\/mcu/
2026-04-08 17:21:13,634 [INFO] ApiDb:274 - Set plugin database path to: C:\ST\STM32CubeIDE_1.19.0\STM32CubeIDE\plugins\com.st.stm32cube.common.mx_6.15.0.202507011659\\db\/plugins/boardmanager/
2026-04-08 17:21:13,635 [INFO] ApiDb:261 - Set plugin images path to: C:\ST\STM32CubeIDE_1.19.0\STM32CubeIDE\plugins\com.st.stm32cube.common.mx_6.15.0.202507011659\\db\/plugins/mcufinder/images/
2026-04-08 17:21:13,636 [WARN] DbFile:41 - Overriding database path with different value: C:\Users\User\.stmcufinder\plugins\mcufinder/ => C:\Users\User\.stmcufinder\plugins\mcufinder
2026-04-08 17:21:13,637 [INFO] ApiDb:250 - Set database path to: C:\Users\User\.stmcufinder\plugins\mcufinder//mcu/
2026-04-08 17:21:13,637 [WARN] DbFile:41 - Overriding database path with different value: C:\Users\User\.stmcufinder\plugins\mcufinder/ => C:\Users\User\.stmcufinder\plugins\mcufinder
2026-04-08 17:21:13,637 [INFO] DbMcusAds:125 - Set database path to: C:\Users\User\.stmcufinder\plugins\mcufinder//mcu/
2026-04-08 17:21:13,637 [WARN] DbFile:41 - Overriding database path with different value: C:\Users\User\.stmcufinder\plugins\mcufinder/ => C:\Users\User\.stmcufinder\plugins\mcufinder
2026-04-08 17:21:13,638 [WARN] DbFile:41 - Overriding database path with different value: C:\Users\User\.stmcufinder\plugins\mcufinder/ => C:\Users\User\.stmcufinder\plugins\mcufinder
2026-04-08 17:21:13,638 [INFO] CrossReferenceDbSqlite:203 - Set database path to: C:\Users\User\.stmcufinder\plugins\mcufinder//mcu/cs/
2026-04-08 17:21:13,686 [INFO] ApplicationProperties:184 - Using Application install path: C:\ST\STM32CubeIDE_1.19.0\STM32CubeIDE\plugins\com.st.stm32cube.common.mx_6.15.0.202507011659
2026-04-08 17:21:13,688 [INFO] PluginManage:196 - Search for loadable plugins [exclusion list=, ]
2026-04-08 17:21:13,692 [INFO] PluginManage:310 - Check plugin analytics
2026-04-08 17:21:14,099 [INFO] AnalyticsPlugin:253 - Accepted Software Licenses: STM32CubeMX.6.16.1,STM32CubeMX.6.17.0
2026-04-08 17:21:14,100 [INFO] AnalyticsPlugin:255 - Accepted CMSIS Pack Licenses: 
2026-04-08 17:21:14,100 [INFO] AnalyticsPlugin:257 - Accepted Firmware Licenses: FW.C0.1.1.0
2026-04-08 17:21:14,105 [INFO] PluginManage:359 - Loaded plugin analytics (category:tool,tabindex:-1)
2026-04-08 17:21:14,105 [INFO] PluginManage:310 - Check plugin cadmodel
2026-04-08 17:21:14,115 [INFO] CADModel:105 - Init CAD model plugin
2026-04-08 17:21:14,116 [INFO] PluginManage:359 - Loaded plugin cadmodel (category:power,tabindex:5)
2026-04-08 17:21:14,116 [INFO] PluginManage:310 - Check plugin clock
2026-04-08 17:21:14,137 [INFO] PluginManage:359 - Loaded plugin clock (category:base,tabindex:2)
2026-04-08 17:21:14,138 [INFO] PluginManage:310 - Check plugin ddr
2026-04-08 17:21:14,143 [INFO] PluginManage:359 - Loaded plugin ddr (category:tool,tabindex:6)
2026-04-08 17:21:14,143 [INFO] PluginManage:310 - Check plugin filemanager
2026-04-08 17:21:14,459 [INFO] PluginManage:359 - Loaded plugin filemanager (category:base,tabindex:10)
2026-04-08 17:21:14,460 [INFO] PluginManage:310 - Check plugin ipmanager
2026-04-08 17:21:14,475 [INFO] PluginManage:359 - Loaded plugin ipmanager (category:base,tabindex:5)
2026-04-08 17:21:14,475 [INFO] PluginManage:310 - Check plugin lpbam
2026-04-08 17:21:14,492 [INFO] PluginManage:359 - Loaded plugin lpbam (category:base,tabindex:0)
2026-04-08 17:21:14,504 [INFO] PluginManage:310 - Check plugin memorymap
2026-04-08 17:21:14,542 [INFO] PluginManage:359 - Loaded plugin memorymap (category:base,tabindex:4)
2026-04-08 17:21:14,543 [INFO] PluginManage:310 - Check plugin pinoutandconfiguration
2026-04-08 17:21:14,563 [INFO] PluginManage:359 - Loaded plugin pinoutandconfiguration (category:base,tabindex:1)
2026-04-08 17:21:14,563 [INFO] PluginManage:310 - Check plugin pinoutconfig
2026-04-08 17:21:14,786 [WARN] SupportedApi:132 - Cannot load RTOS API schema: s4s-elt-must-match.1: The content of 'definitions' must match (annotation?, (simpleType | complexType)?, (unique | key | keyref)*)). A problem was found starting at: attribute.
2026-04-08 17:21:15,103 [INFO] PluginManage:359 - Loaded plugin pinoutconfig (category:base,tabindex:0)
2026-04-08 17:21:15,103 [INFO] PluginManage:310 - Check plugin power
2026-04-08 17:21:15,127 [INFO] PluginManage:359 - Loaded plugin power (category:power,tabindex:4)
2026-04-08 17:21:15,127 [INFO] PluginManage:310 - Check plugin projectmanager
2026-04-08 17:21:15,158 [INFO] PluginManage:359 - Loaded plugin projectmanager (category:projectmanager,tabindex:4)
2026-04-08 17:21:15,159 [INFO] PluginManage:310 - Check plugin rif
2026-04-08 17:21:15,179 [INFO] PluginManage:359 - Loaded plugin rif (category:base,tabindex:3)
2026-04-08 17:21:15,180 [INFO] PluginManage:310 - Check plugin thirdparty
2026-04-08 17:21:15,480 [INFO] PluginManage:359 - Loaded plugin thirdparty (category:base,tabindex:-1)
2026-04-08 17:21:15,480 [WARN] IntegrityCheckThread:84 - waiting for thirdparty lock release [integrity check]
2026-04-08 17:21:15,481 [INFO] PluginManage:310 - Check plugin tools
2026-04-08 17:21:15,481 [INFO] IntegrityCheckThread:86 - entering critical section [integrity check]
2026-04-08 17:21:15,481 [INFO] ThirdPartyUpdaterWithRetryManager:70 - Updater plugin not ready yet. [1/15]
2026-04-08 17:21:15,484 [INFO] PluginManage:359 - Loaded plugin tools (category:base,tabindex:7)
2026-04-08 17:21:15,484 [INFO] PluginManage:310 - Check plugin tutovideos
2026-04-08 17:21:15,949 [INFO] PluginManage:359 - Loaded plugin tutovideos (category:base,tabindex:-1)
2026-04-08 17:21:15,949 [INFO] PluginManage:310 - Check plugin updater
2026-04-08 17:21:15,995 [INFO] PluginManage:359 - Loaded plugin updater (category:base,tabindex:12)
2026-04-08 17:21:15,996 [INFO] PluginManage:310 - Check plugin userauth
2026-04-08 17:21:16,007 [INFO] UserAuth:118 - Init User Auth plugin
2026-04-08 17:21:16,008 [INFO] PluginManage:359 - Loaded plugin userauth (category:base,tabindex:14)
2026-04-08 17:21:16,009 [INFO] PluginManage:283 - PluginManage : Loaded plugins [18]
2026-04-08 17:21:16,905 [INFO] PinOutPanel:1589 - setPackage(No Configuration,No Configuration)
2026-04-08 17:21:17,203 [INFO] CADModel:165 - CPN selected for project level
2026-04-08 17:21:17,203 [INFO] CADModel:114 - Register for checkConnection events
2026-04-08 17:21:17,261 [INFO] IPUIPlugin:80 - create IPUIPlugin
2026-04-08 17:21:17,263 [INFO] PluginManager:220 - loadIPPluginJar : add adc
2026-04-08 17:21:17,271 [INFO] IPUIPlugin:80 - create IPUIPlugin
2026-04-08 17:21:17,271 [INFO] PluginManager:220 - loadIPPluginJar : add aes
2026-04-08 17:21:17,281 [INFO] IPUIPlugin:80 - create IPUIPlugin
2026-04-08 17:21:17,281 [INFO] PluginManager:220 - loadIPPluginJar : add can
2026-04-08 17:21:17,286 [INFO] IPUIPlugin:80 - create IPUIPlugin
2026-04-08 17:21:17,286 [INFO] PluginManager:220 - loadIPPluginJar : add comp
2026-04-08 17:21:17,294 [INFO] IPUIPlugin:80 - create IPUIPlugin
2026-04-08 17:21:17,294 [INFO] PluginManager:220 - loadIPPluginJar : add cryp
2026-04-08 17:21:17,304 [INFO] IPUIPlugin:80 - create IPUIPlugin
2026-04-08 17:21:17,305 [INFO] PluginManager:220 - loadIPPluginJar : add ddr_ctrl_phy
2026-04-08 17:21:17,313 [INFO] IPUIPlugin:80 - create IPUIPlugin
2026-04-08 17:21:17,313 [INFO] PluginManager:220 - loadIPPluginJar : add dfsdm
2026-04-08 17:21:17,327 [INFO] IPUIPlugin:80 - create IPUIPlugin
2026-04-08 17:21:17,329 [INFO] PluginManager:220 - loadIPPluginJar : add dma
2026-04-08 17:21:17,337 [INFO] IPUIPlugin:80 - create IPUIPlugin
2026-04-08 17:21:17,337 [INFO] PluginManager:220 - loadIPPluginJar : add dma3
2026-04-08 17:21:17,345 [INFO] IPUIPlugin:80 - create IPUIPlugin
2026-04-08 17:21:17,345 [INFO] PluginManager:220 - loadIPPluginJar : add extmemmanager
2026-04-08 17:21:17,352 [INFO] IPUIPlugin:80 - create IPUIPlugin
2026-04-08 17:21:17,352 [INFO] PluginManager:220 - loadIPPluginJar : add fatfs
2026-04-08 17:21:17,368 [INFO] IPUIPlugin:80 - create IPUIPlugin
2026-04-08 17:21:17,368 [INFO] PluginManager:220 - loadIPPluginJar : add fmc
2026-04-08 17:21:17,385 [INFO] IPUIPlugin:80 - create IPUIPlugin
2026-04-08 17:21:17,385 [INFO] PluginManager:220 - loadIPPluginJar : add freertos
2026-04-08 17:21:17,390 [INFO] IPUIPlugin:80 - create IPUIPlugin
2026-04-08 17:21:17,391 [INFO] PluginManager:220 - loadIPPluginJar : add genericplugin
2026-04-08 17:21:17,398 [INFO] IPUIPlugin:80 - create IPUIPlugin
2026-04-08 17:21:17,399 [INFO] PluginManager:220 - loadIPPluginJar : add gfxmmu
2026-04-08 17:21:17,412 [INFO] IPUIPlugin:80 - create IPUIPlugin
2026-04-08 17:21:17,412 [INFO] PluginManager:220 - loadIPPluginJar : add gic
2026-04-08 17:21:17,424 [INFO] IPUIPlugin:80 - create IPUIPlugin
2026-04-08 17:21:17,425 [INFO] PluginManager:220 - loadIPPluginJar : add gpio
2026-04-08 17:21:17,434 [INFO] IPUIPlugin:80 - create IPUIPlugin
2026-04-08 17:21:17,434 [INFO] PluginManager:220 - loadIPPluginJar : add gtzc
2026-04-08 17:21:17,443 [INFO] IPUIPlugin:80 - create IPUIPlugin
2026-04-08 17:21:17,444 [INFO] PluginManager:220 - loadIPPluginJar : add hash
2026-04-08 17:21:17,451 [INFO] IPUIPlugin:80 - create IPUIPlugin
2026-04-08 17:21:17,452 [INFO] PluginManager:220 - loadIPPluginJar : add i2c
2026-04-08 17:21:17,459 [INFO] IPUIPlugin:80 - create IPUIPlugin
2026-04-08 17:21:17,459 [INFO] PluginManager:220 - loadIPPluginJar : add i2s
2026-04-08 17:21:17,471 [INFO] IPUIPlugin:80 - create IPUIPlugin
2026-04-08 17:21:17,473 [INFO] PluginManager:220 - loadIPPluginJar : add i3c
2026-04-08 17:21:17,484 [INFO] IPUIPlugin:80 - create IPUIPlugin
2026-04-08 17:21:17,484 [INFO] PluginManager:220 - loadIPPluginJar : add ipddr
2026-04-08 17:21:17,502 [INFO] IPUIPlugin:80 - create IPUIPlugin
2026-04-08 17:21:17,503 [INFO] PluginManager:220 - loadIPPluginJar : add linkedlist
2026-04-08 17:21:17,512 [INFO] IPUIPlugin:80 - create IPUIPlugin
2026-04-08 17:21:17,512 [INFO] PluginManager:220 - loadIPPluginJar : add lorawan
2026-04-08 17:21:17,517 [INFO] IPUIPlugin:80 - create IPUIPlugin
2026-04-08 17:21:17,518 [INFO] PluginManager:220 - loadIPPluginJar : add ltdc
2026-04-08 17:21:17,532 [INFO] IPUIPlugin:80 - create IPUIPlugin
2026-04-08 17:21:17,532 [INFO] PluginManager:220 - loadIPPluginJar : add mdma
2026-04-08 17:21:17,542 [INFO] IPUIPlugin:80 - create IPUIPlugin
2026-04-08 17:21:17,543 [INFO] PluginManager:220 - loadIPPluginJar : add nvic
2026-04-08 17:21:17,553 [INFO] IPUIPlugin:80 - create IPUIPlugin
2026-04-08 17:21:17,553 [INFO] PluginManager:220 - loadIPPluginJar : add opamp
2026-04-08 17:21:17,562 [INFO] IPUIPlugin:80 - create IPUIPlugin
2026-04-08 17:21:17,563 [INFO] PluginManager:220 - loadIPPluginJar : add openamp
2026-04-08 17:21:17,574 [INFO] IPUIPlugin:80 - create IPUIPlugin
2026-04-08 17:21:17,574 [INFO] PluginManager:220 - loadIPPluginJar : add pdm2pcm
2026-04-08 17:21:17,592 [INFO] IPUIPlugin:80 - create IPUIPlugin
2026-04-08 17:21:17,599 [INFO] PluginManager:220 - loadIPPluginJar : add plateformsettings
2026-04-08 17:21:17,604 [INFO] IPUIPlugin:80 - create IPUIPlugin
2026-04-08 17:21:17,605 [INFO] PluginManager:220 - loadIPPluginJar : add quadspi
2026-04-08 17:21:17,611 [INFO] IPUIPlugin:80 - create IPUIPlugin
2026-04-08 17:21:17,613 [INFO] PluginManager:220 - loadIPPluginJar : add radio
2026-04-08 17:21:17,624 [INFO] IPUIPlugin:80 - create IPUIPlugin
2026-04-08 17:21:17,625 [INFO] PluginManager:220 - loadIPPluginJar : add resmgrutility
2026-04-08 17:21:17,635 [INFO] IPUIPlugin:80 - create IPUIPlugin
2026-04-08 17:21:17,636 [INFO] PluginManager:220 - loadIPPluginJar : add sai
2026-04-08 17:21:17,643 [INFO] IPUIPlugin:80 - create IPUIPlugin
2026-04-08 17:21:17,644 [INFO] PluginManager:220 - loadIPPluginJar : add spi
2026-04-08 17:21:17,660 [INFO] IPUIPlugin:80 - create IPUIPlugin
2026-04-08 17:21:17,660 [INFO] PluginManager:220 - loadIPPluginJar : add stm32_wpan
2026-04-08 17:21:17,669 [INFO] IPUIPlugin:80 - create IPUIPlugin
2026-04-08 17:21:17,670 [INFO] PluginManager:220 - loadIPPluginJar : add tim
2026-04-08 17:21:17,680 [INFO] IPUIPlugin:80 - create IPUIPlugin
2026-04-08 17:21:17,681 [INFO] PluginManager:220 - loadIPPluginJar : add touchsensing
2026-04-08 17:21:17,687 [INFO] IPUIPlugin:80 - create IPUIPlugin
2026-04-08 17:21:17,687 [INFO] PluginManager:220 - loadIPPluginJar : add tracer_emb
2026-04-08 17:21:17,694 [INFO] IPUIPlugin:80 - create IPUIPlugin
2026-04-08 17:21:17,694 [INFO] PluginManager:220 - loadIPPluginJar : add ts
2026-04-08 17:21:17,700 [INFO] IPUIPlugin:80 - create IPUIPlugin
2026-04-08 17:21:17,700 [INFO] PluginManager:220 - loadIPPluginJar : add tsc
2026-04-08 17:21:17,708 [INFO] IPUIPlugin:80 - create IPUIPlugin
2026-04-08 17:21:17,708 [INFO] PluginManager:220 - loadIPPluginJar : add ucpd
2026-04-08 17:21:17,717 [INFO] IPUIPlugin:80 - create IPUIPlugin
2026-04-08 17:21:17,717 [INFO] PluginManager:220 - loadIPPluginJar : add usart
2026-04-08 17:21:17,729 [INFO] IPUIPlugin:80 - create IPUIPlugin
2026-04-08 17:21:17,729 [INFO] PluginManager:220 - loadIPPluginJar : add usbx
2026-04-08 17:21:17,981 [FATAL] Updater:351 - Updater called before beeing initialized
2026-04-08 17:21:18,065 [INFO] RulesReader:64 - Compatibility file has been processed (317 Rules)
2026-04-08 17:21:18,083 [INFO] RulesReader:64 - Compatibility file has been processed (317 Rules)
2026-04-08 17:21:18,096 [INFO] CADModel:165 - CPN selected for project level
2026-04-08 17:21:18,096 [INFO] CADModel:114 - Register for checkConnection events
2026-04-08 17:21:18,096 [FATAL] Updater:351 - Updater called before beeing initialized
2026-04-08 17:21:18,097 [ERROR] CADModel:125 - Updater not yet initialized, retry later 
2026-04-08 17:21:18,436 [FATAL] Updater:351 - Updater called before beeing initialized
2026-04-08 17:21:18,447 [INFO] CADModel:165 - CPN selected for project level
2026-04-08 17:21:18,447 [INFO] CADModel:114 - Register for checkConnection events
2026-04-08 17:21:18,448 [FATAL] Updater:351 - Updater called before beeing initialized
2026-04-08 17:21:18,448 [ERROR] CADModel:125 - Updater not yet initialized, retry later 
2026-04-08 17:21:18,458 [FATAL] Updater:351 - Updater called before beeing initialized
2026-04-08 17:21:18,483 [INFO] ThirdPartyUpdaterWithRetryManager:70 - Updater plugin not ready yet. [2/15]
2026-04-08 17:21:18,780 [FATAL] Updater:351 - Updater called before beeing initialized
2026-04-08 17:21:18,792 [INFO] DbMcusAds:53 - JSON generation date=Thu Mar 05 11:32:52 BRT 2026 (1772721172890)
2026-04-08 17:21:18,792 [FATAL] Updater:351 - Updater called before beeing initialized
2026-04-08 17:21:18,945 [WARN] DetailPanel:346 - Failed to get advertising image, set to default
2026-04-08 17:21:19,143 [FATAL] Updater:351 - Updater called before beeing initialized
2026-04-08 17:21:19,145 [FATAL] Updater:351 - Updater called before beeing initialized
2026-04-08 17:21:19,145 [FATAL] Updater:351 - Updater called before beeing initialized
2026-04-08 17:21:19,145 [WARN] DetailPanel:346 - Failed to get advertising image, set to default
2026-04-08 17:21:19,146 [FATAL] Updater:351 - Updater called before beeing initialized
2026-04-08 17:21:19,235 [ERROR] Updater:1198 - MainUpdater not yet initialized. External WinMGr cannot be set.
2026-04-08 17:21:19,239 [INFO] Updater:1134 - Updater Version found : 6.15.0
2026-04-08 17:21:19,271 [INFO] ApplicationProperties:184 - Using Application install path: C:\ST\STM32CubeIDE_1.19.0\STM32CubeIDE\plugins\com.st.stm32cube.common.mx_6.15.0.202507011659
2026-04-08 17:21:19,815 [INFO] MainUpdater:2872 - connection check result : 10
2026-04-08 17:21:19,816 [INFO] MainUpdater:289 - Updater Check For Update Now.
2026-04-08 17:21:19,816 [INFO] MicroXplorer:498 - Change Database Version : DB.6.0.150
2026-04-08 17:21:19,833 [INFO] McuFinderGlobals:63 - Set McuFinder mode to 2 (CubeIDE integrated)
2026-04-08 17:21:19,835 [INFO] UserAuth:487 - Internet connection configuration mode: 1
2026-04-08 17:21:19,885 [INFO] JxBrowserEngine:152 - Initiate JxBrowser Engine with user profile folder
2026-04-08 17:21:20,086 [INFO] CheckServerUpdateThread:120 - End of CheckServer Thread
2026-04-08 17:21:22,854 [WARN] PackLoader:240 - Cannot read IP mode file for STMicroelectronics.X-CUBE-AZRTOS-H7.3.5.0
2026-04-08 17:21:22,877 [WARN] PackLoader:240 - Cannot read IP mode file for STMicroelectronics.FP-SNS-MOTENVWB1.1.4.0
2026-04-08 17:21:22,902 [WARN] PackLoader:240 - Cannot read IP mode file for STMicroelectronics.FP-ATR-ASTRA1.2.0.2
2026-04-08 17:21:22,918 [WARN] PackLoader:240 - Cannot read IP mode file for STMicroelectronics.X-CUBE-SMBUS.2.1.0
2026-04-08 17:21:22,966 [WARN] PackLoader:240 - Cannot read IP mode file for STMicroelectronics.X-CUBE-AZRTOS-F7.1.1.0
2026-04-08 17:21:22,996 [WARN] PackLoader:240 - Cannot read IP mode file for STMicroelectronics.FP-SNS-MOTENV1.5.1.0
2026-04-08 17:21:23,017 [WARN] PackLoader:240 - Cannot read IP mode file for WES.I-CUBE-Cesium.1.4.0
2026-04-08 17:21:23,063 [WARN] PackLoader:240 - Cannot read IP mode file for STMicroelectronics.X-CUBE-AZRTOS-H7.3.4.0
2026-04-08 17:21:23,077 [INFO] WebApp:169 - Instantiating new browser for Auth
2026-04-08 17:21:23,085 [WARN] PackLoader:240 - Cannot read IP mode file for STMicroelectronics.X-CUBE-DISPLAY.3.0.0
2026-04-08 17:21:23,102 [WARN] PackLoader:240 - Cannot read IP mode file for STMicroelectronics.FP-SNS-MOTENVWB1.1.5.0
2026-04-08 17:21:23,118 [WARN] PackLoader:240 - Cannot read IP mode file for STMicroelectronics.X-CUBE-NFC10.1.0.0
2026-04-08 17:21:23,142 [WARN] PackLoader:240 - Cannot read IP mode file for STMicroelectronics.X-CUBE-ST60.1.1.0
2026-04-08 17:21:23,167 [WARN] PackLoader:240 - Cannot read IP mode file for emotas.I-CUBE-CANOPEN.1.3.0
2026-04-08 17:21:23,184 [WARN] PackLoader:240 - Cannot read IP mode file for STMicroelectronics.X-CUBE-GNSS1.7.1.0
2026-04-08 17:21:23,207 [WARN] PackLoader:240 - Cannot read IP mode file for STMicroelectronics.FP-SNS-STBOX1.2.1.0
2026-04-08 17:21:23,226 [WARN] PackLoader:240 - Cannot read IP mode file for STMicroelectronics.FP-SNS-SMARTAG2.1.2.0
2026-04-08 17:21:23,249 [WARN] PackLoader:240 - Cannot read IP mode file for STMicroelectronics.FP-SNS-FLIGHT1.5.1.0
2026-04-08 17:21:23,287 [INFO] LogOutputStream:77 - [STDOUT_REDIRECT] 1 : Invalid condition id : UX_CORESTACK_Condition cause : null
2026-04-08 17:21:23,288 [INFO] LogOutputStream:77 - [STDOUT_REDIRECT] 1 : Invalid condition id : UX_CORESTACK_Condition cause : null
2026-04-08 17:21:23,291 [INFO] LogOutputStream:77 - [STDOUT_REDIRECT] 1 : Invalid condition id : UX_CORESTACK_Condition cause : null
2026-04-08 17:21:23,293 [INFO] LogOutputStream:77 - [STDOUT_REDIRECT] 1 : Invalid condition id : UX_CORESTACK_Condition cause : null
2026-04-08 17:21:23,296 [INFO] LogOutputStream:77 - [STDOUT_REDIRECT] 1 : Invalid condition id : UX_CORESTACK_Condition cause : null
2026-04-08 17:21:23,303 [WARN] PackLoader:240 - Cannot read IP mode file for STMicroelectronics.X-CUBE-AZRTOS-WL.2.0.0
2026-04-08 17:21:23,396 [WARN] PackLoader:240 - Cannot read IP mode file for STMicroelectronics.X-CUBE-AZRTOS-H7RS.1.2.0
2026-04-08 17:21:23,440 [WARN] PackLoader:240 - Cannot read IP mode file for STMicroelectronics.X-CUBE-BLE2.3.3.0
2026-04-08 17:21:23,627 [WARN] PackLoader:240 - Cannot read IP mode file for Infineon.AIROC-Wi-Fi-Bluetooth-STM32.1.8.0
2026-04-08 17:21:23,671 [WARN] PackLoader:240 - Cannot read IP mode file for STMicroelectronics.X-CUBE-NFC9.1.0.0
2026-04-08 17:21:23,700 [WARN] PackLoader:240 - Cannot read IP mode file for STMicroelectronics.X-CUBE-BLE1.7.1.0
2026-04-08 17:21:23,729 [WARN] PackLoader:240 - Cannot read IP mode file for wolfSSL.I-CUBE-wolfMQTT.1.19.2
2026-04-08 17:21:23,752 [WARN] PackLoader:240 - Cannot read IP mode file for STMicroelectronics.X-CUBE-FREERTOS.1.4.0
2026-04-08 17:21:23,770 [WARN] PackLoader:240 - Cannot read IP mode file for STMicroelectronics.X-CUBE-EEPRMA1.5.2.0
2026-04-08 17:21:23,800 [WARN] PackLoader:240 - Cannot read IP mode file for wolfSSL.I-CUBE-wolfSSL.5.8.4
2026-04-08 17:21:23,838 [WARN] PackLoader:240 - Cannot read IP mode file for Cesanta.I-CUBE-Mongoose.7.20.0
2026-04-08 17:21:23,951 [WARN] PackLoader:240 - Cannot read IP mode file for STMicroelectronics.X-CUBE-MEMS1.12.0.0
2026-04-08 17:21:24,123 [WARN] PackLoader:240 - Cannot read IP mode file for STMicroelectronics.X-CUBE-AZRTOS-G0.1.1.0
2026-04-08 17:21:24,137 [WARN] PackLoader:240 - Cannot read IP mode file for STMicroelectronics.X-CUBE-NFC4.3.0.0
2026-04-08 17:21:24,155 [WARN] PackLoader:240 - Cannot read IP mode file for EmbeddedOffice.I-CUBE-FS-RTOS.1.0.1
2026-04-08 17:21:24,167 [WARN] PackLoader:240 - Cannot read IP mode file for STMicroelectronics.X-CUBE-WB05N.2.0.0
2026-04-08 17:21:24,185 [WARN] PackLoader:240 - Cannot read IP mode file for wolfSSL.I-CUBE-wolfTPM.3.8.0
2026-04-08 17:21:24,199 [WARN] PackLoader:240 - Cannot read IP mode file for STMicroelectronics.X-CUBE-TCPP.4.2.0
2026-04-08 17:21:24,214 [WARN] PackLoader:240 - Cannot read IP mode file for RealThread.X-CUBE-RT-Thread_Nano.4.1.1
2026-04-08 17:21:24,229 [WARN] PackLoader:240 - Cannot read IP mode file for STMicroelectronics.FP-ATR-SIGFOX1.3.2.0
2026-04-08 17:21:24,239 [WARN] PackLoader:240 - Cannot read IP mode file for STMicroelectronics.X-CUBE-FREERTOS.1.5.0
2026-04-08 17:21:24,253 [WARN] PackLoader:240 - Cannot read IP mode file for ITTIA_DB.I-CUBE-ITTIADB.8.9.0
2026-04-08 17:21:24,268 [WARN] PackLoader:240 - Cannot read IP mode file for STMicroelectronics.X-CUBE-NFC6.3.2.0
2026-04-08 17:21:24,282 [WARN] PackLoader:240 - Cannot read IP mode file for STMicroelectronics.X-CUBE-AI.10.2.0
2026-04-08 17:21:24,338 [WARN] PackLoader:240 - Cannot read IP mode file for SEGGER.I-CUBE-embOS.1.3.1
2026-04-08 17:21:24,471 [WARN] PackLoader:240 - Cannot read IP mode file for STMicroelectronics.X-CUBE-ALGOBUILD.1.4.0
2026-04-08 17:21:24,489 [WARN] PackLoader:240 - Cannot read IP mode file for STMicroelectronics.X-CUBE-PM33A1.1.0.0
2026-04-08 17:21:24,529 [WARN] PackLoader:240 - Cannot read IP mode file for STMicroelectronics.X-CUBE-AZRTOS-F4.1.1.0
2026-04-08 17:21:24,543 [WARN] PackLoader:240 - Cannot read IP mode file for STMicroelectronics.X-CUBE-ISPU.2.1.0
2026-04-08 17:21:24,575 [WARN] PackLoader:240 - Cannot read IP mode file for STMicroelectronics.X-CUBE-IPS.3.2.0
2026-04-08 17:21:24,594 [WARN] PackLoader:240 - Cannot read IP mode file for STMicroelectronics.eDS-WB_DPC_TT-BIDIR.2.1.1
2026-04-08 17:21:24,606 [WARN] PackLoader:240 - Cannot read IP mode file for STMicroelectronics.X-CUBE-NFC12.1.0.0
2026-04-08 17:21:24,641 [WARN] PackLoader:240 - Cannot read IP mode file for STMicroelectronics.X-CUBE-AZRTOS-L5.2.0.0
2026-04-08 17:21:24,652 [WARN] PackLoader:240 - Cannot read IP mode file for STMicroelectronics.eDS-WB_DPC_VIENNA.1.2.0
2026-04-08 17:21:24,662 [WARN] PackLoader:240 - Cannot read IP mode file for STMicroelectronics.eDS-WB_DPC_3PH2L-BIDIR.1.1.1
2026-04-08 17:21:24,673 [WARN] PackLoader:240 - Cannot read IP mode file for STMicroelectronics.X-CUBE-TOUCHGFX.4.26.0
2026-04-08 17:21:24,678 [WARN] PackLoader:240 - Cannot read IP mode file for STMicroelectronics.X-CUBE-TOUCHGFX.4.26.1
2026-04-08 17:21:24,707 [WARN] PackLoader:240 - Cannot read IP mode file for STMicroelectronics.FP-SNS-STAIOTCFT.1.0.0
2026-04-08 17:21:24,722 [WARN] PackLoader:240 - Cannot read IP mode file for STMicroelectronics.X-CUBE-DPower.1.3.0
2026-04-08 17:21:24,753 [WARN] ConditionMgr:438 - getConditionDescription Invalid condition id : LAN8742 Phy interface Condition cause : null
2026-04-08 17:21:24,754 [WARN] PackLoader:240 - Cannot read IP mode file for STMicroelectronics.X-CUBE-AZRTOS-L4.2.0.0
2026-04-08 17:21:24,756 [WARN] ConditionMgr:1044 - genDependencies : Invalid condition id : LAN8742 Phy interface Condition cause : null
2026-04-08 17:21:24,757 [WARN] ConditionMgr:1044 - genDependencies : Invalid condition id : LAN8742 Phy interface Condition cause : null
2026-04-08 17:21:24,758 [WARN] ConditionMgr:1044 - genDependencies : Invalid condition id : LAN8742 Phy interface Condition cause : null
2026-04-08 17:21:24,772 [WARN] PackLoader:240 - Cannot read IP mode file for STMicroelectronics.X-CUBE-SFXS2LP1.4.0.0
2026-04-08 17:21:24,785 [WARN] PackLoader:240 - Cannot read IP mode file for STMicroelectronics.X-CUBE-ST67W61.1.2.0
2026-04-08 17:21:24,805 [WARN] PackLoader:240 - Cannot read IP mode file for STMicroelectronics.X-CUBE-BLEMGR.4.1.0
2026-04-08 17:21:24,835 [WARN] ConditionMgr:438 - getConditionDescription Invalid condition id : UX DEVICE CLASS RTOS Condition cause : null
2026-04-08 17:21:24,836 [WARN] ConditionMgr:438 - getConditionDescription Invalid condition id : UX DEVICE CLASS RTOS Condition cause : null
2026-04-08 17:21:24,840 [WARN] PackLoader:240 - Cannot read IP mode file for STMicroelectronics.X-CUBE-AZRTOS-WB.2.0.0
2026-04-08 17:21:24,841 [WARN] ConditionMgr:1044 - genDependencies : Invalid condition id : UX DEVICE CLASS RTOS Condition cause : null
2026-04-08 17:21:24,842 [WARN] ConditionMgr:1044 - genDependencies : Invalid condition id : UX DEVICE CLASS RTOS Condition cause : null
2026-04-08 17:21:24,842 [WARN] ConditionMgr:1044 - genDependencies : Invalid condition id : UX DEVICE CLASS RTOS Condition cause : null
2026-04-08 17:21:24,843 [WARN] ConditionMgr:1044 - genDependencies : Invalid condition id : UX DEVICE CLASS RTOS Condition cause : null
2026-04-08 17:21:24,844 [WARN] ConditionMgr:1044 - genDependencies : Invalid condition id : UX DEVICE CLASS RTOS Condition cause : null
2026-04-08 17:21:24,853 [WARN] ConditionMgr:438 - getConditionDescription Invalid condition id : Cortex-A Device cause : null
2026-04-08 17:21:24,871 [WARN] ConditionMgr:1044 - genDependencies : Invalid condition id : Cortex-A Device cause : null
2026-04-08 17:21:24,872 [WARN] ConditionMgr:1044 - genDependencies : Invalid condition id : Cortex-A Device cause : null
2026-04-08 17:21:24,872 [WARN] ConditionMgr:1044 - genDependencies : Invalid condition id : Cortex-A Device cause : null
2026-04-08 17:21:24,890 [WARN] PackLoader:240 - Cannot read IP mode file for STMicroelectronics.X-CUBE-STSE01.2.0.0
2026-04-08 17:21:24,911 [WARN] PackLoader:240 - Cannot read IP mode file for STMicroelectronics.X-CUBE-SUBG2.5.0.0
2026-04-08 17:21:24,943 [WARN] PackLoader:240 - Cannot read IP mode file for STMicroelectronics.X-CUBE-AZRTOS-G4.2.0.0
2026-04-08 17:21:24,953 [WARN] PackLoader:240 - Cannot read IP mode file for wolfSSL.I-CUBE-wolfSSH.1.4.20
2026-04-08 17:21:24,964 [WARN] PackLoader:240 - Cannot read IP mode file for STMicroelectronics.X-CUBE-NFC7.2.0.0
2026-04-08 17:21:24,972 [WARN] PackLoader:240 - Cannot read IP mode file for STMicroelectronics.X-CUBE-ALS.1.0.2
2026-04-08 17:21:24,989 [WARN] PackLoader:240 - Cannot read IP mode file for STMicroelectronics.X-CUBE-TOF1.3.4.3
2026-04-08 17:21:25,010 [INFO] ThirdParty:978 - Integrity check success = true
2026-04-08 17:21:25,011 [INFO] IntegrityCheckThread:100 - exiting critical section [integrity check]
2026-04-08 17:21:25,011 [INFO] IntegrityCheckThread:103 - End integrity checks thread
2026-04-08 17:21:25,481 [INFO] WebApp:463 - Apply proxy settings
2026-04-08 17:21:25,482 [INFO] WebApp:548 - Chromium requires no authentication
2026-04-08 17:21:25,556 [INFO] WebApp:491 - Direct internet connection detected
2026-04-08 17:21:25,691 [INFO] WebApp:900 - Register for checkConnection events
2026-04-08 17:21:25,692 [INFO] WebApp:463 - Apply proxy settings
2026-04-08 17:21:25,692 [INFO] WebApp:548 - Chromium requires no authentication
2026-04-08 17:21:25,693 [INFO] WebApp:491 - Direct internet connection detected
2026-04-08 17:21:26,268 [INFO] WebApp:225 - Starting web application
2026-04-08 17:21:26,268 [INFO] WebApp:593 - Web application path used C:\ST\STM32CubeIDE_1.19.0\STM32CubeIDE\plugins\com.st.stm32cube.common.mx_6.15.0.202507011659\db\plugins\mcufinder\reactClient1\index.html
2026-04-08 17:21:26,525 [INFO] UserAuth:487 - Internet connection configuration mode: 1
2026-04-08 17:21:28,067 [INFO] WebApp:191 - Connection restablished
2026-04-08 17:27:19,815 [INFO] WebApp:194 - Connection lost
2026-04-08 17:27:20,052 [INFO] WebApp:191 - Connection restablished
2026-04-08 17:35:20,241 [ERROR] LogOutputStream:75 - [STDERR_REDIRECT] 
2026-04-08 21:03:01,264 [INFO] Activator:176 - 


2026-04-08 21:03:01,267 [INFO] Activator:177 - !SESSION log4j initialized
2026-04-08 21:03:09,236 [INFO] LogOutputStream:77 - [STDOUT_REDIRECT] 
2026-04-08 21:03:15,723 [INFO] ApplicationProperties:184 - Using Application install path: C:\ST\STM32CubeIDE_1.19.0\STM32CubeIDE\plugins\com.st.stm32cube.common.mx_6.15.0.202507011659
2026-04-08 21:03:15,745 [INFO] DbMcusXml:78 - Set database path to: C:\ST\STM32CubeIDE_1.19.0\STM32CubeIDE\plugins\com.st.stm32cube.common.mx_6.15.0.202507011659\\db\/mcu/
2026-04-08 21:03:15,745 [INFO] ApiDb:274 - Set plugin database path to: C:\ST\STM32CubeIDE_1.19.0\STM32CubeIDE\plugins\com.st.stm32cube.common.mx_6.15.0.202507011659\\db\/plugins/boardmanager/
2026-04-08 21:03:15,745 [WARN] ApiDb:259 - Overriding images path with different value:  => C:\ST\STM32CubeIDE_1.19.0\STM32CubeIDE\plugins\com.st.stm32cube.common.mx_6.15.0.202507011659\\db\/plugins/mcufinder/images/
2026-04-08 21:03:15,756 [INFO] ApiDb:250 - Set database path to: C:\Users\User\.stmcufinder\plugins\mcufinder//mcu/
2026-04-08 21:03:15,757 [INFO] DbMcusAds:125 - Set database path to: C:\Users\User\.stmcufinder\plugins\mcufinder//mcu/
2026-04-08 21:03:15,761 [INFO] CrossReferenceDbSqlite:203 - Set database path to: C:\Users\User\.stmcufinder\plugins\mcufinder//mcu/cs/
2026-04-08 21:03:15,896 [INFO] RulesReader:64 - Compatibility file has been processed (317 Rules)
2026-04-08 21:03:16,031 [INFO] DbMcusXml:78 - Set database path to: C:\ST\STM32CubeIDE_1.19.0\STM32CubeIDE\plugins\com.st.stm32cube.common.mx_6.15.0.202507011659\\db\/mcu/
2026-04-08 21:03:16,032 [INFO] ApiDb:274 - Set plugin database path to: C:\ST\STM32CubeIDE_1.19.0\STM32CubeIDE\plugins\com.st.stm32cube.common.mx_6.15.0.202507011659\\db\/plugins/boardmanager/
2026-04-08 21:03:16,032 [INFO] ApiDb:261 - Set plugin images path to: C:\ST\STM32CubeIDE_1.19.0\STM32CubeIDE\plugins\com.st.stm32cube.common.mx_6.15.0.202507011659\\db\/plugins/mcufinder/images/
2026-04-08 21:03:16,032 [WARN] DbFile:41 - Overriding database path with different value: C:\Users\User\.stmcufinder\plugins\mcufinder/ => C:\Users\User\.stmcufinder\plugins\mcufinder
2026-04-08 21:03:16,032 [INFO] ApiDb:250 - Set database path to: C:\Users\User\.stmcufinder\plugins\mcufinder//mcu/
2026-04-08 21:03:16,032 [WARN] DbFile:41 - Overriding database path with different value: C:\Users\User\.stmcufinder\plugins\mcufinder/ => C:\Users\User\.stmcufinder\plugins\mcufinder
2026-04-08 21:03:16,032 [INFO] DbMcusAds:125 - Set database path to: C:\Users\User\.stmcufinder\plugins\mcufinder//mcu/
2026-04-08 21:03:16,032 [WARN] DbFile:41 - Overriding database path with different value: C:\Users\User\.stmcufinder\plugins\mcufinder/ => C:\Users\User\.stmcufinder\plugins\mcufinder
2026-04-08 21:03:16,032 [WARN] DbFile:41 - Overriding database path with different value: C:\Users\User\.stmcufinder\plugins\mcufinder/ => C:\Users\User\.stmcufinder\plugins\mcufinder
2026-04-08 21:03:16,034 [INFO] CrossReferenceDbSqlite:203 - Set database path to: C:\Users\User\.stmcufinder\plugins\mcufinder//mcu/cs/
2026-04-08 21:03:16,168 [INFO] MainPanel:274 - HeapMemory: 268435456
2026-04-08 21:03:16,350 [INFO] DbMcusXml:78 - Set database path to: C:\ST\STM32CubeIDE_1.19.0\STM32CubeIDE\plugins\com.st.stm32cube.common.mx_6.15.0.202507011659\\db\/mcu/
2026-04-08 21:03:16,351 [INFO] ApiDb:274 - Set plugin database path to: C:\ST\STM32CubeIDE_1.19.0\STM32CubeIDE\plugins\com.st.stm32cube.common.mx_6.15.0.202507011659\\db\/plugins/boardmanager/
2026-04-08 21:03:16,351 [INFO] ApiDb:261 - Set plugin images path to: C:\ST\STM32CubeIDE_1.19.0\STM32CubeIDE\plugins\com.st.stm32cube.common.mx_6.15.0.202507011659\\db\/plugins/mcufinder/images/
2026-04-08 21:03:16,354 [WARN] DbFile:41 - Overriding database path with different value: C:\Users\User\.stmcufinder\plugins\mcufinder/ => C:\Users\User\.stmcufinder\plugins\mcufinder
2026-04-08 21:03:16,354 [INFO] ApiDb:250 - Set database path to: C:\Users\User\.stmcufinder\plugins\mcufinder//mcu/
2026-04-08 21:03:16,354 [WARN] DbFile:41 - Overriding database path with different value: C:\Users\User\.stmcufinder\plugins\mcufinder/ => C:\Users\User\.stmcufinder\plugins\mcufinder
2026-04-08 21:03:16,354 [INFO] DbMcusAds:125 - Set database path to: C:\Users\User\.stmcufinder\plugins\mcufinder//mcu/
2026-04-08 21:03:16,354 [WARN] DbFile:41 - Overriding database path with different value: C:\Users\User\.stmcufinder\plugins\mcufinder/ => C:\Users\User\.stmcufinder\plugins\mcufinder
2026-04-08 21:03:16,354 [WARN] DbFile:41 - Overriding database path with different value: C:\Users\User\.stmcufinder\plugins\mcufinder/ => C:\Users\User\.stmcufinder\plugins\mcufinder
2026-04-08 21:03:16,354 [INFO] CrossReferenceDbSqlite:203 - Set database path to: C:\Users\User\.stmcufinder\plugins\mcufinder//mcu/cs/
2026-04-08 21:03:16,388 [INFO] ApplicationProperties:184 - Using Application install path: C:\ST\STM32CubeIDE_1.19.0\STM32CubeIDE\plugins\com.st.stm32cube.common.mx_6.15.0.202507011659
2026-04-08 21:03:16,389 [INFO] PluginManage:196 - Search for loadable plugins [exclusion list=, ]
2026-04-08 21:03:16,391 [INFO] PluginManage:310 - Check plugin analytics
2026-04-08 21:03:21,562 [INFO] AnalyticsPlugin:253 - Accepted Software Licenses: STM32CubeMX.6.16.1,STM32CubeMX.6.17.0
2026-04-08 21:03:21,562 [INFO] AnalyticsPlugin:255 - Accepted CMSIS Pack Licenses: 
2026-04-08 21:03:21,562 [INFO] AnalyticsPlugin:257 - Accepted Firmware Licenses: FW.C0.1.1.0
2026-04-08 21:03:21,567 [INFO] PluginManage:359 - Loaded plugin analytics (category:tool,tabindex:-1)
2026-04-08 21:03:21,567 [INFO] PluginManage:310 - Check plugin cadmodel
2026-04-08 21:03:21,574 [INFO] CADModel:105 - Init CAD model plugin
2026-04-08 21:03:21,574 [INFO] PluginManage:359 - Loaded plugin cadmodel (category:power,tabindex:5)
2026-04-08 21:03:21,574 [INFO] PluginManage:310 - Check plugin clock
2026-04-08 21:03:21,590 [INFO] PluginManage:359 - Loaded plugin clock (category:base,tabindex:2)
2026-04-08 21:03:21,591 [INFO] PluginManage:310 - Check plugin ddr
2026-04-08 21:03:21,593 [INFO] PluginManage:359 - Loaded plugin ddr (category:tool,tabindex:6)
2026-04-08 21:03:21,593 [INFO] PluginManage:310 - Check plugin filemanager
2026-04-08 21:03:21,778 [INFO] PluginManage:359 - Loaded plugin filemanager (category:base,tabindex:10)
2026-04-08 21:03:21,778 [INFO] PluginManage:310 - Check plugin ipmanager
2026-04-08 21:03:21,786 [INFO] PluginManage:359 - Loaded plugin ipmanager (category:base,tabindex:5)
2026-04-08 21:03:21,787 [INFO] PluginManage:310 - Check plugin lpbam
2026-04-08 21:03:21,795 [INFO] PluginManage:359 - Loaded plugin lpbam (category:base,tabindex:0)
2026-04-08 21:03:21,795 [INFO] PluginManage:310 - Check plugin memorymap
2026-04-08 21:03:21,812 [INFO] PluginManage:359 - Loaded plugin memorymap (category:base,tabindex:4)
2026-04-08 21:03:21,812 [INFO] PluginManage:310 - Check plugin pinoutandconfiguration
2026-04-08 21:03:21,824 [INFO] PluginManage:359 - Loaded plugin pinoutandconfiguration (category:base,tabindex:1)
2026-04-08 21:03:21,824 [INFO] PluginManage:310 - Check plugin pinoutconfig
2026-04-08 21:03:21,946 [WARN] SupportedApi:132 - Cannot load RTOS API schema: s4s-elt-must-match.1: The content of 'definitions' must match (annotation?, (simpleType | complexType)?, (unique | key | keyref)*)). A problem was found starting at: attribute.
2026-04-08 21:03:22,107 [INFO] PluginManage:359 - Loaded plugin pinoutconfig (category:base,tabindex:0)
2026-04-08 21:03:22,107 [INFO] PluginManage:310 - Check plugin power
2026-04-08 21:03:22,125 [INFO] PluginManage:359 - Loaded plugin power (category:power,tabindex:4)
2026-04-08 21:03:22,126 [INFO] PluginManage:310 - Check plugin projectmanager
2026-04-08 21:03:22,142 [INFO] PluginManage:359 - Loaded plugin projectmanager (category:projectmanager,tabindex:4)
2026-04-08 21:03:22,143 [INFO] PluginManage:310 - Check plugin rif
2026-04-08 21:03:22,154 [INFO] PluginManage:359 - Loaded plugin rif (category:base,tabindex:3)
2026-04-08 21:03:22,154 [INFO] PluginManage:310 - Check plugin thirdparty
2026-04-08 21:03:22,347 [INFO] PluginManage:359 - Loaded plugin thirdparty (category:base,tabindex:-1)
2026-04-08 21:03:22,347 [WARN] IntegrityCheckThread:84 - waiting for thirdparty lock release [integrity check]
2026-04-08 21:03:22,347 [INFO] PluginManage:310 - Check plugin tools
2026-04-08 21:03:22,347 [INFO] IntegrityCheckThread:86 - entering critical section [integrity check]
2026-04-08 21:03:22,348 [INFO] ThirdPartyUpdaterWithRetryManager:70 - Updater plugin not ready yet. [1/15]
2026-04-08 21:03:22,356 [INFO] PluginManage:359 - Loaded plugin tools (category:base,tabindex:7)
2026-04-08 21:03:22,356 [INFO] PluginManage:310 - Check plugin tutovideos
2026-04-08 21:03:22,663 [INFO] PluginManage:359 - Loaded plugin tutovideos (category:base,tabindex:-1)
2026-04-08 21:03:22,663 [INFO] PluginManage:310 - Check plugin updater
2026-04-08 21:03:22,690 [INFO] PluginManage:359 - Loaded plugin updater (category:base,tabindex:12)
2026-04-08 21:03:22,690 [INFO] PluginManage:310 - Check plugin userauth
2026-04-08 21:03:22,695 [INFO] UserAuth:118 - Init User Auth plugin
2026-04-08 21:03:22,696 [INFO] PluginManage:359 - Loaded plugin userauth (category:base,tabindex:14)
2026-04-08 21:03:22,697 [INFO] PluginManage:283 - PluginManage : Loaded plugins [18]
2026-04-08 21:03:22,990 [INFO] PinOutPanel:1589 - setPackage(No Configuration,No Configuration)
2026-04-08 21:03:23,117 [INFO] CADModel:165 - CPN selected for project level
2026-04-08 21:03:23,118 [INFO] CADModel:114 - Register for checkConnection events
2026-04-08 21:03:23,141 [INFO] IPUIPlugin:80 - create IPUIPlugin
2026-04-08 21:03:23,141 [INFO] PluginManager:220 - loadIPPluginJar : add adc
2026-04-08 21:03:23,146 [INFO] IPUIPlugin:80 - create IPUIPlugin
2026-04-08 21:03:23,147 [INFO] PluginManager:220 - loadIPPluginJar : add aes
2026-04-08 21:03:23,151 [INFO] IPUIPlugin:80 - create IPUIPlugin
2026-04-08 21:03:23,151 [INFO] PluginManager:220 - loadIPPluginJar : add can
2026-04-08 21:03:23,154 [INFO] IPUIPlugin:80 - create IPUIPlugin
2026-04-08 21:03:23,154 [INFO] PluginManager:220 - loadIPPluginJar : add comp
2026-04-08 21:03:23,157 [INFO] IPUIPlugin:80 - create IPUIPlugin
2026-04-08 21:03:23,157 [INFO] PluginManager:220 - loadIPPluginJar : add cryp
2026-04-08 21:03:23,162 [INFO] IPUIPlugin:80 - create IPUIPlugin
2026-04-08 21:03:23,162 [INFO] PluginManager:220 - loadIPPluginJar : add ddr_ctrl_phy
2026-04-08 21:03:23,167 [INFO] IPUIPlugin:80 - create IPUIPlugin
2026-04-08 21:03:23,167 [INFO] PluginManager:220 - loadIPPluginJar : add dfsdm
2026-04-08 21:03:23,173 [INFO] IPUIPlugin:80 - create IPUIPlugin
2026-04-08 21:03:23,174 [INFO] PluginManager:220 - loadIPPluginJar : add dma
2026-04-08 21:03:23,178 [INFO] IPUIPlugin:80 - create IPUIPlugin
2026-04-08 21:03:23,178 [INFO] PluginManager:220 - loadIPPluginJar : add dma3
2026-04-08 21:03:23,182 [INFO] IPUIPlugin:80 - create IPUIPlugin
2026-04-08 21:03:23,182 [INFO] PluginManager:220 - loadIPPluginJar : add extmemmanager
2026-04-08 21:03:23,185 [INFO] IPUIPlugin:80 - create IPUIPlugin
2026-04-08 21:03:23,186 [INFO] PluginManager:220 - loadIPPluginJar : add fatfs
2026-04-08 21:03:23,191 [INFO] IPUIPlugin:80 - create IPUIPlugin
2026-04-08 21:03:23,191 [INFO] PluginManager:220 - loadIPPluginJar : add fmc
2026-04-08 21:03:23,201 [INFO] IPUIPlugin:80 - create IPUIPlugin
2026-04-08 21:03:23,202 [INFO] PluginManager:220 - loadIPPluginJar : add freertos
2026-04-08 21:03:23,204 [INFO] IPUIPlugin:80 - create IPUIPlugin
2026-04-08 21:03:23,204 [INFO] PluginManager:220 - loadIPPluginJar : add genericplugin
2026-04-08 21:03:23,207 [INFO] IPUIPlugin:80 - create IPUIPlugin
2026-04-08 21:03:23,207 [INFO] PluginManager:220 - loadIPPluginJar : add gfxmmu
2026-04-08 21:03:23,214 [INFO] IPUIPlugin:80 - create IPUIPlugin
2026-04-08 21:03:23,215 [INFO] PluginManager:220 - loadIPPluginJar : add gic
2026-04-08 21:03:23,222 [INFO] IPUIPlugin:80 - create IPUIPlugin
2026-04-08 21:03:23,222 [INFO] PluginManager:220 - loadIPPluginJar : add gpio
2026-04-08 21:03:23,227 [INFO] IPUIPlugin:80 - create IPUIPlugin
2026-04-08 21:03:23,227 [INFO] PluginManager:220 - loadIPPluginJar : add gtzc
2026-04-08 21:03:23,230 [INFO] IPUIPlugin:80 - create IPUIPlugin
2026-04-08 21:03:23,231 [INFO] PluginManager:220 - loadIPPluginJar : add hash
2026-04-08 21:03:23,236 [INFO] IPUIPlugin:80 - create IPUIPlugin
2026-04-08 21:03:23,236 [INFO] PluginManager:220 - loadIPPluginJar : add i2c
2026-04-08 21:03:23,241 [INFO] IPUIPlugin:80 - create IPUIPlugin
2026-04-08 21:03:23,241 [INFO] PluginManager:220 - loadIPPluginJar : add i2s
2026-04-08 21:03:23,246 [INFO] IPUIPlugin:80 - create IPUIPlugin
2026-04-08 21:03:23,246 [INFO] PluginManager:220 - loadIPPluginJar : add i3c
2026-04-08 21:03:23,251 [INFO] IPUIPlugin:80 - create IPUIPlugin
2026-04-08 21:03:23,251 [INFO] PluginManager:220 - loadIPPluginJar : add ipddr
2026-04-08 21:03:23,260 [INFO] IPUIPlugin:80 - create IPUIPlugin
2026-04-08 21:03:23,260 [INFO] PluginManager:220 - loadIPPluginJar : add linkedlist
2026-04-08 21:03:23,264 [INFO] IPUIPlugin:80 - create IPUIPlugin
2026-04-08 21:03:23,264 [INFO] PluginManager:220 - loadIPPluginJar : add lorawan
2026-04-08 21:03:23,268 [INFO] IPUIPlugin:80 - create IPUIPlugin
2026-04-08 21:03:23,268 [INFO] PluginManager:220 - loadIPPluginJar : add ltdc
2026-04-08 21:03:23,281 [INFO] IPUIPlugin:80 - create IPUIPlugin
2026-04-08 21:03:23,281 [INFO] PluginManager:220 - loadIPPluginJar : add mdma
2026-04-08 21:03:23,292 [INFO] IPUIPlugin:80 - create IPUIPlugin
2026-04-08 21:03:23,292 [INFO] PluginManager:220 - loadIPPluginJar : add nvic
2026-04-08 21:03:23,301 [INFO] IPUIPlugin:80 - create IPUIPlugin
2026-04-08 21:03:23,301 [INFO] PluginManager:220 - loadIPPluginJar : add opamp
2026-04-08 21:03:23,311 [INFO] IPUIPlugin:80 - create IPUIPlugin
2026-04-08 21:03:23,313 [INFO] PluginManager:220 - loadIPPluginJar : add openamp
2026-04-08 21:03:23,322 [INFO] IPUIPlugin:80 - create IPUIPlugin
2026-04-08 21:03:23,322 [INFO] PluginManager:220 - loadIPPluginJar : add pdm2pcm
2026-04-08 21:03:23,340 [INFO] IPUIPlugin:80 - create IPUIPlugin
2026-04-08 21:03:23,347 [INFO] PluginManager:220 - loadIPPluginJar : add plateformsettings
2026-04-08 21:03:23,355 [INFO] IPUIPlugin:80 - create IPUIPlugin
2026-04-08 21:03:23,355 [INFO] PluginManager:220 - loadIPPluginJar : add quadspi
2026-04-08 21:03:23,359 [INFO] IPUIPlugin:80 - create IPUIPlugin
2026-04-08 21:03:23,361 [INFO] PluginManager:220 - loadIPPluginJar : add radio
2026-04-08 21:03:23,372 [INFO] IPUIPlugin:80 - create IPUIPlugin
2026-04-08 21:03:23,373 [INFO] PluginManager:220 - loadIPPluginJar : add resmgrutility
2026-04-08 21:03:23,382 [INFO] IPUIPlugin:80 - create IPUIPlugin
2026-04-08 21:03:23,382 [INFO] PluginManager:220 - loadIPPluginJar : add sai
2026-04-08 21:03:23,390 [INFO] IPUIPlugin:80 - create IPUIPlugin
2026-04-08 21:03:23,390 [INFO] PluginManager:220 - loadIPPluginJar : add spi
2026-04-08 21:03:23,406 [INFO] IPUIPlugin:80 - create IPUIPlugin
2026-04-08 21:03:23,406 [INFO] PluginManager:220 - loadIPPluginJar : add stm32_wpan
2026-04-08 21:03:23,411 [INFO] IPUIPlugin:80 - create IPUIPlugin
2026-04-08 21:03:23,412 [INFO] PluginManager:220 - loadIPPluginJar : add tim
2026-04-08 21:03:23,422 [INFO] IPUIPlugin:80 - create IPUIPlugin
2026-04-08 21:03:23,422 [INFO] PluginManager:220 - loadIPPluginJar : add touchsensing
2026-04-08 21:03:23,428 [INFO] IPUIPlugin:80 - create IPUIPlugin
2026-04-08 21:03:23,429 [INFO] PluginManager:220 - loadIPPluginJar : add tracer_emb
2026-04-08 21:03:23,434 [INFO] IPUIPlugin:80 - create IPUIPlugin
2026-04-08 21:03:23,434 [INFO] PluginManager:220 - loadIPPluginJar : add ts
2026-04-08 21:03:23,440 [INFO] IPUIPlugin:80 - create IPUIPlugin
2026-04-08 21:03:23,440 [INFO] PluginManager:220 - loadIPPluginJar : add tsc
2026-04-08 21:03:23,444 [INFO] IPUIPlugin:80 - create IPUIPlugin
2026-04-08 21:03:23,445 [INFO] PluginManager:220 - loadIPPluginJar : add ucpd
2026-04-08 21:03:23,457 [INFO] IPUIPlugin:80 - create IPUIPlugin
2026-04-08 21:03:23,458 [INFO] PluginManager:220 - loadIPPluginJar : add usart
2026-04-08 21:03:23,467 [INFO] IPUIPlugin:80 - create IPUIPlugin
2026-04-08 21:03:23,473 [INFO] PluginManager:220 - loadIPPluginJar : add usbx
2026-04-08 21:03:23,666 [FATAL] Updater:351 - Updater called before beeing initialized
2026-04-08 21:03:23,706 [INFO] RulesReader:64 - Compatibility file has been processed (317 Rules)
2026-04-08 21:03:23,724 [INFO] RulesReader:64 - Compatibility file has been processed (317 Rules)
2026-04-08 21:03:23,735 [INFO] CADModel:165 - CPN selected for project level
2026-04-08 21:03:23,735 [INFO] CADModel:114 - Register for checkConnection events
2026-04-08 21:03:23,735 [FATAL] Updater:351 - Updater called before beeing initialized
2026-04-08 21:03:23,735 [ERROR] CADModel:125 - Updater not yet initialized, retry later 
2026-04-08 21:03:23,944 [FATAL] Updater:351 - Updater called before beeing initialized
2026-04-08 21:03:23,948 [INFO] CADModel:165 - CPN selected for project level
2026-04-08 21:03:23,948 [INFO] CADModel:114 - Register for checkConnection events
2026-04-08 21:03:23,949 [FATAL] Updater:351 - Updater called before beeing initialized
2026-04-08 21:03:23,949 [ERROR] CADModel:125 - Updater not yet initialized, retry later 
2026-04-08 21:03:23,953 [FATAL] Updater:351 - Updater called before beeing initialized
2026-04-08 21:03:24,124 [FATAL] Updater:351 - Updater called before beeing initialized
2026-04-08 21:03:24,127 [INFO] DbMcusAds:53 - JSON generation date=Thu Mar 05 11:32:52 BRT 2026 (1772721172890)
2026-04-08 21:03:24,128 [FATAL] Updater:351 - Updater called before beeing initialized
2026-04-08 21:03:24,205 [WARN] DetailPanel:346 - Failed to get advertising image, set to default
2026-04-08 21:03:24,415 [FATAL] Updater:351 - Updater called before beeing initialized
2026-04-08 21:03:24,419 [FATAL] Updater:351 - Updater called before beeing initialized
2026-04-08 21:03:24,420 [FATAL] Updater:351 - Updater called before beeing initialized
2026-04-08 21:03:24,420 [WARN] DetailPanel:346 - Failed to get advertising image, set to default
2026-04-08 21:03:24,423 [FATAL] Updater:351 - Updater called before beeing initialized
2026-04-08 21:03:24,572 [ERROR] Updater:1198 - MainUpdater not yet initialized. External WinMGr cannot be set.
2026-04-08 21:03:24,579 [INFO] Updater:1134 - Updater Version found : 6.15.0
2026-04-08 21:03:24,613 [INFO] ApplicationProperties:184 - Using Application install path: C:\ST\STM32CubeIDE_1.19.0\STM32CubeIDE\plugins\com.st.stm32cube.common.mx_6.15.0.202507011659
2026-04-08 21:03:25,340 [INFO] MainUpdater:2872 - connection check result : 10
2026-04-08 21:03:25,342 [INFO] MainUpdater:289 - Updater Check For Update Now.
2026-04-08 21:03:25,342 [INFO] MicroXplorer:498 - Change Database Version : DB.6.0.150
2026-04-08 21:03:25,350 [INFO] ThirdPartyUpdaterWithRetryManager:70 - Updater plugin not ready yet. [2/15]
2026-04-08 21:03:25,380 [INFO] McuFinderGlobals:63 - Set McuFinder mode to 2 (CubeIDE integrated)
2026-04-08 21:03:25,385 [INFO] UserAuth:487 - Internet connection configuration mode: 1
2026-04-08 21:03:25,466 [INFO] JxBrowserEngine:152 - Initiate JxBrowser Engine with user profile folder
2026-04-08 21:03:25,617 [INFO] CheckServerUpdateThread:120 - End of CheckServer Thread
2026-04-08 21:03:28,467 [INFO] WebApp:169 - Instantiating new browser for Auth
2026-04-08 21:03:29,157 [WARN] PackLoader:240 - Cannot read IP mode file for STMicroelectronics.X-CUBE-AZRTOS-H7.3.5.0
2026-04-08 21:03:29,174 [WARN] PackLoader:240 - Cannot read IP mode file for STMicroelectronics.FP-SNS-MOTENVWB1.1.4.0
2026-04-08 21:03:29,193 [WARN] PackLoader:240 - Cannot read IP mode file for STMicroelectronics.FP-ATR-ASTRA1.2.0.2
2026-04-08 21:03:29,212 [WARN] PackLoader:240 - Cannot read IP mode file for STMicroelectronics.X-CUBE-SMBUS.2.1.0
2026-04-08 21:03:29,240 [WARN] PackLoader:240 - Cannot read IP mode file for STMicroelectronics.X-CUBE-AZRTOS-F7.1.1.0
2026-04-08 21:03:29,261 [WARN] PackLoader:240 - Cannot read IP mode file for STMicroelectronics.FP-SNS-MOTENV1.5.1.0
2026-04-08 21:03:29,274 [WARN] PackLoader:240 - Cannot read IP mode file for WES.I-CUBE-Cesium.1.4.0
2026-04-08 21:03:29,306 [WARN] PackLoader:240 - Cannot read IP mode file for STMicroelectronics.X-CUBE-AZRTOS-H7.3.4.0
2026-04-08 21:03:29,323 [WARN] PackLoader:240 - Cannot read IP mode file for STMicroelectronics.X-CUBE-DISPLAY.3.0.0
2026-04-08 21:03:29,338 [WARN] PackLoader:240 - Cannot read IP mode file for STMicroelectronics.FP-SNS-MOTENVWB1.1.5.0
2026-04-08 21:03:29,354 [WARN] PackLoader:240 - Cannot read IP mode file for STMicroelectronics.X-CUBE-NFC10.1.0.0
2026-04-08 21:03:29,367 [WARN] PackLoader:240 - Cannot read IP mode file for STMicroelectronics.X-CUBE-ST60.1.1.0
2026-04-08 21:03:29,378 [WARN] PackLoader:240 - Cannot read IP mode file for emotas.I-CUBE-CANOPEN.1.3.0
2026-04-08 21:03:29,389 [WARN] PackLoader:240 - Cannot read IP mode file for STMicroelectronics.X-CUBE-GNSS1.7.1.0
2026-04-08 21:03:29,401 [WARN] PackLoader:240 - Cannot read IP mode file for STMicroelectronics.FP-SNS-STBOX1.2.1.0
2026-04-08 21:03:29,413 [WARN] PackLoader:240 - Cannot read IP mode file for STMicroelectronics.FP-SNS-SMARTAG2.1.2.0
2026-04-08 21:03:29,420 [WARN] PackLoader:240 - Cannot read IP mode file for STMicroelectronics.FP-SNS-FLIGHT1.5.1.0
2026-04-08 21:03:29,435 [INFO] LogOutputStream:77 - [STDOUT_REDIRECT] 1 : Invalid condition id : UX_CORESTACK_Condition cause : null
2026-04-08 21:03:29,436 [INFO] LogOutputStream:77 - [STDOUT_REDIRECT] 1 : Invalid condition id : UX_CORESTACK_Condition cause : null
2026-04-08 21:03:29,439 [INFO] LogOutputStream:77 - [STDOUT_REDIRECT] 1 : Invalid condition id : UX_CORESTACK_Condition cause : null
2026-04-08 21:03:29,441 [INFO] LogOutputStream:77 - [STDOUT_REDIRECT] 1 : Invalid condition id : UX_CORESTACK_Condition cause : null
2026-04-08 21:03:29,444 [INFO] LogOutputStream:77 - [STDOUT_REDIRECT] 1 : Invalid condition id : UX_CORESTACK_Condition cause : null
2026-04-08 21:03:29,449 [WARN] PackLoader:240 - Cannot read IP mode file for STMicroelectronics.X-CUBE-AZRTOS-WL.2.0.0
2026-04-08 21:03:29,482 [WARN] PackLoader:240 - Cannot read IP mode file for STMicroelectronics.X-CUBE-AZRTOS-H7RS.1.2.0
2026-04-08 21:03:29,499 [WARN] PackLoader:240 - Cannot read IP mode file for STMicroelectronics.X-CUBE-BLE2.3.3.0
2026-04-08 21:03:29,566 [WARN] PackLoader:240 - Cannot read IP mode file for Infineon.AIROC-Wi-Fi-Bluetooth-STM32.1.8.0
2026-04-08 21:03:29,583 [WARN] PackLoader:240 - Cannot read IP mode file for STMicroelectronics.X-CUBE-NFC9.1.0.0
2026-04-08 21:03:29,593 [WARN] PackLoader:240 - Cannot read IP mode file for STMicroelectronics.X-CUBE-BLE1.7.1.0
2026-04-08 21:03:29,603 [WARN] PackLoader:240 - Cannot read IP mode file for wolfSSL.I-CUBE-wolfMQTT.1.19.2
2026-04-08 21:03:29,614 [WARN] PackLoader:240 - Cannot read IP mode file for STMicroelectronics.X-CUBE-FREERTOS.1.4.0
2026-04-08 21:03:29,624 [WARN] PackLoader:240 - Cannot read IP mode file for STMicroelectronics.X-CUBE-EEPRMA1.5.2.0
2026-04-08 21:03:29,634 [WARN] PackLoader:240 - Cannot read IP mode file for wolfSSL.I-CUBE-wolfSSL.5.8.4
2026-04-08 21:03:29,645 [WARN] PackLoader:240 - Cannot read IP mode file for Cesanta.I-CUBE-Mongoose.7.20.0
2026-04-08 21:03:29,725 [WARN] PackLoader:240 - Cannot read IP mode file for STMicroelectronics.X-CUBE-MEMS1.12.0.0
2026-04-08 21:03:29,902 [WARN] PackLoader:240 - Cannot read IP mode file for STMicroelectronics.X-CUBE-AZRTOS-G0.1.1.0
2026-04-08 21:03:29,912 [WARN] PackLoader:240 - Cannot read IP mode file for STMicroelectronics.X-CUBE-NFC4.3.0.0
2026-04-08 21:03:29,925 [WARN] PackLoader:240 - Cannot read IP mode file for EmbeddedOffice.I-CUBE-FS-RTOS.1.0.1
2026-04-08 21:03:29,933 [WARN] PackLoader:240 - Cannot read IP mode file for STMicroelectronics.X-CUBE-WB05N.2.0.0
2026-04-08 21:03:29,940 [WARN] PackLoader:240 - Cannot read IP mode file for wolfSSL.I-CUBE-wolfTPM.3.8.0
2026-04-08 21:03:29,947 [WARN] PackLoader:240 - Cannot read IP mode file for STMicroelectronics.X-CUBE-TCPP.4.2.0
2026-04-08 21:03:29,961 [WARN] PackLoader:240 - Cannot read IP mode file for RealThread.X-CUBE-RT-Thread_Nano.4.1.1
2026-04-08 21:03:29,974 [WARN] PackLoader:240 - Cannot read IP mode file for STMicroelectronics.FP-ATR-SIGFOX1.3.2.0
2026-04-08 21:03:29,992 [WARN] PackLoader:240 - Cannot read IP mode file for STMicroelectronics.X-CUBE-FREERTOS.1.5.0
2026-04-08 21:03:30,008 [WARN] PackLoader:240 - Cannot read IP mode file for ITTIA_DB.I-CUBE-ITTIADB.8.9.0
2026-04-08 21:03:30,029 [WARN] PackLoader:240 - Cannot read IP mode file for STMicroelectronics.X-CUBE-NFC6.3.2.0
2026-04-08 21:03:30,041 [WARN] PackLoader:240 - Cannot read IP mode file for STMicroelectronics.X-CUBE-AI.10.2.0
2026-04-08 21:03:30,092 [WARN] PackLoader:240 - Cannot read IP mode file for SEGGER.I-CUBE-embOS.1.3.1
2026-04-08 21:03:30,181 [WARN] PackLoader:240 - Cannot read IP mode file for STMicroelectronics.X-CUBE-ALGOBUILD.1.4.0
2026-04-08 21:03:30,193 [WARN] PackLoader:240 - Cannot read IP mode file for STMicroelectronics.X-CUBE-PM33A1.1.0.0
2026-04-08 21:03:30,231 [WARN] PackLoader:240 - Cannot read IP mode file for STMicroelectronics.X-CUBE-AZRTOS-F4.1.1.0
2026-04-08 21:03:30,242 [WARN] PackLoader:240 - Cannot read IP mode file for STMicroelectronics.X-CUBE-ISPU.2.1.0
2026-04-08 21:03:30,267 [WARN] PackLoader:240 - Cannot read IP mode file for STMicroelectronics.X-CUBE-IPS.3.2.0
2026-04-08 21:03:30,285 [WARN] PackLoader:240 - Cannot read IP mode file for STMicroelectronics.eDS-WB_DPC_TT-BIDIR.2.1.1
2026-04-08 21:03:30,300 [WARN] PackLoader:240 - Cannot read IP mode file for STMicroelectronics.X-CUBE-NFC12.1.0.0
2026-04-08 21:03:30,340 [WARN] PackLoader:240 - Cannot read IP mode file for STMicroelectronics.X-CUBE-AZRTOS-L5.2.0.0
2026-04-08 21:03:30,365 [WARN] PackLoader:240 - Cannot read IP mode file for STMicroelectronics.eDS-WB_DPC_VIENNA.1.2.0
2026-04-08 21:03:30,371 [WARN] PackLoader:240 - Cannot read IP mode file for STMicroelectronics.eDS-WB_DPC_3PH2L-BIDIR.1.1.1
2026-04-08 21:03:30,389 [WARN] PackLoader:240 - Cannot read IP mode file for STMicroelectronics.X-CUBE-TOUCHGFX.4.26.0
2026-04-08 21:03:30,402 [WARN] PackLoader:240 - Cannot read IP mode file for STMicroelectronics.X-CUBE-TOUCHGFX.4.26.1
2026-04-08 21:03:30,412 [WARN] PackLoader:240 - Cannot read IP mode file for STMicroelectronics.FP-SNS-STAIOTCFT.1.0.0
2026-04-08 21:03:30,424 [WARN] PackLoader:240 - Cannot read IP mode file for STMicroelectronics.X-CUBE-DPower.1.3.0
2026-04-08 21:03:30,487 [WARN] ConditionMgr:438 - getConditionDescription Invalid condition id : LAN8742 Phy interface Condition cause : null
2026-04-08 21:03:30,488 [WARN] PackLoader:240 - Cannot read IP mode file for STMicroelectronics.X-CUBE-AZRTOS-L4.2.0.0
2026-04-08 21:03:30,491 [WARN] ConditionMgr:1044 - genDependencies : Invalid condition id : LAN8742 Phy interface Condition cause : null
2026-04-08 21:03:30,491 [WARN] ConditionMgr:1044 - genDependencies : Invalid condition id : LAN8742 Phy interface Condition cause : null
2026-04-08 21:03:30,492 [WARN] ConditionMgr:1044 - genDependencies : Invalid condition id : LAN8742 Phy interface Condition cause : null
2026-04-08 21:03:30,515 [WARN] PackLoader:240 - Cannot read IP mode file for STMicroelectronics.X-CUBE-SFXS2LP1.4.0.0
2026-04-08 21:03:30,540 [WARN] PackLoader:240 - Cannot read IP mode file for STMicroelectronics.X-CUBE-ST67W61.1.2.0
2026-04-08 21:03:30,561 [WARN] PackLoader:240 - Cannot read IP mode file for STMicroelectronics.X-CUBE-BLEMGR.4.1.0
2026-04-08 21:03:30,596 [WARN] ConditionMgr:438 - getConditionDescription Invalid condition id : UX DEVICE CLASS RTOS Condition cause : null
2026-04-08 21:03:30,597 [WARN] ConditionMgr:438 - getConditionDescription Invalid condition id : UX DEVICE CLASS RTOS Condition cause : null
2026-04-08 21:03:30,600 [WARN] PackLoader:240 - Cannot read IP mode file for STMicroelectronics.X-CUBE-AZRTOS-WB.2.0.0
2026-04-08 21:03:30,600 [WARN] ConditionMgr:1044 - genDependencies : Invalid condition id : UX DEVICE CLASS RTOS Condition cause : null
2026-04-08 21:03:30,601 [WARN] ConditionMgr:1044 - genDependencies : Invalid condition id : UX DEVICE CLASS RTOS Condition cause : null
2026-04-08 21:03:30,602 [WARN] ConditionMgr:1044 - genDependencies : Invalid condition id : UX DEVICE CLASS RTOS Condition cause : null
2026-04-08 21:03:30,602 [WARN] ConditionMgr:1044 - genDependencies : Invalid condition id : UX DEVICE CLASS RTOS Condition cause : null
2026-04-08 21:03:30,603 [WARN] ConditionMgr:1044 - genDependencies : Invalid condition id : UX DEVICE CLASS RTOS Condition cause : null
2026-04-08 21:03:30,616 [WARN] ConditionMgr:438 - getConditionDescription Invalid condition id : Cortex-A Device cause : null
2026-04-08 21:03:30,632 [WARN] ConditionMgr:1044 - genDependencies : Invalid condition id : Cortex-A Device cause : null
2026-04-08 21:03:30,633 [WARN] ConditionMgr:1044 - genDependencies : Invalid condition id : Cortex-A Device cause : null
2026-04-08 21:03:30,633 [WARN] ConditionMgr:1044 - genDependencies : Invalid condition id : Cortex-A Device cause : null
2026-04-08 21:03:30,655 [WARN] PackLoader:240 - Cannot read IP mode file for STMicroelectronics.X-CUBE-STSE01.2.0.0
2026-04-08 21:03:30,677 [INFO] WebApp:463 - Apply proxy settings
2026-04-08 21:03:30,677 [WARN] PackLoader:240 - Cannot read IP mode file for STMicroelectronics.X-CUBE-SUBG2.5.0.0
2026-04-08 21:03:30,677 [INFO] WebApp:548 - Chromium requires no authentication
2026-04-08 21:03:30,714 [WARN] PackLoader:240 - Cannot read IP mode file for STMicroelectronics.X-CUBE-AZRTOS-G4.2.0.0
2026-04-08 21:03:30,734 [WARN] PackLoader:240 - Cannot read IP mode file for wolfSSL.I-CUBE-wolfSSH.1.4.20
2026-04-08 21:03:30,743 [INFO] WebApp:491 - Direct internet connection detected
2026-04-08 21:03:30,752 [WARN] PackLoader:240 - Cannot read IP mode file for STMicroelectronics.X-CUBE-NFC7.2.0.0
2026-04-08 21:03:30,768 [WARN] PackLoader:240 - Cannot read IP mode file for STMicroelectronics.X-CUBE-ALS.1.0.2
2026-04-08 21:03:30,795 [WARN] PackLoader:240 - Cannot read IP mode file for STMicroelectronics.X-CUBE-TOF1.3.4.3
2026-04-08 21:03:30,807 [INFO] ThirdParty:978 - Integrity check success = true
2026-04-08 21:03:30,808 [INFO] IntegrityCheckThread:100 - exiting critical section [integrity check]
2026-04-08 21:03:30,808 [INFO] IntegrityCheckThread:103 - End integrity checks thread
2026-04-08 21:03:30,905 [INFO] WebApp:900 - Register for checkConnection events
2026-04-08 21:03:30,906 [INFO] WebApp:463 - Apply proxy settings
2026-04-08 21:03:30,906 [INFO] WebApp:548 - Chromium requires no authentication
2026-04-08 21:03:30,908 [INFO] WebApp:491 - Direct internet connection detected
2026-04-08 21:03:31,265 [INFO] WebApp:191 - Connection restablished
2026-04-08 21:03:31,707 [INFO] WebApp:225 - Starting web application
2026-04-08 21:03:31,708 [INFO] WebApp:593 - Web application path used C:\ST\STM32CubeIDE_1.19.0\STM32CubeIDE\plugins\com.st.stm32cube.common.mx_6.15.0.202507011659\db\plugins\mcufinder\reactClient1\index.html
2026-04-08 21:03:31,942 [INFO] UserAuth:487 - Internet connection configuration mode: 1
2026-04-08 21:04:58,781 [INFO] WebApp:194 - Connection lost
2026-04-08 21:04:59,079 [INFO] WebApp:191 - Connection restablished
2026-04-08 21:06:30,258 [INFO] WebApp:194 - Connection lost
2026-04-08 21:06:30,582 [INFO] WebApp:191 - Connection restablished
2026-04-08 21:08:00,767 [INFO] WebApp:194 - Connection lost
2026-04-08 21:08:01,247 [INFO] WebApp:191 - Connection restablished
2026-04-08 21:09:35,763 [INFO] WebApp:194 - Connection lost
2026-04-08 21:09:36,082 [INFO] WebApp:191 - Connection restablished
2026-04-08 21:11:06,251 [INFO] WebApp:194 - Connection lost
2026-04-08 21:11:06,551 [INFO] WebApp:191 - Connection restablished
2026-04-08 21:12:36,754 [INFO] WebApp:194 - Connection lost
2026-04-08 21:12:37,033 [INFO] WebApp:191 - Connection restablished
2026-04-08 21:14:07,280 [INFO] WebApp:194 - Connection lost
2026-04-08 21:14:07,577 [INFO] WebApp:191 - Connection restablished
2026-04-08 21:15:37,753 [INFO] WebApp:194 - Connection lost
2026-04-08 21:15:38,036 [INFO] WebApp:191 - Connection restablished
2026-04-08 21:17:08,752 [INFO] WebApp:194 - Connection lost
2026-04-08 21:17:09,015 [INFO] WebApp:191 - Connection restablished
2026-04-08 21:18:39,252 [INFO] WebApp:194 - Connection lost
2026-04-08 21:18:39,506 [INFO] WebApp:191 - Connection restablished
2026-04-08 21:20:09,738 [INFO] WebApp:194 - Connection lost
2026-04-08 21:20:10,050 [INFO] WebApp:191 - Connection restablished
2026-04-08 21:21:40,251 [INFO] WebApp:194 - Connection lost
2026-04-08 21:21:40,628 [INFO] WebApp:191 - Connection restablished
2026-04-08 21:23:10,759 [INFO] WebApp:194 - Connection lost
2026-04-08 21:23:11,067 [INFO] WebApp:191 - Connection restablished
2026-04-08 21:24:41,251 [INFO] WebApp:194 - Connection lost
2026-04-08 21:24:41,558 [INFO] WebApp:191 - Connection restablished
2026-04-08 21:26:12,258 [INFO] WebApp:194 - Connection lost
2026-04-08 21:26:12,605 [INFO] WebApp:191 - Connection restablished
2026-04-08 21:27:43,743 [INFO] WebApp:194 - Connection lost
2026-04-08 21:27:44,095 [INFO] WebApp:191 - Connection restablished
2026-04-08 21:29:14,258 [INFO] WebApp:194 - Connection lost
2026-04-08 21:29:14,557 [INFO] WebApp:191 - Connection restablished
2026-04-08 21:30:44,750 [INFO] WebApp:194 - Connection lost
2026-04-08 21:30:45,030 [INFO] WebApp:191 - Connection restablished
2026-04-08 21:32:16,249 [INFO] WebApp:194 - Connection lost
2026-04-08 21:32:16,807 [INFO] WebApp:191 - Connection restablished
2026-04-08 21:33:47,246 [INFO] WebApp:194 - Connection lost
2026-04-08 21:33:48,020 [INFO] WebApp:191 - Connection restablished
2026-04-08 21:35:17,762 [INFO] WebApp:194 - Connection lost
2026-04-08 21:35:18,450 [INFO] WebApp:191 - Connection restablished
2026-04-08 21:36:48,249 [INFO] WebApp:194 - Connection lost
2026-04-08 21:36:48,645 [INFO] WebApp:191 - Connection restablished
2026-04-08 21:38:18,749 [INFO] WebApp:194 - Connection lost
2026-04-08 21:38:19,071 [INFO] WebApp:191 - Connection restablished
2026-04-08 21:39:49,261 [INFO] WebApp:194 - Connection lost
2026-04-08 21:39:49,650 [INFO] WebApp:191 - Connection restablished
2026-04-08 21:41:20,757 [INFO] WebApp:194 - Connection lost
2026-04-08 21:41:21,126 [INFO] WebApp:191 - Connection restablished
2026-04-08 21:42:51,255 [INFO] WebApp:194 - Connection lost
2026-04-08 21:42:51,521 [INFO] WebApp:191 - Connection restablished
2026-04-08 21:44:21,745 [INFO] WebApp:194 - Connection lost
2026-04-08 21:44:22,049 [INFO] WebApp:191 - Connection restablished
2026-04-08 21:44:53,079 [INFO] McuFinderGlobals:63 - Set McuFinder mode to 2 (CubeIDE integrated)
2026-04-08 21:44:53,085 [INFO] MainUpdater:2872 - connection check result : 10
2026-04-08 21:44:53,086 [INFO] MainUpdater:2872 - connection check result : 10
2026-04-08 21:44:53,149 [INFO] MicroXplorer:468 - Change Database Path : 
2026-04-08 21:44:53,149 [INFO] MicroXplorer:498 - Change Database Version : DB.6.0.150
2026-04-08 21:44:53,155 [WARN] ThirdParty:871 - waiting for thirdparty lock release [close project]
2026-04-08 21:44:53,156 [INFO] ThirdParty:873 - entering critical section [close project]
2026-04-08 21:44:53,160 [INFO] ThirdParty:883 - exiting critical section [close project]
2026-04-08 21:44:53,163 [INFO] PinOutPanel:1589 - setPackage(No Configuration,No Configuration)
2026-04-08 21:44:53,166 [INFO] UtilMem:75 - Begin LoadConfig() Used Memory: 795496488 Bytes (1073741824)
2026-04-08 21:44:53,168 [INFO] MicroXplorer:468 - Change Database Path : 
2026-04-08 21:44:53,169 [INFO] MicroXplorer:498 - Change Database Version : DB.6.0.150
2026-04-08 21:44:53,169 [INFO] OpenFileManager:355 - Change cursor
2026-04-08 21:44:53,235 [INFO] Mcu:2029 - Initializing MCU STM32F103C(4-6)Tx STM32F103C6Tx STM32F103C6T6A
2026-04-08 21:44:54,691 [INFO] Context:786 - Trying to add GPIOservice into a context  which must be forbidden
2026-04-08 21:44:54,979 [INFO] ImportTextPane:234 - (OptionalMessage_ERROR) Pin10 (VP_RIF_VS_RIF1) cannot be retrieved for this MCU
2026-04-08 21:44:55,258 [INFO] RtosManager:558 - Registered RTOS mode: class=CMSIS, group=RTOS, mode=CMSIS_V1, owner=FREERTOS
2026-04-08 21:44:55,258 [INFO] RtosManager:558 - Registered RTOS mode: class=CMSIS, group=RTOS2, mode=CMSIS_V2, owner=FREERTOS
2026-04-08 21:44:55,258 [INFO] RtosManager:558 - Registered RTOS mode: class=RTOS, group=Core, mode=CMSIS_V1, owner=FREERTOS
2026-04-08 21:44:55,258 [INFO] RtosManager:558 - Registered RTOS mode: class=RTOS, group=Core, mode=CMSIS_V2, owner=FREERTOS
2026-04-08 21:44:55,258 [WARN] ModelIntegratedComponent:184 - Missing modes for component STMicroelectronics:FreeRTOS:0.0.1:STMicroelectronics:RTOS:FreeRTOS:Core:::10.2.0:
2026-04-08 21:44:55,281 [WARN] ModelIntegratedComponent:63 - No mode defined for component null
2026-04-08 21:44:55,281 [WARN] ModelIntegratedComponent:63 - No mode defined for component null
2026-04-08 21:44:55,281 [WARN] ModelIntegratedComponent:63 - No mode defined for component null
2026-04-08 21:44:55,281 [WARN] ModelIntegratedComponent:63 - No mode defined for component null
2026-04-08 21:44:55,281 [WARN] ModelIntegratedComponent:63 - No mode defined for component null
2026-04-08 21:44:55,281 [WARN] ModelIntegratedComponent:63 - No mode defined for component null
2026-04-08 21:44:55,281 [WARN] ModelIntegratedComponent:63 - No mode defined for component null
2026-04-08 21:44:55,281 [WARN] ModelIntegratedComponent:63 - No mode defined for component null
2026-04-08 21:44:55,281 [WARN] ModelIntegratedComponent:63 - No mode defined for component null
2026-04-08 21:44:55,281 [WARN] ModelIntegratedComponent:63 - No mode defined for component null
2026-04-08 21:44:55,282 [WARN] ModelIntegratedComponent:63 - No mode defined for component null
2026-04-08 21:44:55,282 [WARN] ModelIntegratedComponent:63 - No mode defined for component null
2026-04-08 21:44:55,282 [WARN] ModelIntegratedComponent:63 - No mode defined for component null
2026-04-08 21:44:55,282 [WARN] ModelIntegratedComponent:63 - No mode defined for component null
2026-04-08 21:44:55,282 [WARN] ModelIntegratedComponent:63 - No mode defined for component null
2026-04-08 21:44:55,282 [WARN] ModelIntegratedComponent:63 - No mode defined for component null
2026-04-08 21:44:55,282 [WARN] ModelIntegratedComponent:63 - No mode defined for component null
2026-04-08 21:44:55,282 [WARN] ModelIntegratedComponent:63 - No mode defined for component null
2026-04-08 21:44:55,282 [WARN] ModelIntegratedComponent:63 - No mode defined for component null
2026-04-08 21:44:55,282 [WARN] ModelIntegratedComponent:63 - No mode defined for component null
2026-04-08 21:44:55,282 [WARN] ModelIntegratedComponent:63 - No mode defined for component null
2026-04-08 21:44:55,282 [WARN] ModelIntegratedComponent:63 - No mode defined for component null
2026-04-08 21:44:55,282 [WARN] ModelIntegratedComponent:63 - No mode defined for component null
2026-04-08 21:44:55,282 [WARN] ModelIntegratedComponent:63 - No mode defined for component null
2026-04-08 21:44:55,282 [WARN] ModelIntegratedComponent:63 - No mode defined for component null
2026-04-08 21:44:55,282 [WARN] ModelIntegratedComponent:63 - No mode defined for component null
2026-04-08 21:44:55,282 [WARN] ModelIntegratedComponent:63 - No mode defined for component null
2026-04-08 21:44:55,283 [WARN] ModelIntegratedComponent:63 - No mode defined for component null
2026-04-08 21:44:55,283 [WARN] ModelIntegratedComponent:63 - No mode defined for component null
2026-04-08 21:44:55,283 [WARN] ModelIntegratedComponent:63 - No mode defined for component null
2026-04-08 21:44:55,283 [WARN] ModelIntegratedComponent:63 - No mode defined for component null
2026-04-08 21:44:55,283 [WARN] ModelIntegratedComponent:63 - No mode defined for component null
2026-04-08 21:44:55,283 [WARN] ModelIntegratedComponent:63 - No mode defined for component null
2026-04-08 21:44:55,283 [WARN] ModelIntegratedComponent:63 - No mode defined for component null
2026-04-08 21:44:55,283 [WARN] ModelIntegratedComponent:63 - No mode defined for component null
2026-04-08 21:44:55,284 [WARN] ModelPack:524 - Component already loaded: STMicroelectronics:HAL Drivers:0.0.0:STMicroelectronics:Device:STMicro_Driver:XSPI:HAL::0.0.1:HAL_XSPI
2026-04-08 21:44:55,325 [INFO] ThirdPartyModel:298 - Start build external matchings
2026-04-08 21:44:55,730 [INFO] ThirdPartyModel:316 - End build external matchings
2026-04-08 21:44:55,751 [INFO] ImportTextPane:234 - (OptionalMessage_ERROR) IP (DMA) : Parameter (Instance) has Id (ADC1) currently not set
2026-04-08 21:44:55,751 [INFO] ImportTextPane:234 - (OptionalMessage_ERROR) IP (DMA) : Parameter (Direction) has Id (ADC1) currently not set
2026-04-08 21:44:55,752 [INFO] ImportTextPane:234 - (OptionalMessage_ERROR) IP (DMA) : Parameter (PeriphInc) has Id (ADC1) currently not set
2026-04-08 21:44:55,752 [INFO] ImportTextPane:234 - (OptionalMessage_ERROR) IP (DMA) : Parameter (MemInc) has Id (ADC1) currently not set
2026-04-08 21:44:55,752 [INFO] ImportTextPane:234 - (OptionalMessage_ERROR) IP (DMA) : Parameter (PeriphDataAlignment) has Id (ADC1) currently not set
2026-04-08 21:44:55,754 [INFO] ImportTextPane:234 - (OptionalMessage_ERROR) IP (DMA) : Parameter (MemDataAlignment) has Id (ADC1) currently not set
2026-04-08 21:44:55,754 [INFO] ImportTextPane:234 - (OptionalMessage_ERROR) IP (DMA) : Parameter (Mode) has Id (ADC1) currently not set
2026-04-08 21:44:55,755 [INFO] ImportTextPane:234 - (OptionalMessage_ERROR) IP (DMA) : Parameter (Priority) has Id (ADC1) currently not set
2026-04-08 21:44:55,756 [INFO] ImportTextPane:234 - (OptionalMessage_ERROR) IP (RCC) : Invalid parameter (FamilyName)
2026-04-08 21:44:55,756 [INFO] ImportTextPane:234 - (OptionalMessage_ERROR) IP (RCC) : Parameter (MCOFreq_Value) has invalid value (72000000)
2026-04-08 21:44:55,757 [INFO] ImportTextPane:234 - (OptionalMessage_ERROR) IP (RCC) : Parameter (USBFreq_Value) has invalid value (72000000)
2026-04-08 21:44:56,432 [INFO] ApiDb:581 - Connected to CubeFinder SQLite database (C:\Users\User\.stmcufinder\plugins\mcufinder\mcu\cube-finder-db.db)
2026-04-08 21:44:56,566 [INFO] ApiDb:668 - CubeFinder database Data Model version=2.1
2026-04-08 21:44:56,566 [INFO] ApiDb:669 - CubeFinder database Configuration version=3.0.42
2026-04-08 21:44:56,567 [INFO] ApiDb:670 - CubeFinder database generation date=2026-03-11 (1773229989)
2026-04-08 21:44:56,567 [INFO] ApiDb:671 - CubeFinder database FW Pack versions=[FP-ATR-ASTRA1_V2.0.0, FP-SNS-FLIGHT1_V5.1.0, FP-SNS-MOTENV1_V5.1.0, FP-SNS-MOTENVWB1_V1.5.0, FP-SNS-SMARTAG2_V1.2.0, FP-SNS-STBOX1_V2.1.0, STM32Cube_FW_C0_V1.4.0, STM32Cube_FW_F4_V1.28.3, STM32Cube_FW_F7_V1.17.4, STM32Cube_FW_G0_V1.6.3, STM32Cube_FW_G4_V1.6.2, STM32Cube_FW_H5_V1.6.0, STM32Cube_FW_H7RS_V1.3.0, STM32Cube_FW_H7_V1.13.0, STM32Cube_FW_L0_V1.12.2, STM32Cube_FW_L4_V1.18.2, STM32Cube_FW_L5_V1.6.0, STM32Cube_FW_N6_V1.3.0, STM32Cube_FW_U0_V1.3.0, STM32Cube_FW_U3_V1.3.0, STM32Cube_FW_U5_V1.8.0, STM32Cube_FW_WB0_V1.4.0, STM32Cube_FW_WBA_V1.9.0, STM32Cube_FW_WB_V1.24.0, STM32Cube_FW_WL3_V1.4.0, STM32Cube_FW_WL_V1.5.0, X-CUBE-ALGOBUILD_V1.4.0, X-CUBE-ALS_V1.0.2, X-CUBE-AZRTOS-F4_V1.1.0, X-CUBE-AZRTOS-F7_V1.1.0, X-CUBE-AZRTOS-G0_V1.1.0, X-CUBE-AZRTOS-G4_V2.0.0, X-CUBE-AZRTOS-H7RS_V1.1.0, X-CUBE-AZRTOS-H7_V3.4.0, X-CUBE-AZRTOS-L4_V2.0.0, X-CUBE-AZRTOS-L5_V2.0.0, X-CUBE-AZRTOS-WB_V2.0.0, X-CUBE-AZRTOS-WL_V2.0.0, X-CUBE-BLE1_V7.1.0, X-CUBE-BLE2_V3.3.0, X-CUBE-BLEMGR_V4.1.0, X-CUBE-EEPRMA1_V5.2.0, X-CUBE-FREERTOS_V1.5.0, X-CUBE-GNSS1_V6.0.0, X-CUBE-MEMS1_V12.0.0, X-CUBE-NFC4_V3.0.0, X-CUBE-NFC7_V2.0.0, X-CUBE-SFXS2LP1_V4.0.0, X-CUBE-ST67W61_V1.2.0, X-CUBE-SUBG2_V5.0.0, X-CUBE-TOF1_V3.4.3]
2026-04-08 21:44:56,730 [INFO] DbBoardsSqlite:226 - include board P-NUCLEO-WB55-NUCLEO as a kit item of type 'Nucleo-64'
2026-04-08 21:44:56,730 [INFO] DbBoardsSqlite:226 - include board P-NUCLEO-WB55-USBDONGLE as a kit item of type 'Nucleo USB Dongle'
2026-04-08 21:44:56,731 [INFO] DbBoardsSqlite:226 - include board STEVAL-IDP005V1 as a kit item of type 'Evaluation Board'
2026-04-08 21:44:56,732 [INFO] DbBoardsSqlite:226 - include board STEVAL-IDP005V2 as a kit item of type 'Evaluation Board'
2026-04-08 21:44:57,273 [INFO] ApiDb:240 - Found 880 in-development CPN: [B-G473E-ZEST1S, B-WB1M-WPAN1, B-WBA5M-WPAN, B-WL5M-SUBG1, NUCLEO-C031C6, NUCLEO-C051C8, NUCLEO-C071RB, NUCLEO-C092RC, NUCLEO-H503RB, NUCLEO-H533RE, NUCLEO-H563ZI, NUCLEO-H7S3L8, NUCLEO-N657X0-Q, NUCLEO-U031R8, NUCLEO-U083RC, NUCLEO-U385RG-Q, NUCLEO-U545RE-Q, NUCLEO-U5A5ZJ-Q, NUCLEO-WB05KZ, NUCLEO-WB07CC, NUCLEO-WB09KE, NUCLEO-WBA52CG, NUCLEO-WBA55CG, NUCLEO-WL33CC1, NUCLEO-WL33CC2, STEVAL-PROTEUS1, STEVAL-SMARTAG2, STEVAL-STWINBX1, STM320518-EVAL, STM32C0116-DK, STM32C011D6Y3TR, STM32C011D6Y6TR, STM32C011F4P3, STM32C011F4P6, STM32C011F4U3, STM32C011F4U6TR, STM32C011F6P3, STM32C011F6P6, STM32C011F6U3, STM32C011F6U6TR, STM32C011J4M3, STM32C011J4M6, STM32C011J6M3, STM32C011J6M6, STM32C0316-DK, STM32C031C4T3, STM32C031C4T6, STM32C031C4U3, STM32C031C4U6, STM32C031C6T3, STM32C031C6T6, STM32C031C6U3, STM32C031C6U6, STM32C031F4P3, STM32C031F4P6, STM32C031F6P3, STM32C031F6P6, STM32C031G4U3, STM32C031G4U6, STM32C031G6U3, STM32C031G6U6, STM32C031K4T3, STM32C031K4T6, STM32C031K4U3, STM32C031K4U6, STM32C031K6T3, STM32C031K6T6, STM32C031K6U3, STM32C031K6U6, STM32C051C6T6, STM32C051C6U6, STM32C051C8T6, STM32C051C8U6, STM32C051D8Y6TR, STM32C051F6P6, STM32C051F8P6, STM32C051G6U6, STM32C051G8U6, STM32C051K6T6, STM32C051K6U6, STM32C051K8T6, STM32C071C8T6, STM32C071C8T6N, STM32C071C8U6, STM32C071C8U6N, STM32C071CBT6, STM32C071CBT6N, STM32C071CBU6, STM32C071CBU6N, STM32C071F8P6, STM32C071F8P6N, STM32C071FBP6, STM32C071FBP6N, STM32C071FBY6TR, STM32C071G8U6, STM32C071G8U6N, STM32C071GBU6, STM32C071GBU6N, STM32C071K8T6, STM32C071K8T6N, STM32C071K8U6, STM32C071K8U6N, STM32C071KBT6, STM32C071KBT6N, STM32C071KBU6, STM32C071KBU6N, STM32C071R8T6, STM32C071R8T6N, STM32C071RBI6N, STM32C071RBT6, STM32C071RBT6N, STM32C091CBT6, STM32C091CBU6, STM32C091CCT6, STM32C091CCU6, STM32C091ECY6TR, STM32C091FBP6, STM32C091FCP6, STM32C091GBU6, STM32C091GCU6, STM32C091KBT6, STM32C091KBU6, STM32C091KCT6, STM32C091KCU6, STM32C091RBT6, STM32C091RCI6, STM32C091RCT6, STM32C092CBT6, STM32C092CBU6, STM32C092CCT6, STM32C092CCU6, STM32C092ECY6TR, STM32C092FBP6, STM32C092FCP6, STM32C092GBU6, STM32C092GCU6, STM32C092KBT6, STM32C092KBU6, STM32C092KCT6, STM32C092KCU6, STM32C092RBT6, STM32C092RCI6, STM32C092RCT6, STM32G071K8TXN, STM32G071K8UXN, STM32G081GBU6N, STM32G081KBT6N, STM32G081KBUXN, STM32G0B1CCT6N, STM32G0B1KCT6, STM32G0B1NEY6TR, STM32G0B1RCT6N, STM32G0C1CCT6, STM32G0C1CCT6N, STM32G0C1CCU6N, STM32G0C1CET6N, STM32G0C1CEU6N, STM32G0C1KCT6, STM32G0C1NEY6TR, STM32G0C1RCI6N, STM32G0C1RCT6N, STM32G0C1REI6N, STM32G0C1RET6N, STM32G0C1VCI6, STM32G0C1VEI6, STM32G411C6T3, STM32G411C6T6, STM32G411C6U3, STM32G411C6U6, STM32G411C8T3, STM32G411C8T6, STM32G411C8U3, STM32G411C8U6, STM32G411CBT3, STM32G411CBT6, STM32G411CBU3, STM32G411CBU6, STM32G411K6T3, STM32G411K6T6, STM32G411K6U3, STM32G411K6U6, STM32G411K8T3, STM32G411K8T6, STM32G411K8U3, STM32G411K8U6, STM32G411KBT3, STM32G411KBT6, STM32G411KBU3, STM32G411KBU6, STM32G411M6T3, STM32G411M6T6, STM32G411M8T3, STM32G411M8T6, STM32G411MBT3, STM32G411MBT6, STM32G411R6T3, STM32G411R6T6, STM32G411R8T3, STM32G411R8T6, STM32G411RBT3, STM32G411RBT6, STM32G414CBT3, STM32G414CBT6, STM32G414CBU3, STM32G414CBU6, STM32G414CCT3, STM32G414CCT6, STM32G414CCU3, STM32G414CCU6, STM32G414MBT3, STM32G414MBT6, STM32G414MCT3, STM32G414MCT6, STM32G414RBT3, STM32G414RBT6, STM32G414RCT3, STM32G414RCT6, STM32G414VBT3, STM32G414VBT6, STM32G414VCT3, STM32G414VCT6, STM32G431CBT3Z, STM32G431RBT3Z, STM32G471CCT6, STM32G471CCU6, STM32G471CET3, STM32G471CET6, STM32G471CEU3, STM32G471CEU6, STM32G471MCT6, STM32G471MET3, STM32G471MET6, STM32G471MEY6TR, STM32G471QCT6, STM32G471QET3, STM32G471RCT6, STM32G471RET3, STM32G471RET6, STM32G471VCH6, STM32G471VCI6, STM32G471VCT6, STM32G471VEH3, STM32G471VEH6, STM32G471VEI3, STM32G471VEI6, STM32G471VET3, STM32G471VET6, STM32G473QET3Z, STM32G473RET3Z, STM32G474CCT6, STM32G491RET3Z, STM32H503CBT6, STM32H503CBU6, STM32H503EBY6TR, STM32H503KBU6, STM32H503RBT6, STM32H523CCT6, STM32H523CCU6, STM32H523CET6, STM32H523CEU6, STM32H523HEY6TR, STM32H523RCT6, STM32H523RET6, STM32H523VCI6, STM32H523VCT6, STM32H523VEI6, STM32H523VET6, STM32H523ZCJ6, STM32H523ZCT6, STM32H523ZEJ6, STM32H523ZET6, STM32H533CET6, STM32H533CEU6, STM32H533HEY6TR, STM32H533RET6, STM32H533VEI6, STM32H533VET6, STM32H533ZEJ6, STM32H533ZET6, STM32H562AGI6, STM32H562AII6, STM32H562IGK6, STM32H562IGT6, STM32H562IIK6, STM32H562IIT6, STM32H562RGT6, STM32H562RGV6, STM32H562RIT6, STM32H562RIV6, STM32H562VGT6, STM32H562VIT6, STM32H562ZGT6, STM32H562ZIT6, STM32H563AGI6, STM32H563AII3Q, STM32H563AII6, STM32H563IGK6, STM32H563IGT6, STM32H563IIK3Q, STM32H563IIK6, STM32H563IIT3Q, STM32H563IIT6, STM32H563MIY3QTR, STM32H563RGT6, STM32H563RGV6, STM32H563RIT6, STM32H563RIV6, STM32H563VGT6, STM32H563VIT3Q, STM32H563VIT6, STM32H563ZGT6, STM32H563ZIT3Q, STM32H563ZIT6, STM32H573AII3Q, STM32H573AII6, STM32H573I-DK, STM32H573IIK3Q, STM32H573IIK6, STM32H573IIT3Q, STM32H573IIT6, STM32H573MIY3QTR, STM32H573RIT6, STM32H573RIV6, STM32H573VIT3Q, STM32H573VIT6, STM32H573ZIT3Q, STM32H573ZIT6, STM32H7R3A8I6, STM32H7R3I8K6, STM32H7R3I8T6, STM32H7R3L8H6, STM32H7R3L8H6H, STM32H7R3R8V6, STM32H7R3V8H6, STM32H7R3V8T6, STM32H7R3V8Y6TR, STM32H7R3Z8J6, STM32H7R3Z8T6, STM32H7R7A8I6, STM32H7R7I8K6, STM32H7R7I8T6, STM32H7R7L8H6, STM32H7R7L8H6H, STM32H7R7Z8J6, STM32H7S3A8I6, STM32H7S3I8K6, STM32H7S3I8T6, STM32H7S3L8H6, STM32H7S3L8H6H, STM32H7S3R8V6, STM32H7S3V8H6, STM32H7S3V8T6, STM32H7S3V8Y6TR, STM32H7S3Z8J6, STM32H7S3Z8T6, STM32H7S78-DK, STM32H7S7A8I6, STM32H7S7I8K6, STM32H7S7I8T6, STM32H7S7L8H6, STM32H7S7L8H6H, STM32H7S7Z8J6, STM32L4R5QGI6STR, STM32MP131AAE3, STM32MP131AAF3, STM32MP131AAG3, STM32MP131CAE3, STM32MP131CAF3, STM32MP131CAG3, STM32MP131DAE7, STM32MP131DAF7, STM32MP131DAG7, STM32MP131FAE7, STM32MP131FAF7, STM32MP131FAG7, STM32MP133AAE3, STM32MP133AAF3, STM32MP133AAG3, STM32MP133CAE3, STM32MP133CAF3, STM32MP133CAG3, STM32MP133DAE7, STM32MP133DAF7, STM32MP133DAG7, STM32MP133FAE7, STM32MP133FAF7, STM32MP133FAG7, STM32MP135AAE3, STM32MP135AAF3, STM32MP135AAG3, STM32MP135CAE3, STM32MP135CAF3, STM32MP135CAG3, STM32MP135DAE7, STM32MP135DAF7, STM32MP135DAG7, STM32MP135F-DK, STM32MP135FAE7, STM32MP135FAF7, STM32MP135FAF7T, STM32MP135FAF7U, STM32MP135FAG7, STM32MP211AAL3, STM32MP211AAM3, STM32MP211AAN3, STM32MP211AAO3, STM32MP211CAL3, STM32MP211CAM3, STM32MP211CAN3, STM32MP211CAO3, STM32MP211DAL3, STM32MP211DAM3, STM32MP211DAN3, STM32MP211DAO3, STM32MP211FAL3, STM32MP211FAM3, STM32MP211FAN3, STM32MP211FAO3, STM32MP213AAL3, STM32MP213AAM3, STM32MP213AAN3, STM32MP213AAO3, STM32MP213CAL3, STM32MP213CAM3, STM32MP213CAN3, STM32MP213CAO3, STM32MP213DAL3, STM32MP213DAM3, STM32MP213DAN3, STM32MP213DAO3, STM32MP213FAL3, STM32MP213FAM3, STM32MP213FAN3, STM32MP213FAO3, STM32MP215AAL3, STM32MP215AAM3, STM32MP215AAN3, STM32MP215AAO3, STM32MP215CAL3, STM32MP215CAM3, STM32MP215CAN3, STM32MP215CAO3, STM32MP215DAL3, STM32MP215DAM3, STM32MP215DAN3, STM32MP215DAO3, STM32MP215F-DK, STM32MP215FAL3, STM32MP215FAM3, STM32MP215FAN3, STM32MP215FAO3, STM32MP231AAJ3, STM32MP231AAK3, STM32MP231AAL3, STM32MP231CAJ3, STM32MP231CAK3, STM32MP231CAL3, STM32MP231DAJ3, STM32MP231DAK3, STM32MP231DAL3, STM32MP231FAJ3, STM32MP231FAK3, STM32MP231FAL3, STM32MP233AAJ3, STM32MP233AAK3, STM32MP233AAL3, STM32MP233CAJ3, STM32MP233CAK3, STM32MP233CAL3, STM32MP233DAJ3, STM32MP233DAK3, STM32MP233DAL3, STM32MP233FAJ3, STM32MP233FAK3, STM32MP233FAL3, STM32MP235AAJ3, STM32MP235AAK3, STM32MP235AAL3, STM32MP235CAJ3, STM32MP235CAK3, STM32MP235CAL3, STM32MP235DAJ3, STM32MP235DAK3, STM32MP235DAL3, STM32MP235FAJ3, STM32MP235FAK3, STM32MP235FAL3, STM32MP251AAI3, STM32MP251AAK3, STM32MP251AAL3, STM32MP251CAI3, STM32MP251CAK3, STM32MP251CAL3, STM32MP251DAI3, STM32MP251DAK3, STM32MP251DAL3, STM32MP251FAI3, STM32MP251FAK3, STM32MP251FAL3, STM32MP253AAI3, STM32MP253AAK3, STM32MP253AAL3, STM32MP253CAI3, STM32MP253CAK3, STM32MP253CAL3, STM32MP253DAI3, STM32MP253DAK3, STM32MP253DAL3, STM32MP253FAI3, STM32MP253FAK3, STM32MP253FAL3, STM32MP255AAI3, STM32MP255AAK3, STM32MP255AAL3, STM32MP255CAI3, STM32MP255CAK3, STM32MP255CAL3, STM32MP255DAI3, STM32MP255DAK3, STM32MP255DAL3, STM32MP255FAI3, STM32MP255FAK3, STM32MP255FAL3, STM32MP257AAI3, STM32MP257AAK3, STM32MP257AAL3, STM32MP257CAI3, STM32MP257CAK3, STM32MP257CAL3, STM32MP257DAI3, STM32MP257DAK3, STM32MP257DAL3, STM32MP257F-DK, STM32MP257F-EV1, STM32MP257FAI3, STM32MP257FAK3, STM32MP257FAL3, STM32N645A0H3Q, STM32N645B0H3Q, STM32N645I0H3Q, STM32N645L0H3Q, STM32N645X0H3Q, STM32N645Z0H3Q, STM32N647A0H3Q, STM32N647B0H3Q, STM32N647I0H3Q, STM32N647L0H3Q, STM32N647X0H3Q, STM32N647Z0H3Q, STM32N655A0H3Q, STM32N655B0H3Q, STM32N655I0H3Q, STM32N655L0H3Q, STM32N655X0H3Q, STM32N655Z0H3Q, STM32N6570-DK, STM32N657A0H3Q, STM32N657B0H3Q, STM32N657I0H3Q, STM32N657L0H3Q, STM32N657X0H3Q, STM32N657Z0H3Q, STM32U031C6T6, STM32U031C6U6, STM32U031C8T6, STM32U031C8U6, STM32U031F4P6, STM32U031F6P6, STM32U031F8P6, STM32U031G6Y6TR, STM32U031G8Y6TR, STM32U031K4U6, STM32U031K6U6, STM32U031K8U6, STM32U031R6I6, STM32U031R6T6, STM32U031R8I6, STM32U031R8T6, STM32U073C8T6, STM32U073C8U6, STM32U073CBT6, STM32U073CBU6, STM32U073CCT6, STM32U073CCU6, STM32U073H8Y6TR, STM32U073HBY6TR, STM32U073HCY6TR, STM32U073K8U6, STM32U073KBU6, STM32U073KCU6, STM32U073M8I6, STM32U073M8T6, STM32U073MBI6, STM32U073MBT6, STM32U073MCI6, STM32U073MCT6, STM32U073R8I6, STM32U073R8T6, STM32U073RBI6, STM32U073RBT6, STM32U073RCI6, STM32U073RCT6, STM32U083C-DK, STM32U083CCT6, STM32U083CCU6, STM32U083HCY6TR, STM32U083KCU6, STM32U083MCI6, STM32U083MCT6, STM32U083RCI6, STM32U083RCT6, STM32U375CET6, STM32U375CET6Q, STM32U375CEU6, STM32U375CEU6Q, STM32U375CEY6QTR, STM32U375CGT6, STM32U375CGT6Q, STM32U375CGU6, STM32U375CGU6Q, STM32U375CGY6QTR, STM32U375KEU6, STM32U375KGU6, STM32U375REI6, STM32U375REI6Q, STM32U375RET6, STM32U375RET6Q, STM32U375REY6GTR, STM32U375REY6QTR, STM32U375RGI6, STM32U375RGI6Q, STM32U375RGT6, STM32U375RGT6Q, STM32U375RGY6GTR, STM32U375RGY6QTR, STM32U375VEI6, STM32U375VEI6Q, STM32U375VET6, STM32U375VET6Q, STM32U375VGI6, STM32U375VGI6Q, STM32U375VGT6, STM32U375VGT6Q, STM32U385CGT6, STM32U385CGT6Q, STM32U385CGU6, STM32U385CGU6Q, STM32U385CGY6QTR, STM32U385KGU6, STM32U385RGI6, STM32U385RGI6Q, STM32U385RGT6, STM32U385RGT6Q, STM32U385RGY6GTR, STM32U385RGY6QTR, STM32U385VGI6, STM32U385VGI6Q, STM32U385VGT6, STM32U385VGT6Q, STM32U535CBT6, STM32U535CBT6Q, STM32U535CBU6, STM32U535CBU6Q, STM32U535CCT6, STM32U535CCT6Q, STM32U535CCU6, STM32U535CCU6Q, STM32U535CET6, STM32U535CET6Q, STM32U535CEU6, STM32U535CEU6Q, STM32U535JEY6QTR, STM32U535NCY6QTR, STM32U535NEY6QTR, STM32U535RBI6, STM32U535RBI6Q, STM32U535RBT6, STM32U535RBT6Q, STM32U535RCI6, STM32U535RCI6Q, STM32U535RCT6, STM32U535RCT6Q, STM32U535REI6, STM32U535REI6Q, STM32U535RET6, STM32U535RET6Q, STM32U535VCI6, STM32U535VCI6Q, STM32U535VCT6, STM32U535VCT6Q, STM32U535VEI6, STM32U535VEI6Q, STM32U535VET6, STM32U535VET6Q, STM32U545CET6, STM32U545CET6Q, STM32U545CEU6, STM32U545CEU6Q, STM32U545JEY6QTR, STM32U545NEY6QTR, STM32U545REI6, STM32U545REI6Q, STM32U545RET6, STM32U545RET6Q, STM32U545VEI6, STM32U545VEI6Q, STM32U545VET6, STM32U545VET6Q, STM32U595AIH6, STM32U595AIH6Q, STM32U595AJH6, STM32U595AJH6Q, STM32U595QII6, STM32U595QII6Q, STM32U595QJI6, STM32U595QJI6Q, STM32U595RIT6, STM32U595RIT6Q, STM32U595RJT6, STM32U595RJT6Q, STM32U595VIT6, STM32U595VIT6Q, STM32U595VJT6, STM32U595VJT6Q, STM32U595ZIT6, STM32U595ZIT6Q, STM32U595ZIY6QTR, STM32U595ZJT6, STM32U595ZJT6Q, STM32U595ZJY6QTR, STM32U599BJY6QTR, STM32U599NIH6Q, STM32U599NJH6Q, STM32U599VIT6Q, STM32U599VJT6, STM32U599VJT6Q, STM32U599ZIT6Q, STM32U599ZIY6QTR, STM32U599ZJT6Q, STM32U599ZJY6QTR, STM32U5A5AJH6, STM32U5A5AJH6Q, STM32U5A5QII3Q , STM32U5A5QJI6, STM32U5A5QJI6Q, STM32U5A5RJT6, STM32U5A5RJT6Q, STM32U5A5VJT6, STM32U5A5VJT6Q, STM32U5A5ZJT6, STM32U5A5ZJT6Q, STM32U5A5ZJY6QTR, STM32U5A9BJY6QTR, STM32U5A9J-DK, STM32U5A9NJH6Q, STM32U5A9VJT6Q, STM32U5A9ZJT6Q, STM32U5A9ZJY6QTR, STM32U5F7VIT6, STM32U5F7VIT6Q, STM32U5F7VJT6, STM32U5F7VJT6Q, STM32U5F9BJY6QTR, STM32U5F9NJH6Q, STM32U5F9VIT6Q, STM32U5F9VJT6Q, STM32U5F9ZIJ6QTR, STM32U5F9ZIT6Q, STM32U5F9ZJJ6QTR, STM32U5F9ZJT6Q, STM32U5G7VJT6, STM32U5G7VJT6Q, STM32U5G9BJY6QTR, STM32U5G9J-DK1, STM32U5G9J-DK2, STM32U5G9NJH6Q, STM32U5G9VJT6Q, STM32U5G9ZJJ6QTR, STM32U5G9ZJT6Q, STM32WB05KZV6TR, STM32WB05KZV7TR, STM32WB05TZF6TR, STM32WB05TZF7TR, STM32WB06CCF6TR, STM32WB06CCF7TR, STM32WB06CCV6TR, STM32WB06CCV7TR, STM32WB06KCV6TR, STM32WB06KCV7TR, STM32WB07CCF6TR, STM32WB07CCF7TR, STM32WB07CCV6TR, STM32WB07CCV7TR, STM32WB07KCV6TR, STM32WB07KCV7TR, STM32WB09KEV6TR, STM32WB09KEV7TR, STM32WB09TEF6TR, STM32WB09TEF7TR, STM32WB1MMCH6, STM32WBA50KGU6, STM32WBA50KGU6TR, STM32WBA52CEU6, STM32WBA52CEU6TR, STM32WBA52CEU7, STM32WBA52CEU7TR, STM32WBA52CGU6, STM32WBA52CGU6TR, STM32WBA52CGU6U, STM32WBA52CGU7, STM32WBA52CGU7TR, STM32WBA52KEU6, STM32WBA52KEU6TR, STM32WBA52KGU6, STM32WBA52KGU6TR, STM32WBA54CEU6, STM32WBA54CEU6TR, STM32WBA54CEU7, STM32WBA54CEU7TR, STM32WBA54CGU6, STM32WBA54CGU6TR, STM32WBA54CGU7, STM32WBA54CGU7TR, STM32WBA54KEU6, STM32WBA54KEU6TR, STM32WBA54KEU7, STM32WBA54KEU7TR, STM32WBA54KGU6, STM32WBA54KGU6TR, STM32WBA54KGU7, STM32WBA54KGU7TR, STM32WBA55CEU6, STM32WBA55CEU6TR, STM32WBA55CEU7, STM32WBA55CEU7TR, STM32WBA55CGU6, STM32WBA55CGU6TR, STM32WBA55CGU6U, STM32WBA55CGU7, STM32WBA55CGU7TR, STM32WBA55G-DK1, STM32WBA55HEF6, STM32WBA55HEF7, STM32WBA55HGF6, STM32WBA55HGF7, STM32WBA55UEI6, STM32WBA55UEI6TR, STM32WBA55UEI7, STM32WBA55UEI7TR, STM32WBA55UGI6, STM32WBA55UGI6TR, STM32WBA55UGI7, STM32WBA55UGI7TR, STM32WBA5MMGH6TR, STM32WBA62MGF6, STM32WBA62MIF6, STM32WBA65MGF7, STM32WBA65MIF6, STM32WBA65MIF7, STM32WL30K8V6, STM32WL30KBV6, STM32WL31C8V6, STM32WL31CBV6, STM32WL31K8V6, STM32WL31KBV6, STM32WL33C8V6, STM32WL33C8V6X, STM32WL33CBV6, STM32WL33CBV6X, STM32WL33CCV6, STM32WL33CCV6A, STM32WL33CCV6X, STM32WL33K8V7, STM32WL33K8V7X, STM32WL33KBV7 , STM32WL33KBV7X, STM32WL33KCV7, STM32WL33KCV7X, STM32WL5MOCH6, STM32WL5MOCH6TR]
2026-04-08 21:44:57,277 [INFO] ApiDb:668 - CubeFinder database Data Model version=2.1
2026-04-08 21:44:57,277 [INFO] ApiDb:669 - CubeFinder database Configuration version=3.0.42
2026-04-08 21:44:57,277 [INFO] ApiDb:670 - CubeFinder database generation date=2026-03-11 (1773229989)
2026-04-08 21:44:57,277 [INFO] ApiDb:671 - CubeFinder database FW Pack versions=[FP-ATR-ASTRA1_V2.0.0, FP-SNS-FLIGHT1_V5.1.0, FP-SNS-MOTENV1_V5.1.0, FP-SNS-MOTENVWB1_V1.5.0, FP-SNS-SMARTAG2_V1.2.0, FP-SNS-STBOX1_V2.1.0, STM32Cube_FW_C0_V1.4.0, STM32Cube_FW_F4_V1.28.3, STM32Cube_FW_F7_V1.17.4, STM32Cube_FW_G0_V1.6.3, STM32Cube_FW_G4_V1.6.2, STM32Cube_FW_H5_V1.6.0, STM32Cube_FW_H7RS_V1.3.0, STM32Cube_FW_H7_V1.13.0, STM32Cube_FW_L0_V1.12.2, STM32Cube_FW_L4_V1.18.2, STM32Cube_FW_L5_V1.6.0, STM32Cube_FW_N6_V1.3.0, STM32Cube_FW_U0_V1.3.0, STM32Cube_FW_U3_V1.3.0, STM32Cube_FW_U5_V1.8.0, STM32Cube_FW_WB0_V1.4.0, STM32Cube_FW_WBA_V1.9.0, STM32Cube_FW_WB_V1.24.0, STM32Cube_FW_WL3_V1.4.0, STM32Cube_FW_WL_V1.5.0, X-CUBE-ALGOBUILD_V1.4.0, X-CUBE-ALS_V1.0.2, X-CUBE-AZRTOS-F4_V1.1.0, X-CUBE-AZRTOS-F7_V1.1.0, X-CUBE-AZRTOS-G0_V1.1.0, X-CUBE-AZRTOS-G4_V2.0.0, X-CUBE-AZRTOS-H7RS_V1.1.0, X-CUBE-AZRTOS-H7_V3.4.0, X-CUBE-AZRTOS-L4_V2.0.0, X-CUBE-AZRTOS-L5_V2.0.0, X-CUBE-AZRTOS-WB_V2.0.0, X-CUBE-AZRTOS-WL_V2.0.0, X-CUBE-BLE1_V7.1.0, X-CUBE-BLE2_V3.3.0, X-CUBE-BLEMGR_V4.1.0, X-CUBE-EEPRMA1_V5.2.0, X-CUBE-FREERTOS_V1.5.0, X-CUBE-GNSS1_V6.0.0, X-CUBE-MEMS1_V12.0.0, X-CUBE-NFC4_V3.0.0, X-CUBE-NFC7_V2.0.0, X-CUBE-SFXS2LP1_V4.0.0, X-CUBE-ST67W61_V1.2.0, X-CUBE-SUBG2_V5.0.0, X-CUBE-TOF1_V3.4.3]
2026-04-08 21:45:00,144 [INFO] ApiDb:240 - Found 880 in-development CPN: [B-G473E-ZEST1S, B-WB1M-WPAN1, B-WBA5M-WPAN, B-WL5M-SUBG1, NUCLEO-C031C6, NUCLEO-C051C8, NUCLEO-C071RB, NUCLEO-C092RC, NUCLEO-H503RB, NUCLEO-H533RE, NUCLEO-H563ZI, NUCLEO-H7S3L8, NUCLEO-N657X0-Q, NUCLEO-U031R8, NUCLEO-U083RC, NUCLEO-U385RG-Q, NUCLEO-U545RE-Q, NUCLEO-U5A5ZJ-Q, NUCLEO-WB05KZ, NUCLEO-WB07CC, NUCLEO-WB09KE, NUCLEO-WBA52CG, NUCLEO-WBA55CG, NUCLEO-WL33CC1, NUCLEO-WL33CC2, STEVAL-PROTEUS1, STEVAL-SMARTAG2, STEVAL-STWINBX1, STM320518-EVAL, STM32C0116-DK, STM32C011D6Y3TR, STM32C011D6Y6TR, STM32C011F4P3, STM32C011F4P6, STM32C011F4U3, STM32C011F4U6TR, STM32C011F6P3, STM32C011F6P6, STM32C011F6U3, STM32C011F6U6TR, STM32C011J4M3, STM32C011J4M6, STM32C011J6M3, STM32C011J6M6, STM32C0316-DK, STM32C031C4T3, STM32C031C4T6, STM32C031C4U3, STM32C031C4U6, STM32C031C6T3, STM32C031C6T6, STM32C031C6U3, STM32C031C6U6, STM32C031F4P3, STM32C031F4P6, STM32C031F6P3, STM32C031F6P6, STM32C031G4U3, STM32C031G4U6, STM32C031G6U3, STM32C031G6U6, STM32C031K4T3, STM32C031K4T6, STM32C031K4U3, STM32C031K4U6, STM32C031K6T3, STM32C031K6T6, STM32C031K6U3, STM32C031K6U6, STM32C051C6T6, STM32C051C6U6, STM32C051C8T6, STM32C051C8U6, STM32C051D8Y6TR, STM32C051F6P6, STM32C051F8P6, STM32C051G6U6, STM32C051G8U6, STM32C051K6T6, STM32C051K6U6, STM32C051K8T6, STM32C071C8T6, STM32C071C8T6N, STM32C071C8U6, STM32C071C8U6N, STM32C071CBT6, STM32C071CBT6N, STM32C071CBU6, STM32C071CBU6N, STM32C071F8P6, STM32C071F8P6N, STM32C071FBP6, STM32C071FBP6N, STM32C071FBY6TR, STM32C071G8U6, STM32C071G8U6N, STM32C071GBU6, STM32C071GBU6N, STM32C071K8T6, STM32C071K8T6N, STM32C071K8U6, STM32C071K8U6N, STM32C071KBT6, STM32C071KBT6N, STM32C071KBU6, STM32C071KBU6N, STM32C071R8T6, STM32C071R8T6N, STM32C071RBI6N, STM32C071RBT6, STM32C071RBT6N, STM32C091CBT6, STM32C091CBU6, STM32C091CCT6, STM32C091CCU6, STM32C091ECY6TR, STM32C091FBP6, STM32C091FCP6, STM32C091GBU6, STM32C091GCU6, STM32C091KBT6, STM32C091KBU6, STM32C091KCT6, STM32C091KCU6, STM32C091RBT6, STM32C091RCI6, STM32C091RCT6, STM32C092CBT6, STM32C092CBU6, STM32C092CCT6, STM32C092CCU6, STM32C092ECY6TR, STM32C092FBP6, STM32C092FCP6, STM32C092GBU6, STM32C092GCU6, STM32C092KBT6, STM32C092KBU6, STM32C092KCT6, STM32C092KCU6, STM32C092RBT6, STM32C092RCI6, STM32C092RCT6, STM32G071K8TXN, STM32G071K8UXN, STM32G081GBU6N, STM32G081KBT6N, STM32G081KBUXN, STM32G0B1CCT6N, STM32G0B1KCT6, STM32G0B1NEY6TR, STM32G0B1RCT6N, STM32G0C1CCT6, STM32G0C1CCT6N, STM32G0C1CCU6N, STM32G0C1CET6N, STM32G0C1CEU6N, STM32G0C1KCT6, STM32G0C1NEY6TR, STM32G0C1RCI6N, STM32G0C1RCT6N, STM32G0C1REI6N, STM32G0C1RET6N, STM32G0C1VCI6, STM32G0C1VEI6, STM32G411C6T3, STM32G411C6T6, STM32G411C6U3, STM32G411C6U6, STM32G411C8T3, STM32G411C8T6, STM32G411C8U3, STM32G411C8U6, STM32G411CBT3, STM32G411CBT6, STM32G411CBU3, STM32G411CBU6, STM32G411K6T3, STM32G411K6T6, STM32G411K6U3, STM32G411K6U6, STM32G411K8T3, STM32G411K8T6, STM32G411K8U3, STM32G411K8U6, STM32G411KBT3, STM32G411KBT6, STM32G411KBU3, STM32G411KBU6, STM32G411M6T3, STM32G411M6T6, STM32G411M8T3, STM32G411M8T6, STM32G411MBT3, STM32G411MBT6, STM32G411R6T3, STM32G411R6T6, STM32G411R8T3, STM32G411R8T6, STM32G411RBT3, STM32G411RBT6, STM32G414CBT3, STM32G414CBT6, STM32G414CBU3, STM32G414CBU6, STM32G414CCT3, STM32G414CCT6, STM32G414CCU3, STM32G414CCU6, STM32G414MBT3, STM32G414MBT6, STM32G414MCT3, STM32G414MCT6, STM32G414RBT3, STM32G414RBT6, STM32G414RCT3, STM32G414RCT6, STM32G414VBT3, STM32G414VBT6, STM32G414VCT3, STM32G414VCT6, STM32G431CBT3Z, STM32G431RBT3Z, STM32G471CCT6, STM32G471CCU6, STM32G471CET3, STM32G471CET6, STM32G471CEU3, STM32G471CEU6, STM32G471MCT6, STM32G471MET3, STM32G471MET6, STM32G471MEY6TR, STM32G471QCT6, STM32G471QET3, STM32G471RCT6, STM32G471RET3, STM32G471RET6, STM32G471VCH6, STM32G471VCI6, STM32G471VCT6, STM32G471VEH3, STM32G471VEH6, STM32G471VEI3, STM32G471VEI6, STM32G471VET3, STM32G471VET6, STM32G473QET3Z, STM32G473RET3Z, STM32G474CCT6, STM32G491RET3Z, STM32H503CBT6, STM32H503CBU6, STM32H503EBY6TR, STM32H503KBU6, STM32H503RBT6, STM32H523CCT6, STM32H523CCU6, STM32H523CET6, STM32H523CEU6, STM32H523HEY6TR, STM32H523RCT6, STM32H523RET6, STM32H523VCI6, STM32H523VCT6, STM32H523VEI6, STM32H523VET6, STM32H523ZCJ6, STM32H523ZCT6, STM32H523ZEJ6, STM32H523ZET6, STM32H533CET6, STM32H533CEU6, STM32H533HEY6TR, STM32H533RET6, STM32H533VEI6, STM32H533VET6, STM32H533ZEJ6, STM32H533ZET6, STM32H562AGI6, STM32H562AII6, STM32H562IGK6, STM32H562IGT6, STM32H562IIK6, STM32H562IIT6, STM32H562RGT6, STM32H562RGV6, STM32H562RIT6, STM32H562RIV6, STM32H562VGT6, STM32H562VIT6, STM32H562ZGT6, STM32H562ZIT6, STM32H563AGI6, STM32H563AII3Q, STM32H563AII6, STM32H563IGK6, STM32H563IGT6, STM32H563IIK3Q, STM32H563IIK6, STM32H563IIT3Q, STM32H563IIT6, STM32H563MIY3QTR, STM32H563RGT6, STM32H563RGV6, STM32H563RIT6, STM32H563RIV6, STM32H563VGT6, STM32H563VIT3Q, STM32H563VIT6, STM32H563ZGT6, STM32H563ZIT3Q, STM32H563ZIT6, STM32H573AII3Q, STM32H573AII6, STM32H573I-DK, STM32H573IIK3Q, STM32H573IIK6, STM32H573IIT3Q, STM32H573IIT6, STM32H573MIY3QTR, STM32H573RIT6, STM32H573RIV6, STM32H573VIT3Q, STM32H573VIT6, STM32H573ZIT3Q, STM32H573ZIT6, STM32H7R3A8I6, STM32H7R3I8K6, STM32H7R3I8T6, STM32H7R3L8H6, STM32H7R3L8H6H, STM32H7R3R8V6, STM32H7R3V8H6, STM32H7R3V8T6, STM32H7R3V8Y6TR, STM32H7R3Z8J6, STM32H7R3Z8T6, STM32H7R7A8I6, STM32H7R7I8K6, STM32H7R7I8T6, STM32H7R7L8H6, STM32H7R7L8H6H, STM32H7R7Z8J6, STM32H7S3A8I6, STM32H7S3I8K6, STM32H7S3I8T6, STM32H7S3L8H6, STM32H7S3L8H6H, STM32H7S3R8V6, STM32H7S3V8H6, STM32H7S3V8T6, STM32H7S3V8Y6TR, STM32H7S3Z8J6, STM32H7S3Z8T6, STM32H7S78-DK, STM32H7S7A8I6, STM32H7S7I8K6, STM32H7S7I8T6, STM32H7S7L8H6, STM32H7S7L8H6H, STM32H7S7Z8J6, STM32L4R5QGI6STR, STM32MP131AAE3, STM32MP131AAF3, STM32MP131AAG3, STM32MP131CAE3, STM32MP131CAF3, STM32MP131CAG3, STM32MP131DAE7, STM32MP131DAF7, STM32MP131DAG7, STM32MP131FAE7, STM32MP131FAF7, STM32MP131FAG7, STM32MP133AAE3, STM32MP133AAF3, STM32MP133AAG3, STM32MP133CAE3, STM32MP133CAF3, STM32MP133CAG3, STM32MP133DAE7, STM32MP133DAF7, STM32MP133DAG7, STM32MP133FAE7, STM32MP133FAF7, STM32MP133FAG7, STM32MP135AAE3, STM32MP135AAF3, STM32MP135AAG3, STM32MP135CAE3, STM32MP135CAF3, STM32MP135CAG3, STM32MP135DAE7, STM32MP135DAF7, STM32MP135DAG7, STM32MP135F-DK, STM32MP135FAE7, STM32MP135FAF7, STM32MP135FAF7T, STM32MP135FAF7U, STM32MP135FAG7, STM32MP211AAL3, STM32MP211AAM3, STM32MP211AAN3, STM32MP211AAO3, STM32MP211CAL3, STM32MP211CAM3, STM32MP211CAN3, STM32MP211CAO3, STM32MP211DAL3, STM32MP211DAM3, STM32MP211DAN3, STM32MP211DAO3, STM32MP211FAL3, STM32MP211FAM3, STM32MP211FAN3, STM32MP211FAO3, STM32MP213AAL3, STM32MP213AAM3, STM32MP213AAN3, STM32MP213AAO3, STM32MP213CAL3, STM32MP213CAM3, STM32MP213CAN3, STM32MP213CAO3, STM32MP213DAL3, STM32MP213DAM3, STM32MP213DAN3, STM32MP213DAO3, STM32MP213FAL3, STM32MP213FAM3, STM32MP213FAN3, STM32MP213FAO3, STM32MP215AAL3, STM32MP215AAM3, STM32MP215AAN3, STM32MP215AAO3, STM32MP215CAL3, STM32MP215CAM3, STM32MP215CAN3, STM32MP215CAO3, STM32MP215DAL3, STM32MP215DAM3, STM32MP215DAN3, STM32MP215DAO3, STM32MP215F-DK, STM32MP215FAL3, STM32MP215FAM3, STM32MP215FAN3, STM32MP215FAO3, STM32MP231AAJ3, STM32MP231AAK3, STM32MP231AAL3, STM32MP231CAJ3, STM32MP231CAK3, STM32MP231CAL3, STM32MP231DAJ3, STM32MP231DAK3, STM32MP231DAL3, STM32MP231FAJ3, STM32MP231FAK3, STM32MP231FAL3, STM32MP233AAJ3, STM32MP233AAK3, STM32MP233AAL3, STM32MP233CAJ3, STM32MP233CAK3, STM32MP233CAL3, STM32MP233DAJ3, STM32MP233DAK3, STM32MP233DAL3, STM32MP233FAJ3, STM32MP233FAK3, STM32MP233FAL3, STM32MP235AAJ3, STM32MP235AAK3, STM32MP235AAL3, STM32MP235CAJ3, STM32MP235CAK3, STM32MP235CAL3, STM32MP235DAJ3, STM32MP235DAK3, STM32MP235DAL3, STM32MP235FAJ3, STM32MP235FAK3, STM32MP235FAL3, STM32MP251AAI3, STM32MP251AAK3, STM32MP251AAL3, STM32MP251CAI3, STM32MP251CAK3, STM32MP251CAL3, STM32MP251DAI3, STM32MP251DAK3, STM32MP251DAL3, STM32MP251FAI3, STM32MP251FAK3, STM32MP251FAL3, STM32MP253AAI3, STM32MP253AAK3, STM32MP253AAL3, STM32MP253CAI3, STM32MP253CAK3, STM32MP253CAL3, STM32MP253DAI3, STM32MP253DAK3, STM32MP253DAL3, STM32MP253FAI3, STM32MP253FAK3, STM32MP253FAL3, STM32MP255AAI3, STM32MP255AAK3, STM32MP255AAL3, STM32MP255CAI3, STM32MP255CAK3, STM32MP255CAL3, STM32MP255DAI3, STM32MP255DAK3, STM32MP255DAL3, STM32MP255FAI3, STM32MP255FAK3, STM32MP255FAL3, STM32MP257AAI3, STM32MP257AAK3, STM32MP257AAL3, STM32MP257CAI3, STM32MP257CAK3, STM32MP257CAL3, STM32MP257DAI3, STM32MP257DAK3, STM32MP257DAL3, STM32MP257F-DK, STM32MP257F-EV1, STM32MP257FAI3, STM32MP257FAK3, STM32MP257FAL3, STM32N645A0H3Q, STM32N645B0H3Q, STM32N645I0H3Q, STM32N645L0H3Q, STM32N645X0H3Q, STM32N645Z0H3Q, STM32N647A0H3Q, STM32N647B0H3Q, STM32N647I0H3Q, STM32N647L0H3Q, STM32N647X0H3Q, STM32N647Z0H3Q, STM32N655A0H3Q, STM32N655B0H3Q, STM32N655I0H3Q, STM32N655L0H3Q, STM32N655X0H3Q, STM32N655Z0H3Q, STM32N6570-DK, STM32N657A0H3Q, STM32N657B0H3Q, STM32N657I0H3Q, STM32N657L0H3Q, STM32N657X0H3Q, STM32N657Z0H3Q, STM32U031C6T6, STM32U031C6U6, STM32U031C8T6, STM32U031C8U6, STM32U031F4P6, STM32U031F6P6, STM32U031F8P6, STM32U031G6Y6TR, STM32U031G8Y6TR, STM32U031K4U6, STM32U031K6U6, STM32U031K8U6, STM32U031R6I6, STM32U031R6T6, STM32U031R8I6, STM32U031R8T6, STM32U073C8T6, STM32U073C8U6, STM32U073CBT6, STM32U073CBU6, STM32U073CCT6, STM32U073CCU6, STM32U073H8Y6TR, STM32U073HBY6TR, STM32U073HCY6TR, STM32U073K8U6, STM32U073KBU6, STM32U073KCU6, STM32U073M8I6, STM32U073M8T6, STM32U073MBI6, STM32U073MBT6, STM32U073MCI6, STM32U073MCT6, STM32U073R8I6, STM32U073R8T6, STM32U073RBI6, STM32U073RBT6, STM32U073RCI6, STM32U073RCT6, STM32U083C-DK, STM32U083CCT6, STM32U083CCU6, STM32U083HCY6TR, STM32U083KCU6, STM32U083MCI6, STM32U083MCT6, STM32U083RCI6, STM32U083RCT6, STM32U375CET6, STM32U375CET6Q, STM32U375CEU6, STM32U375CEU6Q, STM32U375CEY6QTR, STM32U375CGT6, STM32U375CGT6Q, STM32U375CGU6, STM32U375CGU6Q, STM32U375CGY6QTR, STM32U375KEU6, STM32U375KGU6, STM32U375REI6, STM32U375REI6Q, STM32U375RET6, STM32U375RET6Q, STM32U375REY6GTR, STM32U375REY6QTR, STM32U375RGI6, STM32U375RGI6Q, STM32U375RGT6, STM32U375RGT6Q, STM32U375RGY6GTR, STM32U375RGY6QTR, STM32U375VEI6, STM32U375VEI6Q, STM32U375VET6, STM32U375VET6Q, STM32U375VGI6, STM32U375VGI6Q, STM32U375VGT6, STM32U375VGT6Q, STM32U385CGT6, STM32U385CGT6Q, STM32U385CGU6, STM32U385CGU6Q, STM32U385CGY6QTR, STM32U385KGU6, STM32U385RGI6, STM32U385RGI6Q, STM32U385RGT6, STM32U385RGT6Q, STM32U385RGY6GTR, STM32U385RGY6QTR, STM32U385VGI6, STM32U385VGI6Q, STM32U385VGT6, STM32U385VGT6Q, STM32U535CBT6, STM32U535CBT6Q, STM32U535CBU6, STM32U535CBU6Q, STM32U535CCT6, STM32U535CCT6Q, STM32U535CCU6, STM32U535CCU6Q, STM32U535CET6, STM32U535CET6Q, STM32U535CEU6, STM32U535CEU6Q, STM32U535JEY6QTR, STM32U535NCY6QTR, STM32U535NEY6QTR, STM32U535RBI6, STM32U535RBI6Q, STM32U535RBT6, STM32U535RBT6Q, STM32U535RCI6, STM32U535RCI6Q, STM32U535RCT6, STM32U535RCT6Q, STM32U535REI6, STM32U535REI6Q, STM32U535RET6, STM32U535RET6Q, STM32U535VCI6, STM32U535VCI6Q, STM32U535VCT6, STM32U535VCT6Q, STM32U535VEI6, STM32U535VEI6Q, STM32U535VET6, STM32U535VET6Q, STM32U545CET6, STM32U545CET6Q, STM32U545CEU6, STM32U545CEU6Q, STM32U545JEY6QTR, STM32U545NEY6QTR, STM32U545REI6, STM32U545REI6Q, STM32U545RET6, STM32U545RET6Q, STM32U545VEI6, STM32U545VEI6Q, STM32U545VET6, STM32U545VET6Q, STM32U595AIH6, STM32U595AIH6Q, STM32U595AJH6, STM32U595AJH6Q, STM32U595QII6, STM32U595QII6Q, STM32U595QJI6, STM32U595QJI6Q, STM32U595RIT6, STM32U595RIT6Q, STM32U595RJT6, STM32U595RJT6Q, STM32U595VIT6, STM32U595VIT6Q, STM32U595VJT6, STM32U595VJT6Q, STM32U595ZIT6, STM32U595ZIT6Q, STM32U595ZIY6QTR, STM32U595ZJT6, STM32U595ZJT6Q, STM32U595ZJY6QTR, STM32U599BJY6QTR, STM32U599NIH6Q, STM32U599NJH6Q, STM32U599VIT6Q, STM32U599VJT6, STM32U599VJT6Q, STM32U599ZIT6Q, STM32U599ZIY6QTR, STM32U599ZJT6Q, STM32U599ZJY6QTR, STM32U5A5AJH6, STM32U5A5AJH6Q, STM32U5A5QII3Q , STM32U5A5QJI6, STM32U5A5QJI6Q, STM32U5A5RJT6, STM32U5A5RJT6Q, STM32U5A5VJT6, STM32U5A5VJT6Q, STM32U5A5ZJT6, STM32U5A5ZJT6Q, STM32U5A5ZJY6QTR, STM32U5A9BJY6QTR, STM32U5A9J-DK, STM32U5A9NJH6Q, STM32U5A9VJT6Q, STM32U5A9ZJT6Q, STM32U5A9ZJY6QTR, STM32U5F7VIT6, STM32U5F7VIT6Q, STM32U5F7VJT6, STM32U5F7VJT6Q, STM32U5F9BJY6QTR, STM32U5F9NJH6Q, STM32U5F9VIT6Q, STM32U5F9VJT6Q, STM32U5F9ZIJ6QTR, STM32U5F9ZIT6Q, STM32U5F9ZJJ6QTR, STM32U5F9ZJT6Q, STM32U5G7VJT6, STM32U5G7VJT6Q, STM32U5G9BJY6QTR, STM32U5G9J-DK1, STM32U5G9J-DK2, STM32U5G9NJH6Q, STM32U5G9VJT6Q, STM32U5G9ZJJ6QTR, STM32U5G9ZJT6Q, STM32WB05KZV6TR, STM32WB05KZV7TR, STM32WB05TZF6TR, STM32WB05TZF7TR, STM32WB06CCF6TR, STM32WB06CCF7TR, STM32WB06CCV6TR, STM32WB06CCV7TR, STM32WB06KCV6TR, STM32WB06KCV7TR, STM32WB07CCF6TR, STM32WB07CCF7TR, STM32WB07CCV6TR, STM32WB07CCV7TR, STM32WB07KCV6TR, STM32WB07KCV7TR, STM32WB09KEV6TR, STM32WB09KEV7TR, STM32WB09TEF6TR, STM32WB09TEF7TR, STM32WB1MMCH6, STM32WBA50KGU6, STM32WBA50KGU6TR, STM32WBA52CEU6, STM32WBA52CEU6TR, STM32WBA52CEU7, STM32WBA52CEU7TR, STM32WBA52CGU6, STM32WBA52CGU6TR, STM32WBA52CGU6U, STM32WBA52CGU7, STM32WBA52CGU7TR, STM32WBA52KEU6, STM32WBA52KEU6TR, STM32WBA52KGU6, STM32WBA52KGU6TR, STM32WBA54CEU6, STM32WBA54CEU6TR, STM32WBA54CEU7, STM32WBA54CEU7TR, STM32WBA54CGU6, STM32WBA54CGU6TR, STM32WBA54CGU7, STM32WBA54CGU7TR, STM32WBA54KEU6, STM32WBA54KEU6TR, STM32WBA54KEU7, STM32WBA54KEU7TR, STM32WBA54KGU6, STM32WBA54KGU6TR, STM32WBA54KGU7, STM32WBA54KGU7TR, STM32WBA55CEU6, STM32WBA55CEU6TR, STM32WBA55CEU7, STM32WBA55CEU7TR, STM32WBA55CGU6, STM32WBA55CGU6TR, STM32WBA55CGU6U, STM32WBA55CGU7, STM32WBA55CGU7TR, STM32WBA55G-DK1, STM32WBA55HEF6, STM32WBA55HEF7, STM32WBA55HGF6, STM32WBA55HGF7, STM32WBA55UEI6, STM32WBA55UEI6TR, STM32WBA55UEI7, STM32WBA55UEI7TR, STM32WBA55UGI6, STM32WBA55UGI6TR, STM32WBA55UGI7, STM32WBA55UGI7TR, STM32WBA5MMGH6TR, STM32WBA62MGF6, STM32WBA62MIF6, STM32WBA65MGF7, STM32WBA65MIF6, STM32WBA65MIF7, STM32WL30K8V6, STM32WL30KBV6, STM32WL31C8V6, STM32WL31CBV6, STM32WL31K8V6, STM32WL31KBV6, STM32WL33C8V6, STM32WL33C8V6X, STM32WL33CBV6, STM32WL33CBV6X, STM32WL33CCV6, STM32WL33CCV6A, STM32WL33CCV6X, STM32WL33K8V7, STM32WL33K8V7X, STM32WL33KBV7 , STM32WL33KBV7X, STM32WL33KCV7, STM32WL33KCV7X, STM32WL5MOCH6, STM32WL5MOCH6TR]
2026-04-08 21:45:00,151 [INFO] DbMcus:218 - Found 5055 MCUs, 4968 are supported
2026-04-08 21:45:00,152 [INFO] ApiDb:423 - Load user favorites file C:\Users\User/.stm32cubeide/favorites.mcus.txt: 2 item(s)
2026-04-08 21:45:00,152 [INFO] ApiDb:427 - User favorites MCUs=[STM32F103C6T6A, STM32F103C8T6]
2026-04-08 21:45:00,154 [INFO] DbMcus:224 - Set 2 / 2 favorites MCUs
2026-04-08 21:45:01,107 [INFO] BoardInfo:889 - No configuration file found for board NUCLEO-H5E5ZJ
2026-04-08 21:45:01,110 [INFO] DbBoards:161 - Board is not supported: NUCLEO-H5E5ZJ
2026-04-08 21:45:01,210 [INFO] BoardInfo:889 - No configuration file found for board NUCLEO-U3C5ZI-Q
2026-04-08 21:45:01,211 [INFO] DbBoards:161 - Board is not supported: NUCLEO-U3C5ZI-Q
2026-04-08 21:45:01,237 [INFO] BoardInfo:889 - No configuration file found for board NUCLEO-WBA25CE1
2026-04-08 21:45:01,239 [INFO] DbBoards:161 - Board is not supported: NUCLEO-WBA25CE1
2026-04-08 21:45:01,256 [INFO] BoardInfo:889 - No configuration file found for board NUCLEO-WL3RKB1
2026-04-08 21:45:01,258 [INFO] DbBoards:161 - Board is not supported: NUCLEO-WL3RKB1
2026-04-08 21:45:01,260 [INFO] BoardInfo:889 - No configuration file found for board NUCLEO-WL3RKB2
2026-04-08 21:45:01,261 [INFO] DbBoards:161 - Board is not supported: NUCLEO-WL3RKB2
2026-04-08 21:45:01,274 [INFO] BoardInfo:889 - No configuration file found for board P-NUCLEO-WB55
2026-04-08 21:45:01,276 [INFO] DbBoards:161 - Kit is not supported: P-NUCLEO-WB55
2026-04-08 21:45:01,288 [INFO] BoardInfo:889 - No configuration file found for board STEVAL-BFA001V1B
2026-04-08 21:45:01,290 [INFO] DbBoards:161 - Kit is not supported: STEVAL-BFA001V1B
2026-04-08 21:45:01,291 [INFO] BoardInfo:889 - No configuration file found for board STEVAL-BFA001V2B
2026-04-08 21:45:01,293 [INFO] DbBoards:161 - Kit is not supported: STEVAL-BFA001V2B
2026-04-08 21:45:01,482 [INFO] BoardInfo:889 - No configuration file found for board STM32H5F5J-DK
2026-04-08 21:45:01,484 [INFO] DbBoards:161 - Board is not supported: STM32H5F5J-DK
2026-04-08 21:45:01,647 [INFO] DbBoards:168 - Found 218 boards, 209 are supported
2026-04-08 21:45:01,647 [INFO] DbBoards:169 - Found 218 boards, 43 of them is supported for  Bsp
2026-04-08 21:45:01,650 [INFO] ApiDb:423 - Load user favorites file C:\Users\User/.stm32cubeide/favorites.boards.txt: 0 item(s)
2026-04-08 21:45:01,651 [INFO] ApiDb:427 - User favorites Boards=[]
2026-04-08 21:45:01,651 [INFO] DbBoards:198 - Set 0 / 0 favorites Boards
2026-04-08 21:45:01,727 [INFO] UtilMem:75 - End LoadConfig() Used Memory: 935696096 Bytes (1073741824)
2026-04-08 21:45:01,944 [WARN] ThirdParty:833 - waiting for thirdparty lock release [change project]
2026-04-08 21:45:01,944 [INFO] ThirdParty:835 - entering critical section [change project]
2026-04-08 21:45:01,944 [INFO] ThirdParty:1030 - CMSIS Pack Vendor :STMicroelectronics X-CUBE-AZRTOS-H7 3.5.0
2026-04-08 21:45:01,945 [INFO] ThirdParty:1030 - CMSIS Pack Vendor :STMicroelectronics X-CUBE-PM33A1 1.0.0
2026-04-08 21:45:01,945 [INFO] ThirdParty:1030 - CMSIS Pack Vendor :STMicroelectronics USBPD 4.1
2026-04-08 21:45:01,945 [INFO] ThirdParty:1030 - CMSIS Pack Vendor :STMicroelectronics X-CUBE-NFC9 1.0.0
2026-04-08 21:45:01,945 [INFO] ThirdParty:1030 - CMSIS Pack Vendor :STMicroelectronics USB_HOST 2.0.0
2026-04-08 21:45:01,945 [INFO] ThirdParty:1030 - CMSIS Pack Vendor :STMicroelectronics FP-SNS-MOTENVWB1 1.4.0
2026-04-08 21:45:01,945 [INFO] ThirdParty:1030 - CMSIS Pack Vendor :STMicroelectronics X-CUBE-AZRTOS-F4 1.1.0
2026-04-08 21:45:01,945 [INFO] ThirdParty:1030 - CMSIS Pack Vendor :STMicroelectronics LIBJPEG 8.0.0
2026-04-08 21:45:01,945 [INFO] ThirdParty:1030 - CMSIS Pack Vendor :STMicroelectronics FP-ATR-ASTRA1 2.0.2
2026-04-08 21:45:01,945 [INFO] ThirdParty:1030 - CMSIS Pack Vendor :STMicroelectronics X-CUBE-BLE1 7.1.0
2026-04-08 21:45:01,945 [INFO] ThirdParty:1030 - CMSIS Pack Vendor :STMicroelectronics X-CUBE-SMBUS 2.1.0
2026-04-08 21:45:01,945 [INFO] ThirdParty:1030 - CMSIS Pack Vendor :wolfSSL I-CUBE-wolfMQTT 1.19.2
2026-04-08 21:45:01,945 [INFO] ThirdParty:1030 - CMSIS Pack Vendor :STMicroelectronics USB_DEVICE 3.0.0
2026-04-08 21:45:01,945 [INFO] ThirdParty:1030 - CMSIS Pack Vendor :STMicroelectronics X-CUBE-ISPU 2.1.0
2026-04-08 21:45:01,945 [INFO] ThirdParty:1030 - CMSIS Pack Vendor :STMicroelectronics X-CUBE-FREERTOS 1.4.0
2026-04-08 21:45:01,945 [INFO] ThirdParty:1030 - CMSIS Pack Vendor :STMicroelectronics X-CUBE-EEPRMA1 5.2.0
2026-04-08 21:45:01,945 [INFO] ThirdParty:1030 - CMSIS Pack Vendor :STMicroelectronics X-CUBE-IPS 3.2.0
2026-04-08 21:45:01,945 [INFO] ThirdParty:1030 - CMSIS Pack Vendor :STMicroelectronics X-CUBE-BLEMGR 4.1.0
2026-04-08 21:45:01,946 [INFO] ThirdParty:1030 - CMSIS Pack Vendor :STMicroelectronics eDS-WB_DPC_TT-BIDIR 2.1.1
2026-04-08 21:45:01,946 [INFO] ThirdParty:1030 - CMSIS Pack Vendor :STMicroelectronics X-CUBE-AZRTOS-WB 2.0.0
2026-04-08 21:45:01,946 [INFO] ThirdParty:1030 - CMSIS Pack Vendor :wolfSSL I-CUBE-wolfSSL 5.8.4
2026-04-08 21:45:01,946 [INFO] ThirdParty:1030 - CMSIS Pack Vendor :Cesanta I-CUBE-Mongoose 7.20.0
2026-04-08 21:45:01,946 [INFO] ThirdParty:1030 - CMSIS Pack Vendor :STMicroelectronics X-CUBE-NFC12 1.0.0
2026-04-08 21:45:01,946 [INFO] ThirdParty:1030 - CMSIS Pack Vendor :STMicroelectronics X-CUBE-AZRTOS-F7 1.1.0
2026-04-08 21:45:01,946 [INFO] ThirdParty:1030 - CMSIS Pack Vendor :STMicroelectronics X-CUBE-AZRTOS-L5 2.0.0
2026-04-08 21:45:01,946 [INFO] ThirdParty:1030 - CMSIS Pack Vendor :STMicroelectronics USB_DEVICE 2.0.0
2026-04-08 21:45:01,946 [INFO] ThirdParty:1030 - CMSIS Pack Vendor :quantropi X-CUBE-qispace-sdk-base 2.1.0
2026-04-08 21:45:01,946 [INFO] ThirdParty:1030 - CMSIS Pack Vendor :STMicroelectronics X-CUBE-MEMS1 12.0.0
2026-04-08 21:45:01,946 [INFO] ThirdParty:1030 - CMSIS Pack Vendor :STMicroelectronics X-CUBE-STSE01 2.0.0
2026-04-08 21:45:01,946 [INFO] ThirdParty:1030 - CMSIS Pack Vendor :STMicroelectronics FP-SNS-MOTENV1 5.1.0
2026-04-08 21:45:01,946 [INFO] ThirdParty:1030 - CMSIS Pack Vendor :STMicroelectronics FreeRTOS 0.0.1
2026-04-08 21:45:01,946 [INFO] ThirdParty:1030 - CMSIS Pack Vendor :STMicroelectronics X-CUBE-AZRTOS-G0 1.1.0
2026-04-08 21:45:01,946 [INFO] ThirdParty:1030 - CMSIS Pack Vendor :STMicroelectronics X-CUBE-NFC4 3.0.0
2026-04-08 21:45:01,946 [INFO] ThirdParty:1030 - CMSIS Pack Vendor :STMicroelectronics X-CUBE-SUBG2 5.0.0
2026-04-08 21:45:01,946 [INFO] ThirdParty:1030 - CMSIS Pack Vendor :STMicroelectronics STM32_WPAN 1.0.0
2026-04-08 21:45:01,946 [INFO] ThirdParty:1030 - CMSIS Pack Vendor :STMicroelectronics eDS-WB_DPC_VIENNA 1.2.0
2026-04-08 21:45:01,946 [INFO] ThirdParty:1030 - CMSIS Pack Vendor :EmbeddedOffice I-CUBE-FS-RTOS 1.0.1
2026-04-08 21:45:01,946 [INFO] ThirdParty:1030 - CMSIS Pack Vendor :STMicroelectronics lwIP 2.0.3
2026-04-08 21:45:01,946 [INFO] ThirdParty:1030 - CMSIS Pack Vendor :WES I-CUBE-Cesium 1.4.0
2026-04-08 21:45:01,946 [INFO] ThirdParty:1030 - CMSIS Pack Vendor :STMicroelectronics eDS-WB_DPC_3PH2L-BIDIR 1.1.1
2026-04-08 21:45:01,946 [INFO] ThirdParty:1030 - CMSIS Pack Vendor :STMicroelectronics USB_HOST 1.0.0
2026-04-08 21:45:01,946 [INFO] ThirdParty:1030 - CMSIS Pack Vendor :STMicroelectronics X-CUBE-AZRTOS-G4 2.0.0
2026-04-08 21:45:01,947 [INFO] ThirdParty:1030 - CMSIS Pack Vendor :STMicroelectronics X-CUBE-WB05N 2.0.0
2026-04-08 21:45:01,947 [INFO] ThirdParty:1030 - CMSIS Pack Vendor :STMicroelectronics PDM2PCM 3.1.0
2026-04-08 21:45:01,947 [INFO] ThirdParty:1030 - CMSIS Pack Vendor :STMicroelectronics PDM2PCM 3.3.0
2026-04-08 21:45:01,947 [INFO] ThirdParty:1030 - CMSIS Pack Vendor :wolfSSL I-CUBE-wolfTPM 3.8.0
2026-04-08 21:45:01,947 [INFO] ThirdParty:1030 - CMSIS Pack Vendor :STMicroelectronics X-CUBE-AZRTOS-H7 3.4.0
2026-04-08 21:45:01,947 [INFO] ThirdParty:1030 - CMSIS Pack Vendor :STMicroelectronics X-CUBE-DISPLAY 3.0.0
2026-04-08 21:45:01,947 [INFO] ThirdParty:1030 - CMSIS Pack Vendor :wolfSSL I-CUBE-wolfSSH 1.4.20
2026-04-08 21:45:01,947 [INFO] ThirdParty:1030 - CMSIS Pack Vendor :STMicroelectronics X-CUBE-NFC7 2.0.0
2026-04-08 21:45:01,947 [INFO] ThirdParty:1030 - CMSIS Pack Vendor :STMicroelectronics FP-SNS-MOTENVWB1 1.5.0
2026-04-08 21:45:01,947 [INFO] ThirdParty:1030 - CMSIS Pack Vendor :STMicroelectronics X-CUBE-TCPP 4.2.0
2026-04-08 21:45:01,947 [INFO] ThirdParty:1030 - CMSIS Pack Vendor :RealThread X-CUBE-RT-Thread_Nano 4.1.1
2026-04-08 21:45:01,947 [INFO] ThirdParty:1030 - CMSIS Pack Vendor :STMicroelectronics FP-ATR-SIGFOX1 3.2.0
2026-04-08 21:45:01,947 [INFO] ThirdParty:1030 - CMSIS Pack Vendor :STMicroelectronics X-CUBE-NFC10 1.0.0
2026-04-08 21:45:01,947 [INFO] ThirdParty:1030 - CMSIS Pack Vendor :STMicroelectronics HAL Drivers 0.0.0
2026-04-08 21:45:01,947 [INFO] ThirdParty:1030 - CMSIS Pack Vendor :STMicroelectronics X-CUBE-FREERTOS 1.5.0
2026-04-08 21:45:01,947 [INFO] ThirdParty:1030 - CMSIS Pack Vendor :STMicroelectronics MBEDTLS 2.16.2
2026-04-08 21:45:01,947 [INFO] ThirdParty:1030 - CMSIS Pack Vendor :STMicroelectronics X-CUBE-ST60 1.1.0
2026-04-08 21:45:01,947 [INFO] ThirdParty:1030 - CMSIS Pack Vendor :STMicroelectronics X-CUBE-ALS 1.0.2
2026-04-08 21:45:01,948 [INFO] ThirdParty:1030 - CMSIS Pack Vendor :emotas I-CUBE-CANOPEN 1.3.0
2026-04-08 21:45:01,948 [INFO] ThirdParty:1030 - CMSIS Pack Vendor :STMicroelectronics MBEDTLS 2.14.1
2026-04-08 21:45:01,948 [INFO] ThirdParty:1030 - CMSIS Pack Vendor :STMicroelectronics X-CUBE-GNSS1 7.1.0
2026-04-08 21:45:01,948 [INFO] ThirdParty:1030 - CMSIS Pack Vendor :ITTIA_DB I-CUBE-ITTIADB 8.9.0
2026-04-08 21:45:01,948 [INFO] ThirdParty:1030 - CMSIS Pack Vendor :STMicroelectronics X-CUBE-TOUCHGFX 4.26.0
2026-04-08 21:45:01,948 [INFO] ThirdParty:1030 - CMSIS Pack Vendor :STMicroelectronics X-CUBE-TOUCHGFX 4.26.1
2026-04-08 21:45:01,948 [INFO] ThirdParty:1030 - CMSIS Pack Vendor :STMicroelectronics X-CUBE-NFC6 3.2.0
2026-04-08 21:45:01,948 [INFO] ThirdParty:1030 - CMSIS Pack Vendor :STMicroelectronics FP-SNS-STBOX1 2.1.0
2026-04-08 21:45:01,948 [INFO] ThirdParty:1030 - CMSIS Pack Vendor :STMicroelectronics X-CUBE-AI 10.2.0
2026-04-08 21:45:01,948 [INFO] ThirdParty:1030 - CMSIS Pack Vendor :STMicroelectronics FP-SNS-STAIOTCFT 1.0.0
2026-04-08 21:45:01,948 [INFO] ThirdParty:1030 - CMSIS Pack Vendor :STMicroelectronics ThreadX 1.0.0
2026-04-08 21:45:01,948 [INFO] ThirdParty:1030 - CMSIS Pack Vendor :STMicroelectronics FP-SNS-SMARTAG2 1.2.0
2026-04-08 21:45:01,948 [INFO] ThirdParty:1030 - CMSIS Pack Vendor :STMicroelectronics FP-SNS-FLIGHT1 5.1.0
2026-04-08 21:45:01,948 [INFO] ThirdParty:1030 - CMSIS Pack Vendor :STMicroelectronics X-CUBE-AZRTOS-WL 2.0.0
2026-04-08 21:45:01,948 [INFO] ThirdParty:1030 - CMSIS Pack Vendor :SEGGER I-CUBE-embOS 1.3.1
2026-04-08 21:45:01,948 [INFO] ThirdParty:1030 - CMSIS Pack Vendor :STMicroelectronics X-CUBE-ALGOBUILD 1.4.0
2026-04-08 21:45:01,948 [INFO] ThirdParty:1030 - CMSIS Pack Vendor :STMicroelectronics X-CUBE-DPower 1.3.0
2026-04-08 21:45:01,948 [INFO] ThirdParty:1030 - CMSIS Pack Vendor :STMicroelectronics USB_DEVICE 1.0.0
2026-04-08 21:45:01,948 [INFO] ThirdParty:1030 - CMSIS Pack Vendor :STMicroelectronics X-CUBE-AZRTOS-H7RS 1.2.0
2026-04-08 21:45:01,948 [INFO] ThirdParty:1030 - CMSIS Pack Vendor :STMicroelectronics X-CUBE-AZRTOS-L4 2.0.0
2026-04-08 21:45:01,949 [INFO] ThirdParty:1030 - CMSIS Pack Vendor :STMicroelectronics ThreadX 0.0.2
2026-04-08 21:45:01,949 [INFO] ThirdParty:1030 - CMSIS Pack Vendor :STMicroelectronics lwIP 2.1.2
2026-04-08 21:45:01,949 [INFO] ThirdParty:1030 - CMSIS Pack Vendor :STMicroelectronics X-CUBE-SFXS2LP1 4.0.0
2026-04-08 21:45:01,949 [INFO] ThirdParty:1030 - CMSIS Pack Vendor :STMicroelectronics X-CUBE-BLE2 3.3.0
2026-04-08 21:45:01,949 [INFO] ThirdParty:1030 - CMSIS Pack Vendor :Avnet-IOTCONNECT X-CUBE-iotc-st67-sdk 1.0.0
2026-04-08 21:45:01,949 [INFO] ThirdParty:1030 - CMSIS Pack Vendor :STMicroelectronics X-CUBE-TOF1 3.4.3
2026-04-08 21:45:01,949 [INFO] ThirdParty:1030 - CMSIS Pack Vendor :Infineon AIROC-Wi-Fi-Bluetooth-STM32 1.8.0
2026-04-08 21:45:01,949 [INFO] ThirdParty:1030 - CMSIS Pack Vendor :STMicroelectronics PDM2PCM 3.2.0
2026-04-08 21:45:01,949 [INFO] ThirdParty:1030 - CMSIS Pack Vendor :STMicroelectronics X-CUBE-ST67W61 1.2.0
2026-04-08 21:45:01,949 [INFO] ThirdParty:841 - exiting critical section [change project]
2026-04-08 21:45:02,407 [INFO] PinOutPanel:1589 - setPackage(No Configuration,No Configuration)
2026-04-08 21:45:02,410 [INFO] PinOutPanel:1589 - setPackage(STM32F103C6Tx,LQFP48)
2026-04-08 21:45:03,208 [INFO] UtilMem:75 - Before build in PCC Used Memory: 727418808 Bytes (1073741824)
2026-04-08 21:45:04,415 [INFO] UtilMem:75 - After build in PCC Used Memory: 806061912 Bytes (1073741824)
2026-04-08 21:45:04,453 [INFO] IPUIPlugin:80 - create IPUIPlugin
2026-04-08 21:45:04,453 [INFO] IPUIPlugin:80 - create IPUIPlugin
2026-04-08 21:45:04,453 [INFO] IPUIPlugin:80 - create IPUIPlugin
2026-04-08 21:45:04,453 [INFO] IPUIPlugin:80 - create IPUIPlugin
2026-04-08 21:45:04,453 [INFO] IPUIPlugin:80 - create IPUIPlugin
2026-04-08 21:45:04,453 [INFO] IPUIPlugin:80 - create IPUIPlugin
2026-04-08 21:45:04,453 [INFO] IPUIPlugin:80 - create IPUIPlugin
2026-04-08 21:45:04,455 [INFO] IPUIPlugin:80 - create IPUIPlugin
2026-04-08 21:45:04,455 [INFO] IPUIPlugin:80 - create IPUIPlugin
2026-04-08 21:45:04,455 [INFO] IPUIPlugin:80 - create IPUIPlugin
2026-04-08 21:45:04,455 [INFO] IPUIPlugin:80 - create IPUIPlugin
2026-04-08 21:45:04,455 [INFO] IPUIPlugin:80 - create IPUIPlugin
2026-04-08 21:45:04,455 [INFO] IPUIPlugin:80 - create IPUIPlugin
2026-04-08 21:45:04,456 [INFO] IPUIPlugin:80 - create IPUIPlugin
2026-04-08 21:45:04,456 [INFO] IPUIPlugin:80 - create IPUIPlugin
2026-04-08 21:45:04,456 [INFO] IPUIPlugin:80 - create IPUIPlugin
2026-04-08 21:45:04,457 [INFO] IPUIPlugin:80 - create IPUIPlugin
2026-04-08 21:45:04,457 [INFO] IPUIPlugin:80 - create IPUIPlugin
2026-04-08 21:45:04,457 [INFO] IPUIPlugin:80 - create IPUIPlugin
2026-04-08 21:45:04,457 [INFO] IPUIPlugin:80 - create IPUIPlugin
2026-04-08 21:45:04,458 [INFO] IPUIPlugin:80 - create IPUIPlugin
2026-04-08 21:45:04,458 [INFO] IPUIPlugin:80 - create IPUIPlugin
2026-04-08 21:45:04,459 [INFO] IPUIPlugin:80 - create IPUIPlugin
2026-04-08 21:45:04,802 [INFO] CADModel:165 - CPN selected for project levelSTM32F103C6T6A
2026-04-08 21:45:04,802 [INFO] CADModel:114 - Register for checkConnection events
2026-04-08 21:45:04,857 [INFO] OpenFileManager:386 - Restore cursor
2026-04-08 21:45:52,781 [INFO] WebApp:194 - Connection lost
2026-04-08 21:45:53,047 [INFO] WebApp:191 - Connection restablished
2026-04-08 21:47:23,250 [INFO] WebApp:194 - Connection lost
2026-04-08 21:47:23,498 [INFO] WebApp:191 - Connection restablished
2026-04-08 21:48:53,762 [INFO] WebApp:194 - Connection lost
2026-04-08 21:48:54,056 [INFO] WebApp:191 - Connection restablished
2026-04-08 21:50:24,250 [INFO] WebApp:194 - Connection lost
2026-04-08 21:50:24,547 [INFO] WebApp:191 - Connection restablished
2026-04-08 21:51:55,796 [INFO] WebApp:194 - Connection lost
2026-04-08 21:51:56,036 [INFO] WebApp:191 - Connection restablished
2026-04-08 21:53:26,262 [INFO] WebApp:194 - Connection lost
2026-04-08 21:53:26,567 [INFO] WebApp:191 - Connection restablished
2026-04-08 21:54:56,751 [INFO] WebApp:194 - Connection lost
2026-04-08 21:54:57,057 [INFO] WebApp:191 - Connection restablished
2026-04-08 21:56:28,815 [INFO] WebApp:194 - Connection lost
2026-04-08 21:56:29,261 [INFO] WebApp:191 - Connection restablished
2026-04-08 21:57:59,265 [INFO] WebApp:194 - Connection lost
2026-04-08 21:57:59,503 [INFO] WebApp:191 - Connection restablished
2026-04-08 21:58:52,802 [INFO] ADCParametersView:116 -                Rank 1 : false
2026-04-08 21:58:52,805 [INFO] ADCParametersView:116 -                Rank 1 : false
2026-04-08 21:58:52,806 [INFO] ADCParametersView:116 -                Rank 2 : false
2026-04-08 21:58:52,898 [INFO] ADCParametersView:116 -                Rank 1 : false
2026-04-08 21:58:52,898 [INFO] ADCParametersView:116 -                Rank 2 : false
2026-04-08 21:58:52,899 [INFO] ADCParametersView:116 -                Rank 1 : false
2026-04-08 21:58:52,899 [INFO] ADCParametersView:116 -                Rank 2 : false
2026-04-08 21:58:52,899 [INFO] ADCParametersView:116 -                Rank 1 : false
2026-04-08 21:58:52,899 [INFO] ADCParametersView:116 -                Rank 2 : false
2026-04-08 21:58:52,900 [INFO] ADCParametersView:116 -                Rank 1 : false
2026-04-08 21:58:52,900 [INFO] ADCParametersView:116 -                Rank 2 : false
2026-04-08 21:58:52,900 [INFO] ADCParametersView:116 -                Rank 1 : false
2026-04-08 21:58:52,900 [INFO] ADCParametersView:116 -                Rank 2 : false
2026-04-08 21:58:52,900 [INFO] ADCParametersView:116 -                Rank 1 : false
2026-04-08 21:58:52,901 [INFO] ADCParametersView:116 -                Rank 2 : false
2026-04-08 21:58:52,901 [INFO] ADCParametersView:116 -                Rank 1 : false
2026-04-08 21:58:52,901 [INFO] ADCParametersView:116 -                Rank 2 : false
2026-04-08 21:58:52,901 [INFO] ADCParametersView:116 -                Rank 1 : false
2026-04-08 21:58:52,901 [INFO] ADCParametersView:116 -                Rank 2 : false
2026-04-08 21:58:52,902 [INFO] ADCParametersView:116 -                Rank 1 : false
2026-04-08 21:58:52,902 [INFO] ADCParametersView:116 -                Rank 2 : false
2026-04-08 21:58:52,903 [INFO] ADCParametersView:116 -                Rank 1 : false
2026-04-08 21:58:52,904 [INFO] ADCParametersView:116 -                Rank 2 : false
2026-04-08 21:58:52,905 [INFO] ADCParametersView:116 -                Rank 2 : false
2026-04-08 21:58:52,918 [INFO] ADCParametersView:116 -                Rank 1 : false
2026-04-08 21:58:52,919 [INFO] ADCParametersView:116 -                Rank 1 : false
2026-04-08 21:58:52,920 [INFO] ADCParametersView:116 -                Rank 2 : false
2026-04-08 21:59:29,764 [INFO] WebApp:194 - Connection lost
2026-04-08 21:59:30,059 [INFO] WebApp:191 - Connection restablished
2026-04-08 22:01:00,254 [INFO] WebApp:194 - Connection lost
2026-04-08 22:01:00,550 [INFO] WebApp:191 - Connection restablished
2026-04-08 22:02:31,751 [INFO] WebApp:194 - Connection lost
2026-04-08 22:02:32,010 [INFO] WebApp:191 - Connection restablished
2026-04-08 22:04:02,778 [INFO] WebApp:194 - Connection lost
2026-04-08 22:04:03,115 [INFO] WebApp:191 - Connection restablished
2026-04-08 22:05:33,247 [INFO] WebApp:194 - Connection lost
2026-04-08 22:05:33,535 [INFO] WebApp:191 - Connection restablished
2026-04-08 22:07:03,799 [INFO] WebApp:194 - Connection lost
2026-04-08 22:07:04,038 [INFO] WebApp:191 - Connection restablished
2026-04-08 22:08:34,248 [INFO] WebApp:194 - Connection lost
2026-04-08 22:08:34,569 [INFO] WebApp:191 - Connection restablished
2026-04-08 22:10:04,747 [INFO] WebApp:194 - Connection lost
2026-04-08 22:10:05,032 [INFO] WebApp:191 - Connection restablished
2026-04-08 22:11:35,747 [INFO] WebApp:194 - Connection lost
2026-04-08 22:11:36,012 [INFO] WebApp:191 - Connection restablished
2026-04-08 22:13:07,258 [INFO] WebApp:194 - Connection lost
2026-04-08 22:13:07,712 [INFO] WebApp:191 - Connection restablished
2026-04-08 22:14:37,747 [INFO] WebApp:194 - Connection lost
2026-04-08 22:14:37,993 [INFO] WebApp:191 - Connection restablished
2026-04-08 22:16:08,744 [INFO] WebApp:194 - Connection lost
2026-04-08 22:16:09,081 [INFO] WebApp:191 - Connection restablished
2026-04-08 22:17:39,252 [INFO] WebApp:194 - Connection lost
2026-04-08 22:17:39,511 [INFO] WebApp:191 - Connection restablished
2026-04-08 22:19:09,749 [INFO] WebApp:194 - Connection lost
2026-04-08 22:19:09,987 [INFO] WebApp:191 - Connection restablished
2026-04-08 22:20:40,254 [INFO] WebApp:194 - Connection lost
2026-04-08 22:20:40,553 [INFO] WebApp:191 - Connection restablished
2026-04-08 22:22:10,763 [INFO] WebApp:194 - Connection lost
2026-04-08 22:22:11,017 [INFO] WebApp:191 - Connection restablished
2026-04-08 22:23:41,249 [INFO] WebApp:194 - Connection lost
2026-04-08 22:23:41,496 [INFO] WebApp:191 - Connection restablished
2026-04-08 22:25:13,249 [INFO] WebApp:194 - Connection lost
2026-04-08 22:25:13,657 [INFO] WebApp:191 - Connection restablished
2026-04-08 22:26:43,760 [INFO] WebApp:194 - Connection lost
2026-04-08 22:26:44,030 [INFO] WebApp:191 - Connection restablished
2026-04-08 22:28:14,242 [INFO] WebApp:194 - Connection lost
2026-04-08 22:28:14,586 [INFO] WebApp:191 - Connection restablished
2026-04-08 22:29:44,740 [INFO] WebApp:194 - Connection lost
2026-04-08 22:29:45,052 [INFO] WebApp:191 - Connection restablished
2026-04-08 22:31:15,244 [INFO] WebApp:194 - Connection lost
2026-04-08 22:31:15,516 [INFO] WebApp:191 - Connection restablished
2026-04-08 22:32:45,750 [INFO] WebApp:194 - Connection lost
2026-04-08 22:32:45,979 [INFO] WebApp:191 - Connection restablished
2026-04-08 22:34:16,758 [INFO] WebApp:194 - Connection lost
2026-04-08 22:34:17,057 [INFO] WebApp:191 - Connection restablished
2026-04-08 22:35:47,252 [INFO] WebApp:194 - Connection lost
2026-04-08 22:35:47,537 [INFO] WebApp:191 - Connection restablished
2026-04-08 22:37:17,751 [INFO] WebApp:194 - Connection lost
2026-04-08 22:37:18,071 [INFO] WebApp:191 - Connection restablished
2026-04-08 22:38:48,253 [INFO] WebApp:194 - Connection lost
2026-04-08 22:38:48,539 [INFO] WebApp:191 - Connection restablished
2026-04-08 22:40:19,751 [INFO] WebApp:194 - Connection lost
2026-04-08 22:40:20,229 [INFO] WebApp:191 - Connection restablished
2026-04-08 22:41:50,263 [INFO] WebApp:194 - Connection lost
2026-04-08 22:41:50,509 [INFO] WebApp:191 - Connection restablished
2026-04-08 22:43:21,748 [INFO] WebApp:194 - Connection lost
2026-04-08 22:43:21,997 [INFO] WebApp:191 - Connection restablished
2026-04-08 22:44:52,748 [INFO] WebApp:194 - Connection lost
2026-04-08 22:44:53,082 [INFO] WebApp:191 - Connection restablished
2026-04-08 22:45:06,723 [ERROR] LogOutputStream:75 - [STDERR_REDIRECT] 
