2026-04-21 12:38:34,291 [INFO] Activator:176 - 


2026-04-21 12:38:34,298 [INFO] Activator:177 - !SESSION log4j initialized
2026-04-21 12:38:40,559 [INFO] LogOutputStream:77 - [STDOUT_REDIRECT] 
2026-04-21 12:38:42,330 [INFO] ApplicationProperties:184 - Using Application install path: C:\ST\STM32CubeIDE_1.19.0\STM32CubeIDE\plugins\com.st.stm32cube.common.mx_6.15.0.202507011659
2026-04-21 12:38:42,352 [INFO] DbMcusXml:78 - Set database path to: C:\ST\STM32CubeIDE_1.19.0\STM32CubeIDE\plugins\com.st.stm32cube.common.mx_6.15.0.202507011659\\db\/mcu/
2026-04-21 12:38:42,353 [INFO] ApiDb:274 - Set plugin database path to: C:\ST\STM32CubeIDE_1.19.0\STM32CubeIDE\plugins\com.st.stm32cube.common.mx_6.15.0.202507011659\\db\/plugins/boardmanager/
2026-04-21 12:38:42,354 [WARN] ApiDb:259 - Overriding images path with different value:  => C:\ST\STM32CubeIDE_1.19.0\STM32CubeIDE\plugins\com.st.stm32cube.common.mx_6.15.0.202507011659\\db\/plugins/mcufinder/images/
2026-04-21 12:38:42,369 [INFO] ApiDb:250 - Set database path to: C:\Users\User\.stmcufinder\plugins\mcufinder//mcu/
2026-04-21 12:38:42,370 [INFO] DbMcusAds:125 - Set database path to: C:\Users\User\.stmcufinder\plugins\mcufinder//mcu/
2026-04-21 12:38:42,375 [INFO] CrossReferenceDbSqlite:203 - Set database path to: C:\Users\User\.stmcufinder\plugins\mcufinder//mcu/cs/
2026-04-21 12:38:42,518 [INFO] RulesReader:64 - Compatibility file has been processed (317 Rules)
2026-04-21 12:38:42,620 [INFO] DbMcusXml:78 - Set database path to: C:\ST\STM32CubeIDE_1.19.0\STM32CubeIDE\plugins\com.st.stm32cube.common.mx_6.15.0.202507011659\\db\/mcu/
2026-04-21 12:38:42,621 [INFO] ApiDb:274 - Set plugin database path to: C:\ST\STM32CubeIDE_1.19.0\STM32CubeIDE\plugins\com.st.stm32cube.common.mx_6.15.0.202507011659\\db\/plugins/boardmanager/
2026-04-21 12:38:42,621 [INFO] ApiDb:261 - Set plugin images path to: C:\ST\STM32CubeIDE_1.19.0\STM32CubeIDE\plugins\com.st.stm32cube.common.mx_6.15.0.202507011659\\db\/plugins/mcufinder/images/
2026-04-21 12:38:42,621 [WARN] DbFile:41 - Overriding database path with different value: C:\Users\User\.stmcufinder\plugins\mcufinder/ => C:\Users\User\.stmcufinder\plugins\mcufinder
2026-04-21 12:38:42,621 [INFO] ApiDb:250 - Set database path to: C:\Users\User\.stmcufinder\plugins\mcufinder//mcu/
2026-04-21 12:38:42,621 [WARN] DbFile:41 - Overriding database path with different value: C:\Users\User\.stmcufinder\plugins\mcufinder/ => C:\Users\User\.stmcufinder\plugins\mcufinder
2026-04-21 12:38:42,621 [INFO] DbMcusAds:125 - Set database path to: C:\Users\User\.stmcufinder\plugins\mcufinder//mcu/
2026-04-21 12:38:42,621 [WARN] DbFile:41 - Overriding database path with different value: C:\Users\User\.stmcufinder\plugins\mcufinder/ => C:\Users\User\.stmcufinder\plugins\mcufinder
2026-04-21 12:38:42,621 [WARN] DbFile:41 - Overriding database path with different value: C:\Users\User\.stmcufinder\plugins\mcufinder/ => C:\Users\User\.stmcufinder\plugins\mcufinder
2026-04-21 12:38:42,622 [INFO] CrossReferenceDbSqlite:203 - Set database path to: C:\Users\User\.stmcufinder\plugins\mcufinder//mcu/cs/
2026-04-21 12:38:42,767 [INFO] MainPanel:274 - HeapMemory: 268435456
2026-04-21 12:38:42,908 [INFO] DbMcusXml:78 - Set database path to: C:\ST\STM32CubeIDE_1.19.0\STM32CubeIDE\plugins\com.st.stm32cube.common.mx_6.15.0.202507011659\\db\/mcu/
2026-04-21 12:38:42,908 [INFO] ApiDb:274 - Set plugin database path to: C:\ST\STM32CubeIDE_1.19.0\STM32CubeIDE\plugins\com.st.stm32cube.common.mx_6.15.0.202507011659\\db\/plugins/boardmanager/
2026-04-21 12:38:42,908 [INFO] ApiDb:261 - Set plugin images path to: C:\ST\STM32CubeIDE_1.19.0\STM32CubeIDE\plugins\com.st.stm32cube.common.mx_6.15.0.202507011659\\db\/plugins/mcufinder/images/
2026-04-21 12:38:42,909 [WARN] DbFile:41 - Overriding database path with different value: C:\Users\User\.stmcufinder\plugins\mcufinder/ => C:\Users\User\.stmcufinder\plugins\mcufinder
2026-04-21 12:38:42,909 [INFO] ApiDb:250 - Set database path to: C:\Users\User\.stmcufinder\plugins\mcufinder//mcu/
2026-04-21 12:38:42,909 [WARN] DbFile:41 - Overriding database path with different value: C:\Users\User\.stmcufinder\plugins\mcufinder/ => C:\Users\User\.stmcufinder\plugins\mcufinder
2026-04-21 12:38:42,909 [INFO] DbMcusAds:125 - Set database path to: C:\Users\User\.stmcufinder\plugins\mcufinder//mcu/
2026-04-21 12:38:42,909 [WARN] DbFile:41 - Overriding database path with different value: C:\Users\User\.stmcufinder\plugins\mcufinder/ => C:\Users\User\.stmcufinder\plugins\mcufinder
2026-04-21 12:38:42,909 [WARN] DbFile:41 - Overriding database path with different value: C:\Users\User\.stmcufinder\plugins\mcufinder/ => C:\Users\User\.stmcufinder\plugins\mcufinder
2026-04-21 12:38:42,910 [INFO] CrossReferenceDbSqlite:203 - Set database path to: C:\Users\User\.stmcufinder\plugins\mcufinder//mcu/cs/
2026-04-21 12:38:42,935 [INFO] ApplicationProperties:184 - Using Application install path: C:\ST\STM32CubeIDE_1.19.0\STM32CubeIDE\plugins\com.st.stm32cube.common.mx_6.15.0.202507011659
2026-04-21 12:38:42,936 [INFO] PluginManage:196 - Search for loadable plugins [exclusion list=, ]
2026-04-21 12:38:42,938 [INFO] PluginManage:310 - Check plugin analytics
2026-04-21 12:38:43,193 [INFO] AnalyticsPlugin:253 - Accepted Software Licenses: STM32CubeMX.6.16.1,STM32CubeMX.6.17.0
2026-04-21 12:38:43,194 [INFO] AnalyticsPlugin:255 - Accepted CMSIS Pack Licenses: 
2026-04-21 12:38:43,194 [INFO] AnalyticsPlugin:257 - Accepted Firmware Licenses: FW.C0.1.1.0
2026-04-21 12:38:43,199 [INFO] PluginManage:359 - Loaded plugin analytics (category:tool,tabindex:-1)
2026-04-21 12:38:43,200 [INFO] PluginManage:310 - Check plugin cadmodel
2026-04-21 12:38:43,209 [INFO] CADModel:105 - Init CAD model plugin
2026-04-21 12:38:43,209 [INFO] PluginManage:359 - Loaded plugin cadmodel (category:power,tabindex:5)
2026-04-21 12:38:43,209 [INFO] PluginManage:310 - Check plugin clock
2026-04-21 12:38:43,227 [INFO] PluginManage:359 - Loaded plugin clock (category:base,tabindex:2)
2026-04-21 12:38:43,228 [INFO] PluginManage:310 - Check plugin ddr
2026-04-21 12:38:43,231 [INFO] PluginManage:359 - Loaded plugin ddr (category:tool,tabindex:6)
2026-04-21 12:38:43,232 [INFO] PluginManage:310 - Check plugin filemanager
2026-04-21 12:38:43,423 [INFO] PluginManage:359 - Loaded plugin filemanager (category:base,tabindex:10)
2026-04-21 12:38:43,424 [INFO] PluginManage:310 - Check plugin ipmanager
2026-04-21 12:38:43,432 [INFO] PluginManage:359 - Loaded plugin ipmanager (category:base,tabindex:5)
2026-04-21 12:38:43,432 [INFO] PluginManage:310 - Check plugin lpbam
2026-04-21 12:38:43,443 [INFO] PluginManage:359 - Loaded plugin lpbam (category:base,tabindex:0)
2026-04-21 12:38:43,443 [INFO] PluginManage:310 - Check plugin memorymap
2026-04-21 12:38:43,461 [INFO] PluginManage:359 - Loaded plugin memorymap (category:base,tabindex:4)
2026-04-21 12:38:43,462 [INFO] PluginManage:310 - Check plugin pinoutandconfiguration
2026-04-21 12:38:43,473 [INFO] PluginManage:359 - Loaded plugin pinoutandconfiguration (category:base,tabindex:1)
2026-04-21 12:38:43,473 [INFO] PluginManage:310 - Check plugin pinoutconfig
2026-04-21 12:38:43,591 [WARN] SupportedApi:132 - Cannot load RTOS API schema: s4s-elt-must-match.1: The content of 'definitions' must match (annotation?, (simpleType | complexType)?, (unique | key | keyref)*)). A problem was found starting at: attribute.
2026-04-21 12:38:43,760 [INFO] PluginManage:359 - Loaded plugin pinoutconfig (category:base,tabindex:0)
2026-04-21 12:38:43,761 [INFO] PluginManage:310 - Check plugin power
2026-04-21 12:38:43,779 [INFO] PluginManage:359 - Loaded plugin power (category:power,tabindex:4)
2026-04-21 12:38:43,779 [INFO] PluginManage:310 - Check plugin projectmanager
2026-04-21 12:38:43,801 [INFO] PluginManage:359 - Loaded plugin projectmanager (category:projectmanager,tabindex:4)
2026-04-21 12:38:43,801 [INFO] PluginManage:310 - Check plugin rif
2026-04-21 12:38:43,815 [INFO] PluginManage:359 - Loaded plugin rif (category:base,tabindex:3)
2026-04-21 12:38:43,815 [INFO] PluginManage:310 - Check plugin thirdparty
2026-04-21 12:38:43,996 [INFO] PluginManage:359 - Loaded plugin thirdparty (category:base,tabindex:-1)
2026-04-21 12:38:43,996 [WARN] IntegrityCheckThread:84 - waiting for thirdparty lock release [integrity check]
2026-04-21 12:38:43,997 [INFO] PluginManage:310 - Check plugin tools
2026-04-21 12:38:43,997 [INFO] IntegrityCheckThread:86 - entering critical section [integrity check]
2026-04-21 12:38:43,997 [INFO] ThirdPartyUpdaterWithRetryManager:70 - Updater plugin not ready yet. [1/15]
2026-04-21 12:38:44,000 [INFO] PluginManage:359 - Loaded plugin tools (category:base,tabindex:7)
2026-04-21 12:38:44,000 [INFO] PluginManage:310 - Check plugin tutovideos
2026-04-21 12:38:44,253 [INFO] PluginManage:359 - Loaded plugin tutovideos (category:base,tabindex:-1)
2026-04-21 12:38:44,254 [INFO] PluginManage:310 - Check plugin updater
2026-04-21 12:38:44,281 [INFO] PluginManage:359 - Loaded plugin updater (category:base,tabindex:12)
2026-04-21 12:38:44,281 [INFO] PluginManage:310 - Check plugin userauth
2026-04-21 12:38:44,286 [INFO] UserAuth:118 - Init User Auth plugin
2026-04-21 12:38:44,287 [INFO] PluginManage:359 - Loaded plugin userauth (category:base,tabindex:14)
2026-04-21 12:38:44,288 [INFO] PluginManage:283 - PluginManage : Loaded plugins [18]
2026-04-21 12:38:44,557 [INFO] PinOutPanel:1589 - setPackage(No Configuration,No Configuration)
2026-04-21 12:38:44,659 [INFO] CADModel:165 - CPN selected for project level
2026-04-21 12:38:44,660 [INFO] CADModel:114 - Register for checkConnection events
2026-04-21 12:38:44,684 [INFO] IPUIPlugin:80 - create IPUIPlugin
2026-04-21 12:38:44,684 [INFO] PluginManager:220 - loadIPPluginJar : add adc
2026-04-21 12:38:44,688 [INFO] IPUIPlugin:80 - create IPUIPlugin
2026-04-21 12:38:44,689 [INFO] PluginManager:220 - loadIPPluginJar : add aes
2026-04-21 12:38:44,693 [INFO] IPUIPlugin:80 - create IPUIPlugin
2026-04-21 12:38:44,693 [INFO] PluginManager:220 - loadIPPluginJar : add can
2026-04-21 12:38:44,695 [INFO] IPUIPlugin:80 - create IPUIPlugin
2026-04-21 12:38:44,695 [INFO] PluginManager:220 - loadIPPluginJar : add comp
2026-04-21 12:38:44,699 [INFO] IPUIPlugin:80 - create IPUIPlugin
2026-04-21 12:38:44,700 [INFO] PluginManager:220 - loadIPPluginJar : add cryp
2026-04-21 12:38:44,705 [INFO] IPUIPlugin:80 - create IPUIPlugin
2026-04-21 12:38:44,705 [INFO] PluginManager:220 - loadIPPluginJar : add ddr_ctrl_phy
2026-04-21 12:38:44,709 [INFO] IPUIPlugin:80 - create IPUIPlugin
2026-04-21 12:38:44,709 [INFO] PluginManager:220 - loadIPPluginJar : add dfsdm
2026-04-21 12:38:44,718 [INFO] IPUIPlugin:80 - create IPUIPlugin
2026-04-21 12:38:44,718 [INFO] PluginManager:220 - loadIPPluginJar : add dma
2026-04-21 12:38:44,723 [INFO] IPUIPlugin:80 - create IPUIPlugin
2026-04-21 12:38:44,723 [INFO] PluginManager:220 - loadIPPluginJar : add dma3
2026-04-21 12:38:44,727 [INFO] IPUIPlugin:80 - create IPUIPlugin
2026-04-21 12:38:44,727 [INFO] PluginManager:220 - loadIPPluginJar : add extmemmanager
2026-04-21 12:38:44,730 [INFO] IPUIPlugin:80 - create IPUIPlugin
2026-04-21 12:38:44,730 [INFO] PluginManager:220 - loadIPPluginJar : add fatfs
2026-04-21 12:38:44,736 [INFO] IPUIPlugin:80 - create IPUIPlugin
2026-04-21 12:38:44,736 [INFO] PluginManager:220 - loadIPPluginJar : add fmc
2026-04-21 12:38:44,744 [INFO] IPUIPlugin:80 - create IPUIPlugin
2026-04-21 12:38:44,744 [INFO] PluginManager:220 - loadIPPluginJar : add freertos
2026-04-21 12:38:44,748 [INFO] IPUIPlugin:80 - create IPUIPlugin
2026-04-21 12:38:44,748 [INFO] PluginManager:220 - loadIPPluginJar : add genericplugin
2026-04-21 12:38:44,751 [INFO] IPUIPlugin:80 - create IPUIPlugin
2026-04-21 12:38:44,752 [INFO] PluginManager:220 - loadIPPluginJar : add gfxmmu
2026-04-21 12:38:44,758 [INFO] IPUIPlugin:80 - create IPUIPlugin
2026-04-21 12:38:44,758 [INFO] PluginManager:220 - loadIPPluginJar : add gic
2026-04-21 12:38:44,763 [INFO] IPUIPlugin:80 - create IPUIPlugin
2026-04-21 12:38:44,764 [INFO] PluginManager:220 - loadIPPluginJar : add gpio
2026-04-21 12:38:44,769 [INFO] IPUIPlugin:80 - create IPUIPlugin
2026-04-21 12:38:44,769 [INFO] PluginManager:220 - loadIPPluginJar : add gtzc
2026-04-21 12:38:44,772 [INFO] IPUIPlugin:80 - create IPUIPlugin
2026-04-21 12:38:44,772 [INFO] PluginManager:220 - loadIPPluginJar : add hash
2026-04-21 12:38:44,776 [INFO] IPUIPlugin:80 - create IPUIPlugin
2026-04-21 12:38:44,778 [INFO] PluginManager:220 - loadIPPluginJar : add i2c
2026-04-21 12:38:44,781 [INFO] IPUIPlugin:80 - create IPUIPlugin
2026-04-21 12:38:44,781 [INFO] PluginManager:220 - loadIPPluginJar : add i2s
2026-04-21 12:38:44,787 [INFO] IPUIPlugin:80 - create IPUIPlugin
2026-04-21 12:38:44,788 [INFO] PluginManager:220 - loadIPPluginJar : add i3c
2026-04-21 12:38:44,793 [INFO] IPUIPlugin:80 - create IPUIPlugin
2026-04-21 12:38:44,793 [INFO] PluginManager:220 - loadIPPluginJar : add ipddr
2026-04-21 12:38:44,802 [INFO] IPUIPlugin:80 - create IPUIPlugin
2026-04-21 12:38:44,802 [INFO] PluginManager:220 - loadIPPluginJar : add linkedlist
2026-04-21 12:38:44,806 [INFO] IPUIPlugin:80 - create IPUIPlugin
2026-04-21 12:38:44,806 [INFO] PluginManager:220 - loadIPPluginJar : add lorawan
2026-04-21 12:38:44,809 [INFO] IPUIPlugin:80 - create IPUIPlugin
2026-04-21 12:38:44,809 [INFO] PluginManager:220 - loadIPPluginJar : add ltdc
2026-04-21 12:38:44,818 [INFO] IPUIPlugin:80 - create IPUIPlugin
2026-04-21 12:38:44,818 [INFO] PluginManager:220 - loadIPPluginJar : add mdma
2026-04-21 12:38:44,824 [INFO] IPUIPlugin:80 - create IPUIPlugin
2026-04-21 12:38:44,824 [INFO] PluginManager:220 - loadIPPluginJar : add nvic
2026-04-21 12:38:44,829 [INFO] IPUIPlugin:80 - create IPUIPlugin
2026-04-21 12:38:44,829 [INFO] PluginManager:220 - loadIPPluginJar : add opamp
2026-04-21 12:38:44,835 [INFO] IPUIPlugin:80 - create IPUIPlugin
2026-04-21 12:38:44,835 [INFO] PluginManager:220 - loadIPPluginJar : add openamp
2026-04-21 12:38:44,840 [INFO] IPUIPlugin:80 - create IPUIPlugin
2026-04-21 12:38:44,840 [INFO] PluginManager:220 - loadIPPluginJar : add pdm2pcm
2026-04-21 12:38:44,849 [INFO] IPUIPlugin:80 - create IPUIPlugin
2026-04-21 12:38:44,852 [INFO] PluginManager:220 - loadIPPluginJar : add plateformsettings
2026-04-21 12:38:44,854 [INFO] IPUIPlugin:80 - create IPUIPlugin
2026-04-21 12:38:44,855 [INFO] PluginManager:220 - loadIPPluginJar : add quadspi
2026-04-21 12:38:44,858 [INFO] IPUIPlugin:80 - create IPUIPlugin
2026-04-21 12:38:44,859 [INFO] PluginManager:220 - loadIPPluginJar : add radio
2026-04-21 12:38:44,864 [INFO] IPUIPlugin:80 - create IPUIPlugin
2026-04-21 12:38:44,865 [INFO] PluginManager:220 - loadIPPluginJar : add resmgrutility
2026-04-21 12:38:44,869 [INFO] IPUIPlugin:80 - create IPUIPlugin
2026-04-21 12:38:44,870 [INFO] PluginManager:220 - loadIPPluginJar : add sai
2026-04-21 12:38:44,873 [INFO] IPUIPlugin:80 - create IPUIPlugin
2026-04-21 12:38:44,873 [INFO] PluginManager:220 - loadIPPluginJar : add spi
2026-04-21 12:38:44,881 [INFO] IPUIPlugin:80 - create IPUIPlugin
2026-04-21 12:38:44,881 [INFO] PluginManager:220 - loadIPPluginJar : add stm32_wpan
2026-04-21 12:38:44,884 [INFO] IPUIPlugin:80 - create IPUIPlugin
2026-04-21 12:38:44,884 [INFO] PluginManager:220 - loadIPPluginJar : add tim
2026-04-21 12:38:44,889 [INFO] IPUIPlugin:80 - create IPUIPlugin
2026-04-21 12:38:44,889 [INFO] PluginManager:220 - loadIPPluginJar : add touchsensing
2026-04-21 12:38:44,892 [INFO] IPUIPlugin:80 - create IPUIPlugin
2026-04-21 12:38:44,893 [INFO] PluginManager:220 - loadIPPluginJar : add tracer_emb
2026-04-21 12:38:44,896 [INFO] IPUIPlugin:80 - create IPUIPlugin
2026-04-21 12:38:44,896 [INFO] PluginManager:220 - loadIPPluginJar : add ts
2026-04-21 12:38:44,899 [INFO] IPUIPlugin:80 - create IPUIPlugin
2026-04-21 12:38:44,899 [INFO] PluginManager:220 - loadIPPluginJar : add tsc
2026-04-21 12:38:44,903 [INFO] IPUIPlugin:80 - create IPUIPlugin
2026-04-21 12:38:44,903 [INFO] PluginManager:220 - loadIPPluginJar : add ucpd
2026-04-21 12:38:44,907 [INFO] IPUIPlugin:80 - create IPUIPlugin
2026-04-21 12:38:44,907 [INFO] PluginManager:220 - loadIPPluginJar : add usart
2026-04-21 12:38:44,911 [INFO] IPUIPlugin:80 - create IPUIPlugin
2026-04-21 12:38:44,911 [INFO] PluginManager:220 - loadIPPluginJar : add usbx
2026-04-21 12:38:45,052 [FATAL] Updater:351 - Updater called before beeing initialized
2026-04-21 12:38:45,089 [INFO] RulesReader:64 - Compatibility file has been processed (317 Rules)
2026-04-21 12:38:45,101 [INFO] RulesReader:64 - Compatibility file has been processed (317 Rules)
2026-04-21 12:38:45,112 [INFO] CADModel:165 - CPN selected for project level
2026-04-21 12:38:45,112 [INFO] CADModel:114 - Register for checkConnection events
2026-04-21 12:38:45,113 [FATAL] Updater:351 - Updater called before beeing initialized
2026-04-21 12:38:45,113 [ERROR] CADModel:125 - Updater not yet initialized, retry later 
2026-04-21 12:38:45,295 [FATAL] Updater:351 - Updater called before beeing initialized
2026-04-21 12:38:45,297 [INFO] CADModel:165 - CPN selected for project level
2026-04-21 12:38:45,297 [INFO] CADModel:114 - Register for checkConnection events
2026-04-21 12:38:45,298 [FATAL] Updater:351 - Updater called before beeing initialized
2026-04-21 12:38:45,298 [ERROR] CADModel:125 - Updater not yet initialized, retry later 
2026-04-21 12:38:45,302 [FATAL] Updater:351 - Updater called before beeing initialized
2026-04-21 12:38:45,440 [FATAL] Updater:351 - Updater called before beeing initialized
2026-04-21 12:38:45,445 [INFO] DbMcusAds:53 - JSON generation date=Fri Apr 10 06:19:02 BRT 2026 (1775812742261)
2026-04-21 12:38:45,445 [FATAL] Updater:351 - Updater called before beeing initialized
2026-04-21 12:38:45,502 [WARN] DetailPanel:346 - Failed to get advertising image, set to default
2026-04-21 12:38:45,596 [FATAL] Updater:351 - Updater called before beeing initialized
2026-04-21 12:38:45,598 [FATAL] Updater:351 - Updater called before beeing initialized
2026-04-21 12:38:45,598 [FATAL] Updater:351 - Updater called before beeing initialized
2026-04-21 12:38:45,598 [WARN] DetailPanel:346 - Failed to get advertising image, set to default
2026-04-21 12:38:45,600 [FATAL] Updater:351 - Updater called before beeing initialized
2026-04-21 12:38:45,660 [ERROR] Updater:1198 - MainUpdater not yet initialized. External WinMGr cannot be set.
2026-04-21 12:38:45,662 [INFO] Updater:1134 - Updater Version found : 6.15.0
2026-04-21 12:38:45,683 [INFO] ApplicationProperties:184 - Using Application install path: C:\ST\STM32CubeIDE_1.19.0\STM32CubeIDE\plugins\com.st.stm32cube.common.mx_6.15.0.202507011659
2026-04-21 12:38:46,087 [INFO] MainUpdater:2872 - connection check result : 10
2026-04-21 12:38:46,087 [INFO] MainUpdater:3604 - Updater definition file requires update
2026-04-21 12:38:46,088 [INFO] MainUpdater:289 - Updater Check For Update Now.
2026-04-21 12:38:46,088 [INFO] MicroXplorer:498 - Change Database Version : DB.6.0.150
2026-04-21 12:38:46,095 [INFO] McuFinderGlobals:63 - Set McuFinder mode to 2 (CubeIDE integrated)
2026-04-21 12:38:46,095 [INFO] UserAuth:487 - Internet connection configuration mode: 1
2026-04-21 12:38:46,117 [INFO] JxBrowserEngine:152 - Initiate JxBrowser Engine with user profile folder
2026-04-21 12:38:46,121 [INFO] ServerAccessManage:452 - Complete download http(s) 200
2026-04-21 12:38:46,122 [INFO] ServerAccessManage:509 - Download File updaters.zip
2026-04-21 12:38:46,213 [INFO] FileExtend:248 - Unzip File : updaters.zip
2026-04-21 12:38:46,214 [INFO] FileExtend:263 - Standard Zip Deflate
2026-04-21 12:38:46,770 [INFO] ServerAccessManage:452 - Complete download http(s) 200
2026-04-21 12:38:46,771 [INFO] ServerAccessManage:509 - Download File PacksControlFlags.xml
2026-04-21 12:38:46,859 [INFO] ServerAccessManage:452 - Complete download http(s) 200
2026-04-21 12:38:46,859 [INFO] ServerAccessManage:509 - Download File cubemx.pidx
2026-04-21 12:38:46,998 [WARN] MainUpdater:1193 - Updater busy. Cannot search thirdparties
2026-04-21 12:38:46,998 [INFO] ThirdPartyUpdaterWithRetryManager:96 - Updater plugin is busy. [1/15]
2026-04-21 12:38:48,488 [INFO] WebApp:169 - Instantiating new browser for Auth
2026-04-21 12:38:48,863 [INFO] ServerAccessManage:452 - Complete download http(s) 200
2026-04-21 12:38:48,864 [INFO] ServerAccessManage:509 - Download File STMicroelectronics.X-CUBE-ST67W61.pdsc
2026-04-21 12:38:49,799 [WARN] PopulateThirdPartyThread:106 - Error when creating pack: C:/Users/User/.stm32cubemx/thirdparties/pdsc/STMicroelectronics.X-CUBE-ST67W61.pdsc
2026-04-21 12:38:49,799 [INFO] PopulateThirdPartyThread:66 - Ending populate Thread
2026-04-21 12:38:49,800 [INFO] LoadServerUpdatesThread:375 - End of LoadServerUpdate Thread
2026-04-21 12:38:50,001 [INFO] CheckServerUpdateThread:120 - End of CheckServer Thread
2026-04-21 12:38:50,029 [INFO] WebApp:463 - Apply proxy settings
2026-04-21 12:38:50,030 [INFO] WebApp:548 - Chromium requires no authentication
2026-04-21 12:38:50,054 [INFO] WebApp:491 - Direct internet connection detected
2026-04-21 12:38:50,125 [INFO] WebApp:900 - Register for checkConnection events
2026-04-21 12:38:50,125 [INFO] WebApp:463 - Apply proxy settings
2026-04-21 12:38:50,126 [INFO] WebApp:548 - Chromium requires no authentication
2026-04-21 12:38:50,127 [INFO] WebApp:491 - Direct internet connection detected
2026-04-21 12:38:50,354 [INFO] WebApp:191 - Connection restablished
2026-04-21 12:38:50,556 [INFO] WebApp:225 - Starting web application
2026-04-21 12:38:50,556 [INFO] WebApp:593 - Web application path used C:\ST\STM32CubeIDE_1.19.0\STM32CubeIDE\plugins\com.st.stm32cube.common.mx_6.15.0.202507011659\db\plugins\mcufinder\reactClient1\index.html
2026-04-21 12:38:50,680 [WARN] PackLoader:240 - Cannot read IP mode file for STMicroelectronics.X-CUBE-AZRTOS-H7.3.5.0
2026-04-21 12:38:50,704 [WARN] PackLoader:240 - Cannot read IP mode file for STMicroelectronics.FP-SNS-MOTENVWB1.1.4.0
2026-04-21 12:38:50,719 [WARN] PackLoader:240 - Cannot read IP mode file for STMicroelectronics.FP-ATR-ASTRA1.2.0.2
2026-04-21 12:38:50,737 [WARN] PackLoader:240 - Cannot read IP mode file for STMicroelectronics.X-CUBE-SMBUS.2.1.0
2026-04-21 12:38:50,776 [WARN] PackLoader:240 - Cannot read IP mode file for STMicroelectronics.X-CUBE-AZRTOS-F7.1.1.0
2026-04-21 12:38:50,793 [WARN] PackLoader:240 - Cannot read IP mode file for STMicroelectronics.FP-SNS-MOTENV1.5.1.0
2026-04-21 12:38:50,809 [INFO] UserAuth:487 - Internet connection configuration mode: 1
2026-04-21 12:38:50,814 [WARN] PackLoader:240 - Cannot read IP mode file for WES.I-CUBE-Cesium.1.4.0
2026-04-21 12:38:50,857 [WARN] PackLoader:240 - Cannot read IP mode file for STMicroelectronics.X-CUBE-AZRTOS-H7.3.4.0
2026-04-21 12:38:50,881 [WARN] PackLoader:240 - Cannot read IP mode file for STMicroelectronics.X-CUBE-DISPLAY.3.0.0
2026-04-21 12:38:50,896 [WARN] PackLoader:240 - Cannot read IP mode file for STMicroelectronics.FP-SNS-MOTENVWB1.1.5.0
2026-04-21 12:38:50,910 [WARN] PackLoader:240 - Cannot read IP mode file for STMicroelectronics.X-CUBE-NFC10.1.0.0
2026-04-21 12:38:50,924 [WARN] PackLoader:240 - Cannot read IP mode file for STMicroelectronics.X-CUBE-ST60.1.1.0
2026-04-21 12:38:50,939 [WARN] PackLoader:240 - Cannot read IP mode file for emotas.I-CUBE-CANOPEN.1.3.0
2026-04-21 12:38:50,950 [WARN] PackLoader:240 - Cannot read IP mode file for STMicroelectronics.X-CUBE-GNSS1.7.1.0
2026-04-21 12:38:50,967 [WARN] PackLoader:240 - Cannot read IP mode file for STMicroelectronics.FP-SNS-STBOX1.2.1.0
2026-04-21 12:38:50,979 [WARN] PackLoader:240 - Cannot read IP mode file for STMicroelectronics.FP-SNS-SMARTAG2.1.2.0
2026-04-21 12:38:50,987 [WARN] PackLoader:240 - Cannot read IP mode file for STMicroelectronics.FP-SNS-FLIGHT1.5.1.0
2026-04-21 12:38:51,002 [INFO] LogOutputStream:77 - [STDOUT_REDIRECT] 1 : Invalid condition id : UX_CORESTACK_Condition cause : null
2026-04-21 12:38:51,004 [INFO] LogOutputStream:77 - [STDOUT_REDIRECT] 1 : Invalid condition id : UX_CORESTACK_Condition cause : null
2026-04-21 12:38:51,006 [INFO] LogOutputStream:77 - [STDOUT_REDIRECT] 1 : Invalid condition id : UX_CORESTACK_Condition cause : null
2026-04-21 12:38:51,008 [INFO] LogOutputStream:77 - [STDOUT_REDIRECT] 1 : Invalid condition id : UX_CORESTACK_Condition cause : null
2026-04-21 12:38:51,010 [INFO] LogOutputStream:77 - [STDOUT_REDIRECT] 1 : Invalid condition id : UX_CORESTACK_Condition cause : null
2026-04-21 12:38:51,015 [WARN] PackLoader:240 - Cannot read IP mode file for STMicroelectronics.X-CUBE-AZRTOS-WL.2.0.0
2026-04-21 12:38:51,048 [WARN] PackLoader:240 - Cannot read IP mode file for STMicroelectronics.X-CUBE-AZRTOS-H7RS.1.2.0
2026-04-21 12:38:51,064 [WARN] PackLoader:240 - Cannot read IP mode file for STMicroelectronics.X-CUBE-BLE2.3.3.0
2026-04-21 12:38:51,140 [WARN] PackLoader:240 - Cannot read IP mode file for Infineon.AIROC-Wi-Fi-Bluetooth-STM32.1.8.0
2026-04-21 12:38:51,172 [WARN] PackLoader:240 - Cannot read IP mode file for STMicroelectronics.X-CUBE-NFC9.1.0.0
2026-04-21 12:38:51,184 [WARN] PackLoader:240 - Cannot read IP mode file for STMicroelectronics.X-CUBE-BLE1.7.1.0
2026-04-21 12:38:51,195 [WARN] PackLoader:240 - Cannot read IP mode file for wolfSSL.I-CUBE-wolfMQTT.1.19.2
2026-04-21 12:38:51,207 [WARN] PackLoader:240 - Cannot read IP mode file for STMicroelectronics.X-CUBE-FREERTOS.1.4.0
2026-04-21 12:38:51,219 [WARN] PackLoader:240 - Cannot read IP mode file for STMicroelectronics.X-CUBE-EEPRMA1.5.2.0
2026-04-21 12:38:51,230 [WARN] PackLoader:240 - Cannot read IP mode file for wolfSSL.I-CUBE-wolfSSL.5.8.4
2026-04-21 12:38:51,240 [WARN] PackLoader:240 - Cannot read IP mode file for Cesanta.I-CUBE-Mongoose.7.20.0
2026-04-21 12:38:51,300 [WARN] PackLoader:240 - Cannot read IP mode file for STMicroelectronics.X-CUBE-MEMS1.12.0.0
2026-04-21 12:38:51,451 [WARN] PackLoader:240 - Cannot read IP mode file for STMicroelectronics.X-CUBE-AZRTOS-G0.1.1.0
2026-04-21 12:38:51,461 [WARN] PackLoader:240 - Cannot read IP mode file for STMicroelectronics.X-CUBE-NFC4.3.0.0
2026-04-21 12:38:51,473 [WARN] PackLoader:240 - Cannot read IP mode file for EmbeddedOffice.I-CUBE-FS-RTOS.1.0.1
2026-04-21 12:38:51,481 [WARN] PackLoader:240 - Cannot read IP mode file for STMicroelectronics.X-CUBE-WB05N.2.0.0
2026-04-21 12:38:51,487 [WARN] PackLoader:240 - Cannot read IP mode file for wolfSSL.I-CUBE-wolfTPM.3.8.0
2026-04-21 12:38:51,494 [WARN] PackLoader:240 - Cannot read IP mode file for STMicroelectronics.X-CUBE-TCPP.4.2.0
2026-04-21 12:38:51,503 [WARN] PackLoader:240 - Cannot read IP mode file for RealThread.X-CUBE-RT-Thread_Nano.4.1.1
2026-04-21 12:38:51,512 [WARN] PackLoader:240 - Cannot read IP mode file for STMicroelectronics.FP-ATR-SIGFOX1.3.2.0
2026-04-21 12:38:51,525 [WARN] PackLoader:240 - Cannot read IP mode file for STMicroelectronics.X-CUBE-FREERTOS.1.5.0
2026-04-21 12:38:51,539 [WARN] PackLoader:240 - Cannot read IP mode file for ITTIA_DB.I-CUBE-ITTIADB.8.9.0
2026-04-21 12:38:51,551 [WARN] PackLoader:240 - Cannot read IP mode file for STMicroelectronics.X-CUBE-NFC6.3.2.0
2026-04-21 12:38:51,561 [WARN] PackLoader:240 - Cannot read IP mode file for STMicroelectronics.X-CUBE-AI.10.2.0
2026-04-21 12:38:51,615 [WARN] PackLoader:240 - Cannot read IP mode file for SEGGER.I-CUBE-embOS.1.3.1
2026-04-21 12:38:51,683 [WARN] PackLoader:240 - Cannot read IP mode file for STMicroelectronics.X-CUBE-ALGOBUILD.1.4.0
2026-04-21 12:38:51,693 [WARN] PackLoader:240 - Cannot read IP mode file for STMicroelectronics.X-CUBE-PM33A1.1.0.0
2026-04-21 12:38:51,730 [WARN] PackLoader:240 - Cannot read IP mode file for STMicroelectronics.X-CUBE-AZRTOS-F4.1.1.0
2026-04-21 12:38:51,740 [WARN] PackLoader:240 - Cannot read IP mode file for STMicroelectronics.X-CUBE-ISPU.2.1.0
2026-04-21 12:38:51,759 [WARN] PackLoader:240 - Cannot read IP mode file for STMicroelectronics.X-CUBE-IPS.3.2.0
2026-04-21 12:38:51,776 [WARN] PackLoader:240 - Cannot read IP mode file for STMicroelectronics.eDS-WB_DPC_TT-BIDIR.2.1.1
2026-04-21 12:38:51,785 [WARN] PackLoader:240 - Cannot read IP mode file for STMicroelectronics.X-CUBE-NFC12.1.0.0
2026-04-21 12:38:51,810 [WARN] PackLoader:240 - Cannot read IP mode file for STMicroelectronics.X-CUBE-AZRTOS-L5.2.0.0
2026-04-21 12:38:51,820 [WARN] PackLoader:240 - Cannot read IP mode file for STMicroelectronics.eDS-WB_DPC_VIENNA.1.2.0
2026-04-21 12:38:51,826 [WARN] PackLoader:240 - Cannot read IP mode file for STMicroelectronics.eDS-WB_DPC_3PH2L-BIDIR.1.1.1
2026-04-21 12:38:51,830 [ERROR] Engine:466 - C:\Users\User\.stm32cubemx\thirdparties\pdsc\STMicroelectronics.X-CUBE-ST67W61.1.3.0.pdsc: PDSC version is not supported
2026-04-21 12:38:51,834 [WARN] PackLoader:240 - Cannot read IP mode file for STMicroelectronics.X-CUBE-TOUCHGFX.4.26.0
2026-04-21 12:38:51,839 [WARN] PackLoader:240 - Cannot read IP mode file for STMicroelectronics.X-CUBE-TOUCHGFX.4.26.1
2026-04-21 12:38:51,845 [WARN] PackLoader:240 - Cannot read IP mode file for STMicroelectronics.FP-SNS-STAIOTCFT.1.0.0
2026-04-21 12:38:51,851 [WARN] PackLoader:240 - Cannot read IP mode file for STMicroelectronics.X-CUBE-DPower.1.3.0
2026-04-21 12:38:51,874 [WARN] ConditionMgr:438 - getConditionDescription Invalid condition id : LAN8742 Phy interface Condition cause : null
2026-04-21 12:38:51,874 [WARN] PackLoader:240 - Cannot read IP mode file for STMicroelectronics.X-CUBE-AZRTOS-L4.2.0.0
2026-04-21 12:38:51,877 [WARN] ConditionMgr:1044 - genDependencies : Invalid condition id : LAN8742 Phy interface Condition cause : null
2026-04-21 12:38:51,878 [WARN] ConditionMgr:1044 - genDependencies : Invalid condition id : LAN8742 Phy interface Condition cause : null
2026-04-21 12:38:51,878 [WARN] ConditionMgr:1044 - genDependencies : Invalid condition id : LAN8742 Phy interface Condition cause : null
2026-04-21 12:38:51,888 [WARN] PackLoader:240 - Cannot read IP mode file for STMicroelectronics.X-CUBE-SFXS2LP1.4.0.0
2026-04-21 12:38:51,895 [WARN] PackLoader:240 - Cannot read IP mode file for STMicroelectronics.X-CUBE-WB05N.2.1.0
2026-04-21 12:38:51,905 [WARN] PackLoader:240 - Cannot read IP mode file for STMicroelectronics.X-CUBE-ST67W61.1.2.0
2026-04-21 12:38:51,917 [WARN] PackLoader:240 - Cannot read IP mode file for STMicroelectronics.X-CUBE-BLEMGR.4.1.0
2026-04-21 12:38:51,935 [WARN] ConditionMgr:438 - getConditionDescription Invalid condition id : UX DEVICE CLASS RTOS Condition cause : null
2026-04-21 12:38:51,936 [WARN] ConditionMgr:438 - getConditionDescription Invalid condition id : UX DEVICE CLASS RTOS Condition cause : null
2026-04-21 12:38:51,939 [WARN] PackLoader:240 - Cannot read IP mode file for STMicroelectronics.X-CUBE-AZRTOS-WB.2.0.0
2026-04-21 12:38:51,940 [WARN] ConditionMgr:1044 - genDependencies : Invalid condition id : UX DEVICE CLASS RTOS Condition cause : null
2026-04-21 12:38:51,940 [WARN] ConditionMgr:1044 - genDependencies : Invalid condition id : UX DEVICE CLASS RTOS Condition cause : null
2026-04-21 12:38:51,940 [WARN] ConditionMgr:1044 - genDependencies : Invalid condition id : UX DEVICE CLASS RTOS Condition cause : null
2026-04-21 12:38:51,940 [WARN] ConditionMgr:1044 - genDependencies : Invalid condition id : UX DEVICE CLASS RTOS Condition cause : null
2026-04-21 12:38:51,941 [WARN] ConditionMgr:1044 - genDependencies : Invalid condition id : UX DEVICE CLASS RTOS Condition cause : null
2026-04-21 12:38:51,946 [WARN] ConditionMgr:438 - getConditionDescription Invalid condition id : Cortex-A Device cause : null
2026-04-21 12:38:51,957 [WARN] ConditionMgr:1044 - genDependencies : Invalid condition id : Cortex-A Device cause : null
2026-04-21 12:38:51,957 [WARN] ConditionMgr:1044 - genDependencies : Invalid condition id : Cortex-A Device cause : null
2026-04-21 12:38:51,957 [WARN] ConditionMgr:1044 - genDependencies : Invalid condition id : Cortex-A Device cause : null
2026-04-21 12:38:51,965 [WARN] PackLoader:240 - Cannot read IP mode file for STMicroelectronics.X-CUBE-STSE01.2.0.0
2026-04-21 12:38:51,980 [WARN] PackLoader:240 - Cannot read IP mode file for STMicroelectronics.X-CUBE-SUBG2.5.0.0
2026-04-21 12:38:52,000 [WARN] PackLoader:240 - Cannot read IP mode file for STMicroelectronics.X-CUBE-AZRTOS-G4.2.0.0
2026-04-21 12:38:52,008 [WARN] PackLoader:240 - Cannot read IP mode file for wolfSSL.I-CUBE-wolfSSH.1.4.20
2026-04-21 12:38:52,013 [WARN] PackLoader:240 - Cannot read IP mode file for STMicroelectronics.X-CUBE-NFC7.2.0.0
2026-04-21 12:38:52,018 [WARN] PackLoader:240 - Cannot read IP mode file for STMicroelectronics.X-CUBE-ALS.1.0.2
2026-04-21 12:38:52,031 [WARN] PackLoader:240 - Cannot read IP mode file for STMicroelectronics.X-CUBE-TOF1.3.4.3
2026-04-21 12:38:52,041 [INFO] ThirdParty:978 - Integrity check success = true
2026-04-21 12:38:52,042 [INFO] IntegrityCheckThread:100 - exiting critical section [integrity check]
2026-04-21 12:38:52,042 [INFO] IntegrityCheckThread:103 - End integrity checks thread
2026-04-21 16:12:12,209 [INFO] WebApp:194 - Connection lost
2026-04-21 16:12:27,967 [INFO] WebApp:191 - Connection restablished
2026-04-21 16:13:00,513 [INFO] McuFinderGlobals:63 - Set McuFinder mode to 2 (CubeIDE integrated)
2026-04-21 16:13:00,522 [INFO] MainUpdater:2872 - connection check result : 10
2026-04-21 16:13:00,524 [INFO] MainUpdater:2872 - connection check result : 10
2026-04-21 16:13:00,630 [INFO] MicroXplorer:468 - Change Database Path : 
2026-04-21 16:13:00,630 [INFO] MicroXplorer:498 - Change Database Version : DB.6.0.150
2026-04-21 16:13:00,652 [WARN] ThirdParty:871 - waiting for thirdparty lock release [close project]
2026-04-21 16:13:00,652 [INFO] ThirdParty:873 - entering critical section [close project]
2026-04-21 16:13:00,658 [INFO] ThirdParty:883 - exiting critical section [close project]
2026-04-21 16:13:00,665 [INFO] PinOutPanel:1589 - setPackage(No Configuration,No Configuration)
2026-04-21 16:13:00,672 [INFO] UtilMem:75 - Begin LoadConfig() Used Memory: 658959432 Bytes (1073741824)
2026-04-21 16:13:00,677 [INFO] MicroXplorer:468 - Change Database Path : 
2026-04-21 16:13:00,678 [INFO] MicroXplorer:498 - Change Database Version : DB.6.0.150
2026-04-21 16:13:00,678 [INFO] OpenFileManager:355 - Change cursor
2026-04-21 16:13:00,773 [INFO] Mcu:2029 - Initializing MCU STM32F103C(4-6)Tx STM32F103C6Tx STM32F103C6T6A
2026-04-21 16:13:02,209 [INFO] Context:786 - Trying to add GPIOservice into a context  which must be forbidden
2026-04-21 16:13:02,569 [INFO] ImportTextPane:234 - (OptionalMessage_ERROR) Pin11 (VP_RIF_VS_RIF1) cannot be retrieved for this MCU
2026-04-21 16:13:02,869 [INFO] RtosManager:558 - Registered RTOS mode: class=CMSIS, group=RTOS, mode=CMSIS_V1, owner=FREERTOS
2026-04-21 16:13:02,869 [INFO] RtosManager:558 - Registered RTOS mode: class=CMSIS, group=RTOS2, mode=CMSIS_V2, owner=FREERTOS
2026-04-21 16:13:02,869 [INFO] RtosManager:558 - Registered RTOS mode: class=RTOS, group=Core, mode=CMSIS_V1, owner=FREERTOS
2026-04-21 16:13:02,870 [INFO] RtosManager:558 - Registered RTOS mode: class=RTOS, group=Core, mode=CMSIS_V2, owner=FREERTOS
2026-04-21 16:13:02,870 [WARN] ModelIntegratedComponent:184 - Missing modes for component STMicroelectronics:FreeRTOS:0.0.1:STMicroelectronics:RTOS:FreeRTOS:Core:::10.2.0:
2026-04-21 16:13:02,907 [WARN] ModelIntegratedComponent:63 - No mode defined for component null
2026-04-21 16:13:02,908 [WARN] ModelIntegratedComponent:63 - No mode defined for component null
2026-04-21 16:13:02,908 [WARN] ModelIntegratedComponent:63 - No mode defined for component null
2026-04-21 16:13:02,909 [WARN] ModelIntegratedComponent:63 - No mode defined for component null
2026-04-21 16:13:02,909 [WARN] ModelIntegratedComponent:63 - No mode defined for component null
2026-04-21 16:13:02,909 [WARN] ModelIntegratedComponent:63 - No mode defined for component null
2026-04-21 16:13:02,909 [WARN] ModelIntegratedComponent:63 - No mode defined for component null
2026-04-21 16:13:02,910 [WARN] ModelIntegratedComponent:63 - No mode defined for component null
2026-04-21 16:13:02,910 [WARN] ModelIntegratedComponent:63 - No mode defined for component null
2026-04-21 16:13:02,910 [WARN] ModelIntegratedComponent:63 - No mode defined for component null
2026-04-21 16:13:02,910 [WARN] ModelIntegratedComponent:63 - No mode defined for component null
2026-04-21 16:13:02,910 [WARN] ModelIntegratedComponent:63 - No mode defined for component null
2026-04-21 16:13:02,910 [WARN] ModelIntegratedComponent:63 - No mode defined for component null
2026-04-21 16:13:02,910 [WARN] ModelIntegratedComponent:63 - No mode defined for component null
2026-04-21 16:13:02,910 [WARN] ModelIntegratedComponent:63 - No mode defined for component null
2026-04-21 16:13:02,910 [WARN] ModelIntegratedComponent:63 - No mode defined for component null
2026-04-21 16:13:02,910 [WARN] ModelIntegratedComponent:63 - No mode defined for component null
2026-04-21 16:13:02,911 [WARN] ModelIntegratedComponent:63 - No mode defined for component null
2026-04-21 16:13:02,911 [WARN] ModelIntegratedComponent:63 - No mode defined for component null
2026-04-21 16:13:02,911 [WARN] ModelIntegratedComponent:63 - No mode defined for component null
2026-04-21 16:13:02,911 [WARN] ModelIntegratedComponent:63 - No mode defined for component null
2026-04-21 16:13:02,911 [WARN] ModelIntegratedComponent:63 - No mode defined for component null
2026-04-21 16:13:02,911 [WARN] ModelIntegratedComponent:63 - No mode defined for component null
2026-04-21 16:13:02,911 [WARN] ModelIntegratedComponent:63 - No mode defined for component null
2026-04-21 16:13:02,911 [WARN] ModelIntegratedComponent:63 - No mode defined for component null
2026-04-21 16:13:02,911 [WARN] ModelIntegratedComponent:63 - No mode defined for component null
2026-04-21 16:13:02,912 [WARN] ModelIntegratedComponent:63 - No mode defined for component null
2026-04-21 16:13:02,912 [WARN] ModelIntegratedComponent:63 - No mode defined for component null
2026-04-21 16:13:02,912 [WARN] ModelIntegratedComponent:63 - No mode defined for component null
2026-04-21 16:13:02,912 [WARN] ModelIntegratedComponent:63 - No mode defined for component null
2026-04-21 16:13:02,912 [WARN] ModelIntegratedComponent:63 - No mode defined for component null
2026-04-21 16:13:02,912 [WARN] ModelIntegratedComponent:63 - No mode defined for component null
2026-04-21 16:13:02,912 [WARN] ModelIntegratedComponent:63 - No mode defined for component null
2026-04-21 16:13:02,912 [WARN] ModelIntegratedComponent:63 - No mode defined for component null
2026-04-21 16:13:02,912 [WARN] ModelIntegratedComponent:63 - No mode defined for component null
2026-04-21 16:13:02,913 [WARN] ModelPack:524 - Component already loaded: STMicroelectronics:HAL Drivers:0.0.0:STMicroelectronics:Device:STMicro_Driver:XSPI:HAL::0.0.1:HAL_XSPI
2026-04-21 16:13:02,967 [INFO] ThirdPartyModel:298 - Start build external matchings
2026-04-21 16:13:03,464 [INFO] ThirdPartyModel:316 - End build external matchings
2026-04-21 16:13:03,494 [INFO] ImportTextPane:234 - (OptionalMessage_ERROR) IP (DMA) : Parameter (Instance) has Id (ADC1) currently not set
2026-04-21 16:13:03,495 [INFO] ImportTextPane:234 - (OptionalMessage_ERROR) IP (DMA) : Parameter (Direction) has Id (ADC1) currently not set
2026-04-21 16:13:03,495 [INFO] ImportTextPane:234 - (OptionalMessage_ERROR) IP (DMA) : Parameter (PeriphInc) has Id (ADC1) currently not set
2026-04-21 16:13:03,495 [INFO] ImportTextPane:234 - (OptionalMessage_ERROR) IP (DMA) : Parameter (MemInc) has Id (ADC1) currently not set
2026-04-21 16:13:03,496 [INFO] ImportTextPane:234 - (OptionalMessage_ERROR) IP (DMA) : Parameter (PeriphDataAlignment) has Id (ADC1) currently not set
2026-04-21 16:13:03,496 [INFO] ImportTextPane:234 - (OptionalMessage_ERROR) IP (DMA) : Parameter (MemDataAlignment) has Id (ADC1) currently not set
2026-04-21 16:13:03,496 [INFO] ImportTextPane:234 - (OptionalMessage_ERROR) IP (DMA) : Parameter (Mode) has Id (ADC1) currently not set
2026-04-21 16:13:03,496 [INFO] ImportTextPane:234 - (OptionalMessage_ERROR) IP (DMA) : Parameter (Priority) has Id (ADC1) currently not set
2026-04-21 16:13:03,499 [INFO] ImportTextPane:234 - (OptionalMessage_ERROR) IP (RCC) : Invalid parameter (FamilyName)
2026-04-21 16:13:03,500 [INFO] ImportTextPane:234 - (OptionalMessage_ERROR) IP (RCC) : Parameter (MCOFreq_Value) has invalid value (72000000)
2026-04-21 16:13:03,500 [INFO] ImportTextPane:234 - (OptionalMessage_ERROR) IP (RCC) : Parameter (USBFreq_Value) has invalid value (72000000)
2026-04-21 16:13:04,311 [INFO] ApiDb:581 - Connected to CubeFinder SQLite database (C:\Users\User\.stmcufinder\plugins\mcufinder\mcu\cube-finder-db.db)
2026-04-21 16:13:04,463 [INFO] ApiDb:668 - CubeFinder database Data Model version=2.1
2026-04-21 16:13:04,463 [INFO] ApiDb:669 - CubeFinder database Configuration version=3.0.42
2026-04-21 16:13:04,465 [INFO] ApiDb:670 - CubeFinder database generation date=2026-03-11 (1773229989)
2026-04-21 16:13:04,465 [INFO] ApiDb:671 - CubeFinder database FW Pack versions=[FP-ATR-ASTRA1_V2.0.0, FP-SNS-FLIGHT1_V5.1.0, FP-SNS-MOTENV1_V5.1.0, FP-SNS-MOTENVWB1_V1.5.0, FP-SNS-SMARTAG2_V1.2.0, FP-SNS-STBOX1_V2.1.0, STM32Cube_FW_C0_V1.4.0, STM32Cube_FW_F4_V1.28.3, STM32Cube_FW_F7_V1.17.4, STM32Cube_FW_G0_V1.6.3, STM32Cube_FW_G4_V1.6.2, STM32Cube_FW_H5_V1.6.0, STM32Cube_FW_H7RS_V1.3.0, STM32Cube_FW_H7_V1.13.0, STM32Cube_FW_L0_V1.12.2, STM32Cube_FW_L4_V1.18.2, STM32Cube_FW_L5_V1.6.0, STM32Cube_FW_N6_V1.3.0, STM32Cube_FW_U0_V1.3.0, STM32Cube_FW_U3_V1.3.0, STM32Cube_FW_U5_V1.8.0, STM32Cube_FW_WB0_V1.4.0, STM32Cube_FW_WBA_V1.9.0, STM32Cube_FW_WB_V1.24.0, STM32Cube_FW_WL3_V1.4.0, STM32Cube_FW_WL_V1.5.0, X-CUBE-ALGOBUILD_V1.4.0, X-CUBE-ALS_V1.0.2, X-CUBE-AZRTOS-F4_V1.1.0, X-CUBE-AZRTOS-F7_V1.1.0, X-CUBE-AZRTOS-G0_V1.1.0, X-CUBE-AZRTOS-G4_V2.0.0, X-CUBE-AZRTOS-H7RS_V1.1.0, X-CUBE-AZRTOS-H7_V3.4.0, X-CUBE-AZRTOS-L4_V2.0.0, X-CUBE-AZRTOS-L5_V2.0.0, X-CUBE-AZRTOS-WB_V2.0.0, X-CUBE-AZRTOS-WL_V2.0.0, X-CUBE-BLE1_V7.1.0, X-CUBE-BLE2_V3.3.0, X-CUBE-BLEMGR_V4.1.0, X-CUBE-EEPRMA1_V5.2.0, X-CUBE-FREERTOS_V1.5.0, X-CUBE-GNSS1_V6.0.0, X-CUBE-MEMS1_V12.0.0, X-CUBE-NFC4_V3.0.0, X-CUBE-NFC7_V2.0.0, X-CUBE-SFXS2LP1_V4.0.0, X-CUBE-ST67W61_V1.2.0, X-CUBE-SUBG2_V5.0.0, X-CUBE-TOF1_V3.4.3]
2026-04-21 16:13:04,660 [INFO] DbBoardsSqlite:226 - include board P-NUCLEO-WB55-NUCLEO as a kit item of type 'Nucleo-64'
2026-04-21 16:13:04,660 [INFO] DbBoardsSqlite:226 - include board P-NUCLEO-WB55-USBDONGLE as a kit item of type 'Nucleo USB Dongle'
2026-04-21 16:13:04,661 [INFO] DbBoardsSqlite:226 - include board STEVAL-IDP005V1 as a kit item of type 'Evaluation Board'
2026-04-21 16:13:04,662 [INFO] DbBoardsSqlite:226 - include board STEVAL-IDP005V2 as a kit item of type 'Evaluation Board'
2026-04-21 16:13:05,294 [INFO] ApiDb:240 - Found 880 in-development CPN: [B-G473E-ZEST1S, B-WB1M-WPAN1, B-WBA5M-WPAN, B-WL5M-SUBG1, NUCLEO-C031C6, NUCLEO-C051C8, NUCLEO-C071RB, NUCLEO-C092RC, NUCLEO-H503RB, NUCLEO-H533RE, NUCLEO-H563ZI, NUCLEO-H7S3L8, NUCLEO-N657X0-Q, NUCLEO-U031R8, NUCLEO-U083RC, NUCLEO-U385RG-Q, NUCLEO-U545RE-Q, NUCLEO-U5A5ZJ-Q, NUCLEO-WB05KZ, NUCLEO-WB07CC, NUCLEO-WB09KE, NUCLEO-WBA52CG, NUCLEO-WBA55CG, NUCLEO-WL33CC1, NUCLEO-WL33CC2, STEVAL-PROTEUS1, STEVAL-SMARTAG2, STEVAL-STWINBX1, STM320518-EVAL, STM32C0116-DK, STM32C011D6Y3TR, STM32C011D6Y6TR, STM32C011F4P3, STM32C011F4P6, STM32C011F4U3, STM32C011F4U6TR, STM32C011F6P3, STM32C011F6P6, STM32C011F6U3, STM32C011F6U6TR, STM32C011J4M3, STM32C011J4M6, STM32C011J6M3, STM32C011J6M6, STM32C0316-DK, STM32C031C4T3, STM32C031C4T6, STM32C031C4U3, STM32C031C4U6, STM32C031C6T3, STM32C031C6T6, STM32C031C6U3, STM32C031C6U6, STM32C031F4P3, STM32C031F4P6, STM32C031F6P3, STM32C031F6P6, STM32C031G4U3, STM32C031G4U6, STM32C031G6U3, STM32C031G6U6, STM32C031K4T3, STM32C031K4T6, STM32C031K4U3, STM32C031K4U6, STM32C031K6T3, STM32C031K6T6, STM32C031K6U3, STM32C031K6U6, STM32C051C6T6, STM32C051C6U6, STM32C051C8T6, STM32C051C8U6, STM32C051D8Y6TR, STM32C051F6P6, STM32C051F8P6, STM32C051G6U6, STM32C051G8U6, STM32C051K6T6, STM32C051K6U6, STM32C051K8T6, STM32C071C8T6, STM32C071C8T6N, STM32C071C8U6, STM32C071C8U6N, STM32C071CBT6, STM32C071CBT6N, STM32C071CBU6, STM32C071CBU6N, STM32C071F8P6, STM32C071F8P6N, STM32C071FBP6, STM32C071FBP6N, STM32C071FBY6TR, STM32C071G8U6, STM32C071G8U6N, STM32C071GBU6, STM32C071GBU6N, STM32C071K8T6, STM32C071K8T6N, STM32C071K8U6, STM32C071K8U6N, STM32C071KBT6, STM32C071KBT6N, STM32C071KBU6, STM32C071KBU6N, STM32C071R8T6, STM32C071R8T6N, STM32C071RBI6N, STM32C071RBT6, STM32C071RBT6N, STM32C091CBT6, STM32C091CBU6, STM32C091CCT6, STM32C091CCU6, STM32C091ECY6TR, STM32C091FBP6, STM32C091FCP6, STM32C091GBU6, STM32C091GCU6, STM32C091KBT6, STM32C091KBU6, STM32C091KCT6, STM32C091KCU6, STM32C091RBT6, STM32C091RCI6, STM32C091RCT6, STM32C092CBT6, STM32C092CBU6, STM32C092CCT6, STM32C092CCU6, STM32C092ECY6TR, STM32C092FBP6, STM32C092FCP6, STM32C092GBU6, STM32C092GCU6, STM32C092KBT6, STM32C092KBU6, STM32C092KCT6, STM32C092KCU6, STM32C092RBT6, STM32C092RCI6, STM32C092RCT6, STM32G071K8TXN, STM32G071K8UXN, STM32G081GBU6N, STM32G081KBT6N, STM32G081KBUXN, STM32G0B1CCT6N, STM32G0B1KCT6, STM32G0B1NEY6TR, STM32G0B1RCT6N, STM32G0C1CCT6, STM32G0C1CCT6N, STM32G0C1CCU6N, STM32G0C1CET6N, STM32G0C1CEU6N, STM32G0C1KCT6, STM32G0C1NEY6TR, STM32G0C1RCI6N, STM32G0C1RCT6N, STM32G0C1REI6N, STM32G0C1RET6N, STM32G0C1VCI6, STM32G0C1VEI6, STM32G411C6T3, STM32G411C6T6, STM32G411C6U3, STM32G411C6U6, STM32G411C8T3, STM32G411C8T6, STM32G411C8U3, STM32G411C8U6, STM32G411CBT3, STM32G411CBT6, STM32G411CBU3, STM32G411CBU6, STM32G411K6T3, STM32G411K6T6, STM32G411K6U3, STM32G411K6U6, STM32G411K8T3, STM32G411K8T6, STM32G411K8U3, STM32G411K8U6, STM32G411KBT3, STM32G411KBT6, STM32G411KBU3, STM32G411KBU6, STM32G411M6T3, STM32G411M6T6, STM32G411M8T3, STM32G411M8T6, STM32G411MBT3, STM32G411MBT6, STM32G411R6T3, STM32G411R6T6, STM32G411R8T3, STM32G411R8T6, STM32G411RBT3, STM32G411RBT6, STM32G414CBT3, STM32G414CBT6, STM32G414CBU3, STM32G414CBU6, STM32G414CCT3, STM32G414CCT6, STM32G414CCU3, STM32G414CCU6, STM32G414MBT3, STM32G414MBT6, STM32G414MCT3, STM32G414MCT6, STM32G414RBT3, STM32G414RBT6, STM32G414RCT3, STM32G414RCT6, STM32G414VBT3, STM32G414VBT6, STM32G414VCT3, STM32G414VCT6, STM32G431CBT3Z, STM32G431RBT3Z, STM32G471CCT6, STM32G471CCU6, STM32G471CET3, STM32G471CET6, STM32G471CEU3, STM32G471CEU6, STM32G471MCT6, STM32G471MET3, STM32G471MET6, STM32G471MEY6TR, STM32G471QCT6, STM32G471QET3, STM32G471RCT6, STM32G471RET3, STM32G471RET6, STM32G471VCH6, STM32G471VCI6, STM32G471VCT6, STM32G471VEH3, STM32G471VEH6, STM32G471VEI3, STM32G471VEI6, STM32G471VET3, STM32G471VET6, STM32G473QET3Z, STM32G473RET3Z, STM32G474CCT6, STM32G491RET3Z, STM32H503CBT6, STM32H503CBU6, STM32H503EBY6TR, STM32H503KBU6, STM32H503RBT6, STM32H523CCT6, STM32H523CCU6, STM32H523CET6, STM32H523CEU6, STM32H523HEY6TR, STM32H523RCT6, STM32H523RET6, STM32H523VCI6, STM32H523VCT6, STM32H523VEI6, STM32H523VET6, STM32H523ZCJ6, STM32H523ZCT6, STM32H523ZEJ6, STM32H523ZET6, STM32H533CET6, STM32H533CEU6, STM32H533HEY6TR, STM32H533RET6, STM32H533VEI6, STM32H533VET6, STM32H533ZEJ6, STM32H533ZET6, STM32H562AGI6, STM32H562AII6, STM32H562IGK6, STM32H562IGT6, STM32H562IIK6, STM32H562IIT6, STM32H562RGT6, STM32H562RGV6, STM32H562RIT6, STM32H562RIV6, STM32H562VGT6, STM32H562VIT6, STM32H562ZGT6, STM32H562ZIT6, STM32H563AGI6, STM32H563AII3Q, STM32H563AII6, STM32H563IGK6, STM32H563IGT6, STM32H563IIK3Q, STM32H563IIK6, STM32H563IIT3Q, STM32H563IIT6, STM32H563MIY3QTR, STM32H563RGT6, STM32H563RGV6, STM32H563RIT6, STM32H563RIV6, STM32H563VGT6, STM32H563VIT3Q, STM32H563VIT6, STM32H563ZGT6, STM32H563ZIT3Q, STM32H563ZIT6, STM32H573AII3Q, STM32H573AII6, STM32H573I-DK, STM32H573IIK3Q, STM32H573IIK6, STM32H573IIT3Q, STM32H573IIT6, STM32H573MIY3QTR, STM32H573RIT6, STM32H573RIV6, STM32H573VIT3Q, STM32H573VIT6, STM32H573ZIT3Q, STM32H573ZIT6, STM32H7R3A8I6, STM32H7R3I8K6, STM32H7R3I8T6, STM32H7R3L8H6, STM32H7R3L8H6H, STM32H7R3R8V6, STM32H7R3V8H6, STM32H7R3V8T6, STM32H7R3V8Y6TR, STM32H7R3Z8J6, STM32H7R3Z8T6, STM32H7R7A8I6, STM32H7R7I8K6, STM32H7R7I8T6, STM32H7R7L8H6, STM32H7R7L8H6H, STM32H7R7Z8J6, STM32H7S3A8I6, STM32H7S3I8K6, STM32H7S3I8T6, STM32H7S3L8H6, STM32H7S3L8H6H, STM32H7S3R8V6, STM32H7S3V8H6, STM32H7S3V8T6, STM32H7S3V8Y6TR, STM32H7S3Z8J6, STM32H7S3Z8T6, STM32H7S78-DK, STM32H7S7A8I6, STM32H7S7I8K6, STM32H7S7I8T6, STM32H7S7L8H6, STM32H7S7L8H6H, STM32H7S7Z8J6, STM32L4R5QGI6STR, STM32MP131AAE3, STM32MP131AAF3, STM32MP131AAG3, STM32MP131CAE3, STM32MP131CAF3, STM32MP131CAG3, STM32MP131DAE7, STM32MP131DAF7, STM32MP131DAG7, STM32MP131FAE7, STM32MP131FAF7, STM32MP131FAG7, STM32MP133AAE3, STM32MP133AAF3, STM32MP133AAG3, STM32MP133CAE3, STM32MP133CAF3, STM32MP133CAG3, STM32MP133DAE7, STM32MP133DAF7, STM32MP133DAG7, STM32MP133FAE7, STM32MP133FAF7, STM32MP133FAG7, STM32MP135AAE3, STM32MP135AAF3, STM32MP135AAG3, STM32MP135CAE3, STM32MP135CAF3, STM32MP135CAG3, STM32MP135DAE7, STM32MP135DAF7, STM32MP135DAG7, STM32MP135F-DK, STM32MP135FAE7, STM32MP135FAF7, STM32MP135FAF7T, STM32MP135FAF7U, STM32MP135FAG7, STM32MP211AAL3, STM32MP211AAM3, STM32MP211AAN3, STM32MP211AAO3, STM32MP211CAL3, STM32MP211CAM3, STM32MP211CAN3, STM32MP211CAO3, STM32MP211DAL3, STM32MP211DAM3, STM32MP211DAN3, STM32MP211DAO3, STM32MP211FAL3, STM32MP211FAM3, STM32MP211FAN3, STM32MP211FAO3, STM32MP213AAL3, STM32MP213AAM3, STM32MP213AAN3, STM32MP213AAO3, STM32MP213CAL3, STM32MP213CAM3, STM32MP213CAN3, STM32MP213CAO3, STM32MP213DAL3, STM32MP213DAM3, STM32MP213DAN3, STM32MP213DAO3, STM32MP213FAL3, STM32MP213FAM3, STM32MP213FAN3, STM32MP213FAO3, STM32MP215AAL3, STM32MP215AAM3, STM32MP215AAN3, STM32MP215AAO3, STM32MP215CAL3, STM32MP215CAM3, STM32MP215CAN3, STM32MP215CAO3, STM32MP215DAL3, STM32MP215DAM3, STM32MP215DAN3, STM32MP215DAO3, STM32MP215F-DK, STM32MP215FAL3, STM32MP215FAM3, STM32MP215FAN3, STM32MP215FAO3, STM32MP231AAJ3, STM32MP231AAK3, STM32MP231AAL3, STM32MP231CAJ3, STM32MP231CAK3, STM32MP231CAL3, STM32MP231DAJ3, STM32MP231DAK3, STM32MP231DAL3, STM32MP231FAJ3, STM32MP231FAK3, STM32MP231FAL3, STM32MP233AAJ3, STM32MP233AAK3, STM32MP233AAL3, STM32MP233CAJ3, STM32MP233CAK3, STM32MP233CAL3, STM32MP233DAJ3, STM32MP233DAK3, STM32MP233DAL3, STM32MP233FAJ3, STM32MP233FAK3, STM32MP233FAL3, STM32MP235AAJ3, STM32MP235AAK3, STM32MP235AAL3, STM32MP235CAJ3, STM32MP235CAK3, STM32MP235CAL3, STM32MP235DAJ3, STM32MP235DAK3, STM32MP235DAL3, STM32MP235FAJ3, STM32MP235FAK3, STM32MP235FAL3, STM32MP251AAI3, STM32MP251AAK3, STM32MP251AAL3, STM32MP251CAI3, STM32MP251CAK3, STM32MP251CAL3, STM32MP251DAI3, STM32MP251DAK3, STM32MP251DAL3, STM32MP251FAI3, STM32MP251FAK3, STM32MP251FAL3, STM32MP253AAI3, STM32MP253AAK3, STM32MP253AAL3, STM32MP253CAI3, STM32MP253CAK3, STM32MP253CAL3, STM32MP253DAI3, STM32MP253DAK3, STM32MP253DAL3, STM32MP253FAI3, STM32MP253FAK3, STM32MP253FAL3, STM32MP255AAI3, STM32MP255AAK3, STM32MP255AAL3, STM32MP255CAI3, STM32MP255CAK3, STM32MP255CAL3, STM32MP255DAI3, STM32MP255DAK3, STM32MP255DAL3, STM32MP255FAI3, STM32MP255FAK3, STM32MP255FAL3, STM32MP257AAI3, STM32MP257AAK3, STM32MP257AAL3, STM32MP257CAI3, STM32MP257CAK3, STM32MP257CAL3, STM32MP257DAI3, STM32MP257DAK3, STM32MP257DAL3, STM32MP257F-DK, STM32MP257F-EV1, STM32MP257FAI3, STM32MP257FAK3, STM32MP257FAL3, STM32N645A0H3Q, STM32N645B0H3Q, STM32N645I0H3Q, STM32N645L0H3Q, STM32N645X0H3Q, STM32N645Z0H3Q, STM32N647A0H3Q, STM32N647B0H3Q, STM32N647I0H3Q, STM32N647L0H3Q, STM32N647X0H3Q, STM32N647Z0H3Q, STM32N655A0H3Q, STM32N655B0H3Q, STM32N655I0H3Q, STM32N655L0H3Q, STM32N655X0H3Q, STM32N655Z0H3Q, STM32N6570-DK, STM32N657A0H3Q, STM32N657B0H3Q, STM32N657I0H3Q, STM32N657L0H3Q, STM32N657X0H3Q, STM32N657Z0H3Q, STM32U031C6T6, STM32U031C6U6, STM32U031C8T6, STM32U031C8U6, STM32U031F4P6, STM32U031F6P6, STM32U031F8P6, STM32U031G6Y6TR, STM32U031G8Y6TR, STM32U031K4U6, STM32U031K6U6, STM32U031K8U6, STM32U031R6I6, STM32U031R6T6, STM32U031R8I6, STM32U031R8T6, STM32U073C8T6, STM32U073C8U6, STM32U073CBT6, STM32U073CBU6, STM32U073CCT6, STM32U073CCU6, STM32U073H8Y6TR, STM32U073HBY6TR, STM32U073HCY6TR, STM32U073K8U6, STM32U073KBU6, STM32U073KCU6, STM32U073M8I6, STM32U073M8T6, STM32U073MBI6, STM32U073MBT6, STM32U073MCI6, STM32U073MCT6, STM32U073R8I6, STM32U073R8T6, STM32U073RBI6, STM32U073RBT6, STM32U073RCI6, STM32U073RCT6, STM32U083C-DK, STM32U083CCT6, STM32U083CCU6, STM32U083HCY6TR, STM32U083KCU6, STM32U083MCI6, STM32U083MCT6, STM32U083RCI6, STM32U083RCT6, STM32U375CET6, STM32U375CET6Q, STM32U375CEU6, STM32U375CEU6Q, STM32U375CEY6QTR, STM32U375CGT6, STM32U375CGT6Q, STM32U375CGU6, STM32U375CGU6Q, STM32U375CGY6QTR, STM32U375KEU6, STM32U375KGU6, STM32U375REI6, STM32U375REI6Q, STM32U375RET6, STM32U375RET6Q, STM32U375REY6GTR, STM32U375REY6QTR, STM32U375RGI6, STM32U375RGI6Q, STM32U375RGT6, STM32U375RGT6Q, STM32U375RGY6GTR, STM32U375RGY6QTR, STM32U375VEI6, STM32U375VEI6Q, STM32U375VET6, STM32U375VET6Q, STM32U375VGI6, STM32U375VGI6Q, STM32U375VGT6, STM32U375VGT6Q, STM32U385CGT6, STM32U385CGT6Q, STM32U385CGU6, STM32U385CGU6Q, STM32U385CGY6QTR, STM32U385KGU6, STM32U385RGI6, STM32U385RGI6Q, STM32U385RGT6, STM32U385RGT6Q, STM32U385RGY6GTR, STM32U385RGY6QTR, STM32U385VGI6, STM32U385VGI6Q, STM32U385VGT6, STM32U385VGT6Q, STM32U535CBT6, STM32U535CBT6Q, STM32U535CBU6, STM32U535CBU6Q, STM32U535CCT6, STM32U535CCT6Q, STM32U535CCU6, STM32U535CCU6Q, STM32U535CET6, STM32U535CET6Q, STM32U535CEU6, STM32U535CEU6Q, STM32U535JEY6QTR, STM32U535NCY6QTR, STM32U535NEY6QTR, STM32U535RBI6, STM32U535RBI6Q, STM32U535RBT6, STM32U535RBT6Q, STM32U535RCI6, STM32U535RCI6Q, STM32U535RCT6, STM32U535RCT6Q, STM32U535REI6, STM32U535REI6Q, STM32U535RET6, STM32U535RET6Q, STM32U535VCI6, STM32U535VCI6Q, STM32U535VCT6, STM32U535VCT6Q, STM32U535VEI6, STM32U535VEI6Q, STM32U535VET6, STM32U535VET6Q, STM32U545CET6, STM32U545CET6Q, STM32U545CEU6, STM32U545CEU6Q, STM32U545JEY6QTR, STM32U545NEY6QTR, STM32U545REI6, STM32U545REI6Q, STM32U545RET6, STM32U545RET6Q, STM32U545VEI6, STM32U545VEI6Q, STM32U545VET6, STM32U545VET6Q, STM32U595AIH6, STM32U595AIH6Q, STM32U595AJH6, STM32U595AJH6Q, STM32U595QII6, STM32U595QII6Q, STM32U595QJI6, STM32U595QJI6Q, STM32U595RIT6, STM32U595RIT6Q, STM32U595RJT6, STM32U595RJT6Q, STM32U595VIT6, STM32U595VIT6Q, STM32U595VJT6, STM32U595VJT6Q, STM32U595ZIT6, STM32U595ZIT6Q, STM32U595ZIY6QTR, STM32U595ZJT6, STM32U595ZJT6Q, STM32U595ZJY6QTR, STM32U599BJY6QTR, STM32U599NIH6Q, STM32U599NJH6Q, STM32U599VIT6Q, STM32U599VJT6, STM32U599VJT6Q, STM32U599ZIT6Q, STM32U599ZIY6QTR, STM32U599ZJT6Q, STM32U599ZJY6QTR, STM32U5A5AJH6, STM32U5A5AJH6Q, STM32U5A5QII3Q , STM32U5A5QJI6, STM32U5A5QJI6Q, STM32U5A5RJT6, STM32U5A5RJT6Q, STM32U5A5VJT6, STM32U5A5VJT6Q, STM32U5A5ZJT6, STM32U5A5ZJT6Q, STM32U5A5ZJY6QTR, STM32U5A9BJY6QTR, STM32U5A9J-DK, STM32U5A9NJH6Q, STM32U5A9VJT6Q, STM32U5A9ZJT6Q, STM32U5A9ZJY6QTR, STM32U5F7VIT6, STM32U5F7VIT6Q, STM32U5F7VJT6, STM32U5F7VJT6Q, STM32U5F9BJY6QTR, STM32U5F9NJH6Q, STM32U5F9VIT6Q, STM32U5F9VJT6Q, STM32U5F9ZIJ6QTR, STM32U5F9ZIT6Q, STM32U5F9ZJJ6QTR, STM32U5F9ZJT6Q, STM32U5G7VJT6, STM32U5G7VJT6Q, STM32U5G9BJY6QTR, STM32U5G9J-DK1, STM32U5G9J-DK2, STM32U5G9NJH6Q, STM32U5G9VJT6Q, STM32U5G9ZJJ6QTR, STM32U5G9ZJT6Q, STM32WB05KZV6TR, STM32WB05KZV7TR, STM32WB05TZF6TR, STM32WB05TZF7TR, STM32WB06CCF6TR, STM32WB06CCF7TR, STM32WB06CCV6TR, STM32WB06CCV7TR, STM32WB06KCV6TR, STM32WB06KCV7TR, STM32WB07CCF6TR, STM32WB07CCF7TR, STM32WB07CCV6TR, STM32WB07CCV7TR, STM32WB07KCV6TR, STM32WB07KCV7TR, STM32WB09KEV6TR, STM32WB09KEV7TR, STM32WB09TEF6TR, STM32WB09TEF7TR, STM32WB1MMCH6, STM32WBA50KGU6, STM32WBA50KGU6TR, STM32WBA52CEU6, STM32WBA52CEU6TR, STM32WBA52CEU7, STM32WBA52CEU7TR, STM32WBA52CGU6, STM32WBA52CGU6TR, STM32WBA52CGU6U, STM32WBA52CGU7, STM32WBA52CGU7TR, STM32WBA52KEU6, STM32WBA52KEU6TR, STM32WBA52KGU6, STM32WBA52KGU6TR, STM32WBA54CEU6, STM32WBA54CEU6TR, STM32WBA54CEU7, STM32WBA54CEU7TR, STM32WBA54CGU6, STM32WBA54CGU6TR, STM32WBA54CGU7, STM32WBA54CGU7TR, STM32WBA54KEU6, STM32WBA54KEU6TR, STM32WBA54KEU7, STM32WBA54KEU7TR, STM32WBA54KGU6, STM32WBA54KGU6TR, STM32WBA54KGU7, STM32WBA54KGU7TR, STM32WBA55CEU6, STM32WBA55CEU6TR, STM32WBA55CEU7, STM32WBA55CEU7TR, STM32WBA55CGU6, STM32WBA55CGU6TR, STM32WBA55CGU6U, STM32WBA55CGU7, STM32WBA55CGU7TR, STM32WBA55G-DK1, STM32WBA55HEF6, STM32WBA55HEF7, STM32WBA55HGF6, STM32WBA55HGF7, STM32WBA55UEI6, STM32WBA55UEI6TR, STM32WBA55UEI7, STM32WBA55UEI7TR, STM32WBA55UGI6, STM32WBA55UGI6TR, STM32WBA55UGI7, STM32WBA55UGI7TR, STM32WBA5MMGH6TR, STM32WBA62MGF6, STM32WBA62MIF6, STM32WBA65MGF7, STM32WBA65MIF6, STM32WBA65MIF7, STM32WL30K8V6, STM32WL30KBV6, STM32WL31C8V6, STM32WL31CBV6, STM32WL31K8V6, STM32WL31KBV6, STM32WL33C8V6, STM32WL33C8V6X, STM32WL33CBV6, STM32WL33CBV6X, STM32WL33CCV6, STM32WL33CCV6A, STM32WL33CCV6X, STM32WL33K8V7, STM32WL33K8V7X, STM32WL33KBV7 , STM32WL33KBV7X, STM32WL33KCV7, STM32WL33KCV7X, STM32WL5MOCH6, STM32WL5MOCH6TR]
2026-04-21 16:13:05,299 [INFO] ApiDb:668 - CubeFinder database Data Model version=2.1
2026-04-21 16:13:05,299 [INFO] ApiDb:669 - CubeFinder database Configuration version=3.0.42
2026-04-21 16:13:05,299 [INFO] ApiDb:670 - CubeFinder database generation date=2026-03-11 (1773229989)
2026-04-21 16:13:05,299 [INFO] ApiDb:671 - CubeFinder database FW Pack versions=[FP-ATR-ASTRA1_V2.0.0, FP-SNS-FLIGHT1_V5.1.0, FP-SNS-MOTENV1_V5.1.0, FP-SNS-MOTENVWB1_V1.5.0, FP-SNS-SMARTAG2_V1.2.0, FP-SNS-STBOX1_V2.1.0, STM32Cube_FW_C0_V1.4.0, STM32Cube_FW_F4_V1.28.3, STM32Cube_FW_F7_V1.17.4, STM32Cube_FW_G0_V1.6.3, STM32Cube_FW_G4_V1.6.2, STM32Cube_FW_H5_V1.6.0, STM32Cube_FW_H7RS_V1.3.0, STM32Cube_FW_H7_V1.13.0, STM32Cube_FW_L0_V1.12.2, STM32Cube_FW_L4_V1.18.2, STM32Cube_FW_L5_V1.6.0, STM32Cube_FW_N6_V1.3.0, STM32Cube_FW_U0_V1.3.0, STM32Cube_FW_U3_V1.3.0, STM32Cube_FW_U5_V1.8.0, STM32Cube_FW_WB0_V1.4.0, STM32Cube_FW_WBA_V1.9.0, STM32Cube_FW_WB_V1.24.0, STM32Cube_FW_WL3_V1.4.0, STM32Cube_FW_WL_V1.5.0, X-CUBE-ALGOBUILD_V1.4.0, X-CUBE-ALS_V1.0.2, X-CUBE-AZRTOS-F4_V1.1.0, X-CUBE-AZRTOS-F7_V1.1.0, X-CUBE-AZRTOS-G0_V1.1.0, X-CUBE-AZRTOS-G4_V2.0.0, X-CUBE-AZRTOS-H7RS_V1.1.0, X-CUBE-AZRTOS-H7_V3.4.0, X-CUBE-AZRTOS-L4_V2.0.0, X-CUBE-AZRTOS-L5_V2.0.0, X-CUBE-AZRTOS-WB_V2.0.0, X-CUBE-AZRTOS-WL_V2.0.0, X-CUBE-BLE1_V7.1.0, X-CUBE-BLE2_V3.3.0, X-CUBE-BLEMGR_V4.1.0, X-CUBE-EEPRMA1_V5.2.0, X-CUBE-FREERTOS_V1.5.0, X-CUBE-GNSS1_V6.0.0, X-CUBE-MEMS1_V12.0.0, X-CUBE-NFC4_V3.0.0, X-CUBE-NFC7_V2.0.0, X-CUBE-SFXS2LP1_V4.0.0, X-CUBE-ST67W61_V1.2.0, X-CUBE-SUBG2_V5.0.0, X-CUBE-TOF1_V3.4.3]
2026-04-21 16:13:08,324 [INFO] ApiDb:240 - Found 880 in-development CPN: [B-G473E-ZEST1S, B-WB1M-WPAN1, B-WBA5M-WPAN, B-WL5M-SUBG1, NUCLEO-C031C6, NUCLEO-C051C8, NUCLEO-C071RB, NUCLEO-C092RC, NUCLEO-H503RB, NUCLEO-H533RE, NUCLEO-H563ZI, NUCLEO-H7S3L8, NUCLEO-N657X0-Q, NUCLEO-U031R8, NUCLEO-U083RC, NUCLEO-U385RG-Q, NUCLEO-U545RE-Q, NUCLEO-U5A5ZJ-Q, NUCLEO-WB05KZ, NUCLEO-WB07CC, NUCLEO-WB09KE, NUCLEO-WBA52CG, NUCLEO-WBA55CG, NUCLEO-WL33CC1, NUCLEO-WL33CC2, STEVAL-PROTEUS1, STEVAL-SMARTAG2, STEVAL-STWINBX1, STM320518-EVAL, STM32C0116-DK, STM32C011D6Y3TR, STM32C011D6Y6TR, STM32C011F4P3, STM32C011F4P6, STM32C011F4U3, STM32C011F4U6TR, STM32C011F6P3, STM32C011F6P6, STM32C011F6U3, STM32C011F6U6TR, STM32C011J4M3, STM32C011J4M6, STM32C011J6M3, STM32C011J6M6, STM32C0316-DK, STM32C031C4T3, STM32C031C4T6, STM32C031C4U3, STM32C031C4U6, STM32C031C6T3, STM32C031C6T6, STM32C031C6U3, STM32C031C6U6, STM32C031F4P3, STM32C031F4P6, STM32C031F6P3, STM32C031F6P6, STM32C031G4U3, STM32C031G4U6, STM32C031G6U3, STM32C031G6U6, STM32C031K4T3, STM32C031K4T6, STM32C031K4U3, STM32C031K4U6, STM32C031K6T3, STM32C031K6T6, STM32C031K6U3, STM32C031K6U6, STM32C051C6T6, STM32C051C6U6, STM32C051C8T6, STM32C051C8U6, STM32C051D8Y6TR, STM32C051F6P6, STM32C051F8P6, STM32C051G6U6, STM32C051G8U6, STM32C051K6T6, STM32C051K6U6, STM32C051K8T6, STM32C071C8T6, STM32C071C8T6N, STM32C071C8U6, STM32C071C8U6N, STM32C071CBT6, STM32C071CBT6N, STM32C071CBU6, STM32C071CBU6N, STM32C071F8P6, STM32C071F8P6N, STM32C071FBP6, STM32C071FBP6N, STM32C071FBY6TR, STM32C071G8U6, STM32C071G8U6N, STM32C071GBU6, STM32C071GBU6N, STM32C071K8T6, STM32C071K8T6N, STM32C071K8U6, STM32C071K8U6N, STM32C071KBT6, STM32C071KBT6N, STM32C071KBU6, STM32C071KBU6N, STM32C071R8T6, STM32C071R8T6N, STM32C071RBI6N, STM32C071RBT6, STM32C071RBT6N, STM32C091CBT6, STM32C091CBU6, STM32C091CCT6, STM32C091CCU6, STM32C091ECY6TR, STM32C091FBP6, STM32C091FCP6, STM32C091GBU6, STM32C091GCU6, STM32C091KBT6, STM32C091KBU6, STM32C091KCT6, STM32C091KCU6, STM32C091RBT6, STM32C091RCI6, STM32C091RCT6, STM32C092CBT6, STM32C092CBU6, STM32C092CCT6, STM32C092CCU6, STM32C092ECY6TR, STM32C092FBP6, STM32C092FCP6, STM32C092GBU6, STM32C092GCU6, STM32C092KBT6, STM32C092KBU6, STM32C092KCT6, STM32C092KCU6, STM32C092RBT6, STM32C092RCI6, STM32C092RCT6, STM32G071K8TXN, STM32G071K8UXN, STM32G081GBU6N, STM32G081KBT6N, STM32G081KBUXN, STM32G0B1CCT6N, STM32G0B1KCT6, STM32G0B1NEY6TR, STM32G0B1RCT6N, STM32G0C1CCT6, STM32G0C1CCT6N, STM32G0C1CCU6N, STM32G0C1CET6N, STM32G0C1CEU6N, STM32G0C1KCT6, STM32G0C1NEY6TR, STM32G0C1RCI6N, STM32G0C1RCT6N, STM32G0C1REI6N, STM32G0C1RET6N, STM32G0C1VCI6, STM32G0C1VEI6, STM32G411C6T3, STM32G411C6T6, STM32G411C6U3, STM32G411C6U6, STM32G411C8T3, STM32G411C8T6, STM32G411C8U3, STM32G411C8U6, STM32G411CBT3, STM32G411CBT6, STM32G411CBU3, STM32G411CBU6, STM32G411K6T3, STM32G411K6T6, STM32G411K6U3, STM32G411K6U6, STM32G411K8T3, STM32G411K8T6, STM32G411K8U3, STM32G411K8U6, STM32G411KBT3, STM32G411KBT6, STM32G411KBU3, STM32G411KBU6, STM32G411M6T3, STM32G411M6T6, STM32G411M8T3, STM32G411M8T6, STM32G411MBT3, STM32G411MBT6, STM32G411R6T3, STM32G411R6T6, STM32G411R8T3, STM32G411R8T6, STM32G411RBT3, STM32G411RBT6, STM32G414CBT3, STM32G414CBT6, STM32G414CBU3, STM32G414CBU6, STM32G414CCT3, STM32G414CCT6, STM32G414CCU3, STM32G414CCU6, STM32G414MBT3, STM32G414MBT6, STM32G414MCT3, STM32G414MCT6, STM32G414RBT3, STM32G414RBT6, STM32G414RCT3, STM32G414RCT6, STM32G414VBT3, STM32G414VBT6, STM32G414VCT3, STM32G414VCT6, STM32G431CBT3Z, STM32G431RBT3Z, STM32G471CCT6, STM32G471CCU6, STM32G471CET3, STM32G471CET6, STM32G471CEU3, STM32G471CEU6, STM32G471MCT6, STM32G471MET3, STM32G471MET6, STM32G471MEY6TR, STM32G471QCT6, STM32G471QET3, STM32G471RCT6, STM32G471RET3, STM32G471RET6, STM32G471VCH6, STM32G471VCI6, STM32G471VCT6, STM32G471VEH3, STM32G471VEH6, STM32G471VEI3, STM32G471VEI6, STM32G471VET3, STM32G471VET6, STM32G473QET3Z, STM32G473RET3Z, STM32G474CCT6, STM32G491RET3Z, STM32H503CBT6, STM32H503CBU6, STM32H503EBY6TR, STM32H503KBU6, STM32H503RBT6, STM32H523CCT6, STM32H523CCU6, STM32H523CET6, STM32H523CEU6, STM32H523HEY6TR, STM32H523RCT6, STM32H523RET6, STM32H523VCI6, STM32H523VCT6, STM32H523VEI6, STM32H523VET6, STM32H523ZCJ6, STM32H523ZCT6, STM32H523ZEJ6, STM32H523ZET6, STM32H533CET6, STM32H533CEU6, STM32H533HEY6TR, STM32H533RET6, STM32H533VEI6, STM32H533VET6, STM32H533ZEJ6, STM32H533ZET6, STM32H562AGI6, STM32H562AII6, STM32H562IGK6, STM32H562IGT6, STM32H562IIK6, STM32H562IIT6, STM32H562RGT6, STM32H562RGV6, STM32H562RIT6, STM32H562RIV6, STM32H562VGT6, STM32H562VIT6, STM32H562ZGT6, STM32H562ZIT6, STM32H563AGI6, STM32H563AII3Q, STM32H563AII6, STM32H563IGK6, STM32H563IGT6, STM32H563IIK3Q, STM32H563IIK6, STM32H563IIT3Q, STM32H563IIT6, STM32H563MIY3QTR, STM32H563RGT6, STM32H563RGV6, STM32H563RIT6, STM32H563RIV6, STM32H563VGT6, STM32H563VIT3Q, STM32H563VIT6, STM32H563ZGT6, STM32H563ZIT3Q, STM32H563ZIT6, STM32H573AII3Q, STM32H573AII6, STM32H573I-DK, STM32H573IIK3Q, STM32H573IIK6, STM32H573IIT3Q, STM32H573IIT6, STM32H573MIY3QTR, STM32H573RIT6, STM32H573RIV6, STM32H573VIT3Q, STM32H573VIT6, STM32H573ZIT3Q, STM32H573ZIT6, STM32H7R3A8I6, STM32H7R3I8K6, STM32H7R3I8T6, STM32H7R3L8H6, STM32H7R3L8H6H, STM32H7R3R8V6, STM32H7R3V8H6, STM32H7R3V8T6, STM32H7R3V8Y6TR, STM32H7R3Z8J6, STM32H7R3Z8T6, STM32H7R7A8I6, STM32H7R7I8K6, STM32H7R7I8T6, STM32H7R7L8H6, STM32H7R7L8H6H, STM32H7R7Z8J6, STM32H7S3A8I6, STM32H7S3I8K6, STM32H7S3I8T6, STM32H7S3L8H6, STM32H7S3L8H6H, STM32H7S3R8V6, STM32H7S3V8H6, STM32H7S3V8T6, STM32H7S3V8Y6TR, STM32H7S3Z8J6, STM32H7S3Z8T6, STM32H7S78-DK, STM32H7S7A8I6, STM32H7S7I8K6, STM32H7S7I8T6, STM32H7S7L8H6, STM32H7S7L8H6H, STM32H7S7Z8J6, STM32L4R5QGI6STR, STM32MP131AAE3, STM32MP131AAF3, STM32MP131AAG3, STM32MP131CAE3, STM32MP131CAF3, STM32MP131CAG3, STM32MP131DAE7, STM32MP131DAF7, STM32MP131DAG7, STM32MP131FAE7, STM32MP131FAF7, STM32MP131FAG7, STM32MP133AAE3, STM32MP133AAF3, STM32MP133AAG3, STM32MP133CAE3, STM32MP133CAF3, STM32MP133CAG3, STM32MP133DAE7, STM32MP133DAF7, STM32MP133DAG7, STM32MP133FAE7, STM32MP133FAF7, STM32MP133FAG7, STM32MP135AAE3, STM32MP135AAF3, STM32MP135AAG3, STM32MP135CAE3, STM32MP135CAF3, STM32MP135CAG3, STM32MP135DAE7, STM32MP135DAF7, STM32MP135DAG7, STM32MP135F-DK, STM32MP135FAE7, STM32MP135FAF7, STM32MP135FAF7T, STM32MP135FAF7U, STM32MP135FAG7, STM32MP211AAL3, STM32MP211AAM3, STM32MP211AAN3, STM32MP211AAO3, STM32MP211CAL3, STM32MP211CAM3, STM32MP211CAN3, STM32MP211CAO3, STM32MP211DAL3, STM32MP211DAM3, STM32MP211DAN3, STM32MP211DAO3, STM32MP211FAL3, STM32MP211FAM3, STM32MP211FAN3, STM32MP211FAO3, STM32MP213AAL3, STM32MP213AAM3, STM32MP213AAN3, STM32MP213AAO3, STM32MP213CAL3, STM32MP213CAM3, STM32MP213CAN3, STM32MP213CAO3, STM32MP213DAL3, STM32MP213DAM3, STM32MP213DAN3, STM32MP213DAO3, STM32MP213FAL3, STM32MP213FAM3, STM32MP213FAN3, STM32MP213FAO3, STM32MP215AAL3, STM32MP215AAM3, STM32MP215AAN3, STM32MP215AAO3, STM32MP215CAL3, STM32MP215CAM3, STM32MP215CAN3, STM32MP215CAO3, STM32MP215DAL3, STM32MP215DAM3, STM32MP215DAN3, STM32MP215DAO3, STM32MP215F-DK, STM32MP215FAL3, STM32MP215FAM3, STM32MP215FAN3, STM32MP215FAO3, STM32MP231AAJ3, STM32MP231AAK3, STM32MP231AAL3, STM32MP231CAJ3, STM32MP231CAK3, STM32MP231CAL3, STM32MP231DAJ3, STM32MP231DAK3, STM32MP231DAL3, STM32MP231FAJ3, STM32MP231FAK3, STM32MP231FAL3, STM32MP233AAJ3, STM32MP233AAK3, STM32MP233AAL3, STM32MP233CAJ3, STM32MP233CAK3, STM32MP233CAL3, STM32MP233DAJ3, STM32MP233DAK3, STM32MP233DAL3, STM32MP233FAJ3, STM32MP233FAK3, STM32MP233FAL3, STM32MP235AAJ3, STM32MP235AAK3, STM32MP235AAL3, STM32MP235CAJ3, STM32MP235CAK3, STM32MP235CAL3, STM32MP235DAJ3, STM32MP235DAK3, STM32MP235DAL3, STM32MP235FAJ3, STM32MP235FAK3, STM32MP235FAL3, STM32MP251AAI3, STM32MP251AAK3, STM32MP251AAL3, STM32MP251CAI3, STM32MP251CAK3, STM32MP251CAL3, STM32MP251DAI3, STM32MP251DAK3, STM32MP251DAL3, STM32MP251FAI3, STM32MP251FAK3, STM32MP251FAL3, STM32MP253AAI3, STM32MP253AAK3, STM32MP253AAL3, STM32MP253CAI3, STM32MP253CAK3, STM32MP253CAL3, STM32MP253DAI3, STM32MP253DAK3, STM32MP253DAL3, STM32MP253FAI3, STM32MP253FAK3, STM32MP253FAL3, STM32MP255AAI3, STM32MP255AAK3, STM32MP255AAL3, STM32MP255CAI3, STM32MP255CAK3, STM32MP255CAL3, STM32MP255DAI3, STM32MP255DAK3, STM32MP255DAL3, STM32MP255FAI3, STM32MP255FAK3, STM32MP255FAL3, STM32MP257AAI3, STM32MP257AAK3, STM32MP257AAL3, STM32MP257CAI3, STM32MP257CAK3, STM32MP257CAL3, STM32MP257DAI3, STM32MP257DAK3, STM32MP257DAL3, STM32MP257F-DK, STM32MP257F-EV1, STM32MP257FAI3, STM32MP257FAK3, STM32MP257FAL3, STM32N645A0H3Q, STM32N645B0H3Q, STM32N645I0H3Q, STM32N645L0H3Q, STM32N645X0H3Q, STM32N645Z0H3Q, STM32N647A0H3Q, STM32N647B0H3Q, STM32N647I0H3Q, STM32N647L0H3Q, STM32N647X0H3Q, STM32N647Z0H3Q, STM32N655A0H3Q, STM32N655B0H3Q, STM32N655I0H3Q, STM32N655L0H3Q, STM32N655X0H3Q, STM32N655Z0H3Q, STM32N6570-DK, STM32N657A0H3Q, STM32N657B0H3Q, STM32N657I0H3Q, STM32N657L0H3Q, STM32N657X0H3Q, STM32N657Z0H3Q, STM32U031C6T6, STM32U031C6U6, STM32U031C8T6, STM32U031C8U6, STM32U031F4P6, STM32U031F6P6, STM32U031F8P6, STM32U031G6Y6TR, STM32U031G8Y6TR, STM32U031K4U6, STM32U031K6U6, STM32U031K8U6, STM32U031R6I6, STM32U031R6T6, STM32U031R8I6, STM32U031R8T6, STM32U073C8T6, STM32U073C8U6, STM32U073CBT6, STM32U073CBU6, STM32U073CCT6, STM32U073CCU6, STM32U073H8Y6TR, STM32U073HBY6TR, STM32U073HCY6TR, STM32U073K8U6, STM32U073KBU6, STM32U073KCU6, STM32U073M8I6, STM32U073M8T6, STM32U073MBI6, STM32U073MBT6, STM32U073MCI6, STM32U073MCT6, STM32U073R8I6, STM32U073R8T6, STM32U073RBI6, STM32U073RBT6, STM32U073RCI6, STM32U073RCT6, STM32U083C-DK, STM32U083CCT6, STM32U083CCU6, STM32U083HCY6TR, STM32U083KCU6, STM32U083MCI6, STM32U083MCT6, STM32U083RCI6, STM32U083RCT6, STM32U375CET6, STM32U375CET6Q, STM32U375CEU6, STM32U375CEU6Q, STM32U375CEY6QTR, STM32U375CGT6, STM32U375CGT6Q, STM32U375CGU6, STM32U375CGU6Q, STM32U375CGY6QTR, STM32U375KEU6, STM32U375KGU6, STM32U375REI6, STM32U375REI6Q, STM32U375RET6, STM32U375RET6Q, STM32U375REY6GTR, STM32U375REY6QTR, STM32U375RGI6, STM32U375RGI6Q, STM32U375RGT6, STM32U375RGT6Q, STM32U375RGY6GTR, STM32U375RGY6QTR, STM32U375VEI6, STM32U375VEI6Q, STM32U375VET6, STM32U375VET6Q, STM32U375VGI6, STM32U375VGI6Q, STM32U375VGT6, STM32U375VGT6Q, STM32U385CGT6, STM32U385CGT6Q, STM32U385CGU6, STM32U385CGU6Q, STM32U385CGY6QTR, STM32U385KGU6, STM32U385RGI6, STM32U385RGI6Q, STM32U385RGT6, STM32U385RGT6Q, STM32U385RGY6GTR, STM32U385RGY6QTR, STM32U385VGI6, STM32U385VGI6Q, STM32U385VGT6, STM32U385VGT6Q, STM32U535CBT6, STM32U535CBT6Q, STM32U535CBU6, STM32U535CBU6Q, STM32U535CCT6, STM32U535CCT6Q, STM32U535CCU6, STM32U535CCU6Q, STM32U535CET6, STM32U535CET6Q, STM32U535CEU6, STM32U535CEU6Q, STM32U535JEY6QTR, STM32U535NCY6QTR, STM32U535NEY6QTR, STM32U535RBI6, STM32U535RBI6Q, STM32U535RBT6, STM32U535RBT6Q, STM32U535RCI6, STM32U535RCI6Q, STM32U535RCT6, STM32U535RCT6Q, STM32U535REI6, STM32U535REI6Q, STM32U535RET6, STM32U535RET6Q, STM32U535VCI6, STM32U535VCI6Q, STM32U535VCT6, STM32U535VCT6Q, STM32U535VEI6, STM32U535VEI6Q, STM32U535VET6, STM32U535VET6Q, STM32U545CET6, STM32U545CET6Q, STM32U545CEU6, STM32U545CEU6Q, STM32U545JEY6QTR, STM32U545NEY6QTR, STM32U545REI6, STM32U545REI6Q, STM32U545RET6, STM32U545RET6Q, STM32U545VEI6, STM32U545VEI6Q, STM32U545VET6, STM32U545VET6Q, STM32U595AIH6, STM32U595AIH6Q, STM32U595AJH6, STM32U595AJH6Q, STM32U595QII6, STM32U595QII6Q, STM32U595QJI6, STM32U595QJI6Q, STM32U595RIT6, STM32U595RIT6Q, STM32U595RJT6, STM32U595RJT6Q, STM32U595VIT6, STM32U595VIT6Q, STM32U595VJT6, STM32U595VJT6Q, STM32U595ZIT6, STM32U595ZIT6Q, STM32U595ZIY6QTR, STM32U595ZJT6, STM32U595ZJT6Q, STM32U595ZJY6QTR, STM32U599BJY6QTR, STM32U599NIH6Q, STM32U599NJH6Q, STM32U599VIT6Q, STM32U599VJT6, STM32U599VJT6Q, STM32U599ZIT6Q, STM32U599ZIY6QTR, STM32U599ZJT6Q, STM32U599ZJY6QTR, STM32U5A5AJH6, STM32U5A5AJH6Q, STM32U5A5QII3Q , STM32U5A5QJI6, STM32U5A5QJI6Q, STM32U5A5RJT6, STM32U5A5RJT6Q, STM32U5A5VJT6, STM32U5A5VJT6Q, STM32U5A5ZJT6, STM32U5A5ZJT6Q, STM32U5A5ZJY6QTR, STM32U5A9BJY6QTR, STM32U5A9J-DK, STM32U5A9NJH6Q, STM32U5A9VJT6Q, STM32U5A9ZJT6Q, STM32U5A9ZJY6QTR, STM32U5F7VIT6, STM32U5F7VIT6Q, STM32U5F7VJT6, STM32U5F7VJT6Q, STM32U5F9BJY6QTR, STM32U5F9NJH6Q, STM32U5F9VIT6Q, STM32U5F9VJT6Q, STM32U5F9ZIJ6QTR, STM32U5F9ZIT6Q, STM32U5F9ZJJ6QTR, STM32U5F9ZJT6Q, STM32U5G7VJT6, STM32U5G7VJT6Q, STM32U5G9BJY6QTR, STM32U5G9J-DK1, STM32U5G9J-DK2, STM32U5G9NJH6Q, STM32U5G9VJT6Q, STM32U5G9ZJJ6QTR, STM32U5G9ZJT6Q, STM32WB05KZV6TR, STM32WB05KZV7TR, STM32WB05TZF6TR, STM32WB05TZF7TR, STM32WB06CCF6TR, STM32WB06CCF7TR, STM32WB06CCV6TR, STM32WB06CCV7TR, STM32WB06KCV6TR, STM32WB06KCV7TR, STM32WB07CCF6TR, STM32WB07CCF7TR, STM32WB07CCV6TR, STM32WB07CCV7TR, STM32WB07KCV6TR, STM32WB07KCV7TR, STM32WB09KEV6TR, STM32WB09KEV7TR, STM32WB09TEF6TR, STM32WB09TEF7TR, STM32WB1MMCH6, STM32WBA50KGU6, STM32WBA50KGU6TR, STM32WBA52CEU6, STM32WBA52CEU6TR, STM32WBA52CEU7, STM32WBA52CEU7TR, STM32WBA52CGU6, STM32WBA52CGU6TR, STM32WBA52CGU6U, STM32WBA52CGU7, STM32WBA52CGU7TR, STM32WBA52KEU6, STM32WBA52KEU6TR, STM32WBA52KGU6, STM32WBA52KGU6TR, STM32WBA54CEU6, STM32WBA54CEU6TR, STM32WBA54CEU7, STM32WBA54CEU7TR, STM32WBA54CGU6, STM32WBA54CGU6TR, STM32WBA54CGU7, STM32WBA54CGU7TR, STM32WBA54KEU6, STM32WBA54KEU6TR, STM32WBA54KEU7, STM32WBA54KEU7TR, STM32WBA54KGU6, STM32WBA54KGU6TR, STM32WBA54KGU7, STM32WBA54KGU7TR, STM32WBA55CEU6, STM32WBA55CEU6TR, STM32WBA55CEU7, STM32WBA55CEU7TR, STM32WBA55CGU6, STM32WBA55CGU6TR, STM32WBA55CGU6U, STM32WBA55CGU7, STM32WBA55CGU7TR, STM32WBA55G-DK1, STM32WBA55HEF6, STM32WBA55HEF7, STM32WBA55HGF6, STM32WBA55HGF7, STM32WBA55UEI6, STM32WBA55UEI6TR, STM32WBA55UEI7, STM32WBA55UEI7TR, STM32WBA55UGI6, STM32WBA55UGI6TR, STM32WBA55UGI7, STM32WBA55UGI7TR, STM32WBA5MMGH6TR, STM32WBA62MGF6, STM32WBA62MIF6, STM32WBA65MGF7, STM32WBA65MIF6, STM32WBA65MIF7, STM32WL30K8V6, STM32WL30KBV6, STM32WL31C8V6, STM32WL31CBV6, STM32WL31K8V6, STM32WL31KBV6, STM32WL33C8V6, STM32WL33C8V6X, STM32WL33CBV6, STM32WL33CBV6X, STM32WL33CCV6, STM32WL33CCV6A, STM32WL33CCV6X, STM32WL33K8V7, STM32WL33K8V7X, STM32WL33KBV7 , STM32WL33KBV7X, STM32WL33KCV7, STM32WL33KCV7X, STM32WL5MOCH6, STM32WL5MOCH6TR]
2026-04-21 16:13:08,330 [INFO] DbMcus:218 - Found 5055 MCUs, 4968 are supported
2026-04-21 16:13:08,332 [INFO] ApiDb:423 - Load user favorites file C:\Users\User/.stm32cubeide/favorites.mcus.txt: 2 item(s)
2026-04-21 16:13:08,332 [INFO] ApiDb:427 - User favorites MCUs=[STM32F103C6T6A, STM32F103C8T6]
2026-04-21 16:13:08,332 [INFO] DbMcus:224 - Set 2 / 2 favorites MCUs
2026-04-21 16:13:09,828 [INFO] BoardInfo:889 - No configuration file found for board NUCLEO-H5E5ZJ
2026-04-21 16:13:09,830 [INFO] DbBoards:161 - Board is not supported: NUCLEO-H5E5ZJ
2026-04-21 16:13:09,939 [INFO] BoardInfo:889 - No configuration file found for board NUCLEO-U3C5ZI-Q
2026-04-21 16:13:09,941 [INFO] DbBoards:161 - Board is not supported: NUCLEO-U3C5ZI-Q
2026-04-21 16:13:09,967 [INFO] BoardInfo:889 - No configuration file found for board NUCLEO-WBA25CE1
2026-04-21 16:13:09,968 [INFO] DbBoards:161 - Board is not supported: NUCLEO-WBA25CE1
2026-04-21 16:13:09,985 [INFO] BoardInfo:889 - No configuration file found for board NUCLEO-WL3RKB1
2026-04-21 16:13:09,987 [INFO] DbBoards:161 - Board is not supported: NUCLEO-WL3RKB1
2026-04-21 16:13:09,989 [INFO] BoardInfo:889 - No configuration file found for board NUCLEO-WL3RKB2
2026-04-21 16:13:09,992 [INFO] DbBoards:161 - Board is not supported: NUCLEO-WL3RKB2
2026-04-21 16:13:10,004 [INFO] BoardInfo:889 - No configuration file found for board P-NUCLEO-WB55
2026-04-21 16:13:10,007 [INFO] DbBoards:161 - Kit is not supported: P-NUCLEO-WB55
2026-04-21 16:13:10,018 [INFO] BoardInfo:889 - No configuration file found for board STEVAL-BFA001V1B
2026-04-21 16:13:10,019 [INFO] DbBoards:161 - Kit is not supported: STEVAL-BFA001V1B
2026-04-21 16:13:10,021 [INFO] BoardInfo:889 - No configuration file found for board STEVAL-BFA001V2B
2026-04-21 16:13:10,022 [INFO] DbBoards:161 - Kit is not supported: STEVAL-BFA001V2B
2026-04-21 16:13:10,223 [INFO] BoardInfo:889 - No configuration file found for board STM32H5F5J-DK
2026-04-21 16:13:10,225 [INFO] DbBoards:161 - Board is not supported: STM32H5F5J-DK
2026-04-21 16:13:10,435 [INFO] DbBoards:168 - Found 218 boards, 209 are supported
2026-04-21 16:13:10,436 [INFO] DbBoards:169 - Found 218 boards, 43 of them is supported for  Bsp
2026-04-21 16:13:10,443 [INFO] ApiDb:423 - Load user favorites file C:\Users\User/.stm32cubeide/favorites.boards.txt: 0 item(s)
2026-04-21 16:13:10,443 [INFO] ApiDb:427 - User favorites Boards=[]
2026-04-21 16:13:10,443 [INFO] DbBoards:198 - Set 0 / 0 favorites Boards
2026-04-21 16:13:10,514 [INFO] UtilMem:75 - End LoadConfig() Used Memory: 646504024 Bytes (1073741824)
2026-04-21 16:13:10,768 [WARN] ThirdParty:833 - waiting for thirdparty lock release [change project]
2026-04-21 16:13:10,769 [INFO] ThirdParty:835 - entering critical section [change project]
2026-04-21 16:13:10,769 [INFO] ThirdParty:1030 - CMSIS Pack Vendor :STMicroelectronics X-CUBE-AZRTOS-H7 3.5.0
2026-04-21 16:13:10,769 [INFO] ThirdParty:1030 - CMSIS Pack Vendor :STMicroelectronics X-CUBE-PM33A1 1.0.0
2026-04-21 16:13:10,769 [INFO] ThirdParty:1030 - CMSIS Pack Vendor :STMicroelectronics USBPD 4.1
2026-04-21 16:13:10,769 [INFO] ThirdParty:1030 - CMSIS Pack Vendor :STMicroelectronics X-CUBE-NFC9 1.0.0
2026-04-21 16:13:10,769 [INFO] ThirdParty:1030 - CMSIS Pack Vendor :STMicroelectronics USB_HOST 2.0.0
2026-04-21 16:13:10,769 [INFO] ThirdParty:1030 - CMSIS Pack Vendor :STMicroelectronics FP-SNS-MOTENVWB1 1.4.0
2026-04-21 16:13:10,769 [INFO] ThirdParty:1030 - CMSIS Pack Vendor :STMicroelectronics X-CUBE-AZRTOS-F4 1.1.0
2026-04-21 16:13:10,769 [INFO] ThirdParty:1030 - CMSIS Pack Vendor :STMicroelectronics LIBJPEG 8.0.0
2026-04-21 16:13:10,769 [INFO] ThirdParty:1030 - CMSIS Pack Vendor :STMicroelectronics FP-ATR-ASTRA1 2.0.2
2026-04-21 16:13:10,769 [INFO] ThirdParty:1030 - CMSIS Pack Vendor :STMicroelectronics X-CUBE-BLE1 7.1.0
2026-04-21 16:13:10,770 [INFO] ThirdParty:1030 - CMSIS Pack Vendor :STMicroelectronics X-CUBE-SMBUS 2.1.0
2026-04-21 16:13:10,770 [INFO] ThirdParty:1030 - CMSIS Pack Vendor :wolfSSL I-CUBE-wolfMQTT 1.19.2
2026-04-21 16:13:10,770 [INFO] ThirdParty:1030 - CMSIS Pack Vendor :STMicroelectronics USB_DEVICE 3.0.0
2026-04-21 16:13:10,770 [INFO] ThirdParty:1030 - CMSIS Pack Vendor :STMicroelectronics X-CUBE-ISPU 2.1.0
2026-04-21 16:13:10,770 [INFO] ThirdParty:1030 - CMSIS Pack Vendor :STMicroelectronics X-CUBE-FREERTOS 1.4.0
2026-04-21 16:13:10,770 [INFO] ThirdParty:1030 - CMSIS Pack Vendor :STMicroelectronics X-CUBE-EEPRMA1 5.2.0
2026-04-21 16:13:10,770 [INFO] ThirdParty:1030 - CMSIS Pack Vendor :STMicroelectronics X-CUBE-IPS 3.2.0
2026-04-21 16:13:10,770 [INFO] ThirdParty:1030 - CMSIS Pack Vendor :STMicroelectronics X-CUBE-BLEMGR 4.1.0
2026-04-21 16:13:10,770 [INFO] ThirdParty:1030 - CMSIS Pack Vendor :STMicroelectronics eDS-WB_DPC_TT-BIDIR 2.1.1
2026-04-21 16:13:10,770 [INFO] ThirdParty:1030 - CMSIS Pack Vendor :STMicroelectronics X-CUBE-AZRTOS-WB 2.0.0
2026-04-21 16:13:10,770 [INFO] ThirdParty:1030 - CMSIS Pack Vendor :wolfSSL I-CUBE-wolfSSL 5.8.4
2026-04-21 16:13:10,770 [INFO] ThirdParty:1030 - CMSIS Pack Vendor :Cesanta I-CUBE-Mongoose 7.20.0
2026-04-21 16:13:10,770 [INFO] ThirdParty:1030 - CMSIS Pack Vendor :STMicroelectronics X-CUBE-NFC12 1.0.0
2026-04-21 16:13:10,770 [INFO] ThirdParty:1030 - CMSIS Pack Vendor :STMicroelectronics X-CUBE-AZRTOS-F7 1.1.0
2026-04-21 16:13:10,770 [INFO] ThirdParty:1030 - CMSIS Pack Vendor :STMicroelectronics X-CUBE-AZRTOS-L5 2.0.0
2026-04-21 16:13:10,771 [INFO] ThirdParty:1030 - CMSIS Pack Vendor :STMicroelectronics USB_DEVICE 2.0.0
2026-04-21 16:13:10,771 [INFO] ThirdParty:1030 - CMSIS Pack Vendor :quantropi X-CUBE-qispace-sdk-base 2.1.0
2026-04-21 16:13:10,771 [INFO] ThirdParty:1030 - CMSIS Pack Vendor :STMicroelectronics X-CUBE-MEMS1 12.0.0
2026-04-21 16:13:10,771 [INFO] ThirdParty:1030 - CMSIS Pack Vendor :STMicroelectronics X-CUBE-STSE01 2.0.0
2026-04-21 16:13:10,771 [INFO] ThirdParty:1030 - CMSIS Pack Vendor :STMicroelectronics FP-SNS-MOTENV1 5.1.0
2026-04-21 16:13:10,771 [INFO] ThirdParty:1030 - CMSIS Pack Vendor :STMicroelectronics FreeRTOS 0.0.1
2026-04-21 16:13:10,771 [INFO] ThirdParty:1030 - CMSIS Pack Vendor :STMicroelectronics X-CUBE-AZRTOS-G0 1.1.0
2026-04-21 16:13:10,771 [INFO] ThirdParty:1030 - CMSIS Pack Vendor :STMicroelectronics X-CUBE-NFC4 3.0.0
2026-04-21 16:13:10,771 [INFO] ThirdParty:1030 - CMSIS Pack Vendor :STMicroelectronics X-CUBE-SUBG2 5.0.0
2026-04-21 16:13:10,771 [INFO] ThirdParty:1030 - CMSIS Pack Vendor :STMicroelectronics STM32_WPAN 1.0.0
2026-04-21 16:13:10,771 [INFO] ThirdParty:1030 - CMSIS Pack Vendor :STMicroelectronics eDS-WB_DPC_VIENNA 1.2.0
2026-04-21 16:13:10,771 [INFO] ThirdParty:1030 - CMSIS Pack Vendor :EmbeddedOffice I-CUBE-FS-RTOS 1.0.1
2026-04-21 16:13:10,771 [INFO] ThirdParty:1030 - CMSIS Pack Vendor :STMicroelectronics lwIP 2.0.3
2026-04-21 16:13:10,771 [INFO] ThirdParty:1030 - CMSIS Pack Vendor :WES I-CUBE-Cesium 1.4.0
2026-04-21 16:13:10,771 [INFO] ThirdParty:1030 - CMSIS Pack Vendor :STMicroelectronics eDS-WB_DPC_3PH2L-BIDIR 1.1.1
2026-04-21 16:13:10,771 [INFO] ThirdParty:1030 - CMSIS Pack Vendor :STMicroelectronics USB_HOST 1.0.0
2026-04-21 16:13:10,771 [INFO] ThirdParty:1030 - CMSIS Pack Vendor :STMicroelectronics X-CUBE-AZRTOS-G4 2.0.0
2026-04-21 16:13:10,771 [INFO] ThirdParty:1030 - CMSIS Pack Vendor :STMicroelectronics X-CUBE-WB05N 2.0.0
2026-04-21 16:13:10,771 [INFO] ThirdParty:1030 - CMSIS Pack Vendor :STMicroelectronics PDM2PCM 3.1.0
2026-04-21 16:13:10,772 [INFO] ThirdParty:1030 - CMSIS Pack Vendor :STMicroelectronics PDM2PCM 3.3.0
2026-04-21 16:13:10,772 [INFO] ThirdParty:1030 - CMSIS Pack Vendor :wolfSSL I-CUBE-wolfTPM 3.8.0
2026-04-21 16:13:10,772 [INFO] ThirdParty:1030 - CMSIS Pack Vendor :STMicroelectronics X-CUBE-AZRTOS-H7 3.4.0
2026-04-21 16:13:10,772 [INFO] ThirdParty:1030 - CMSIS Pack Vendor :STMicroelectronics X-CUBE-DISPLAY 3.0.0
2026-04-21 16:13:10,772 [INFO] ThirdParty:1030 - CMSIS Pack Vendor :wolfSSL I-CUBE-wolfSSH 1.4.20
2026-04-21 16:13:10,772 [INFO] ThirdParty:1030 - CMSIS Pack Vendor :STMicroelectronics X-CUBE-NFC7 2.0.0
2026-04-21 16:13:10,772 [INFO] ThirdParty:1030 - CMSIS Pack Vendor :STMicroelectronics FP-SNS-MOTENVWB1 1.5.0
2026-04-21 16:13:10,772 [INFO] ThirdParty:1030 - CMSIS Pack Vendor :STMicroelectronics X-CUBE-TCPP 4.2.0
2026-04-21 16:13:10,772 [INFO] ThirdParty:1030 - CMSIS Pack Vendor :RealThread X-CUBE-RT-Thread_Nano 4.1.1
2026-04-21 16:13:10,772 [INFO] ThirdParty:1030 - CMSIS Pack Vendor :STMicroelectronics FP-ATR-SIGFOX1 3.2.0
2026-04-21 16:13:10,772 [INFO] ThirdParty:1030 - CMSIS Pack Vendor :STMicroelectronics X-CUBE-NFC10 1.0.0
2026-04-21 16:13:10,773 [INFO] ThirdParty:1030 - CMSIS Pack Vendor :STMicroelectronics HAL Drivers 0.0.0
2026-04-21 16:13:10,773 [INFO] ThirdParty:1030 - CMSIS Pack Vendor :STMicroelectronics X-CUBE-FREERTOS 1.5.0
2026-04-21 16:13:10,773 [INFO] ThirdParty:1030 - CMSIS Pack Vendor :STMicroelectronics MBEDTLS 2.16.2
2026-04-21 16:13:10,773 [INFO] ThirdParty:1030 - CMSIS Pack Vendor :STMicroelectronics X-CUBE-ST60 1.1.0
2026-04-21 16:13:10,773 [INFO] ThirdParty:1030 - CMSIS Pack Vendor :STMicroelectronics X-CUBE-ALS 1.0.2
2026-04-21 16:13:10,773 [INFO] ThirdParty:1030 - CMSIS Pack Vendor :emotas I-CUBE-CANOPEN 1.3.0
2026-04-21 16:13:10,774 [INFO] ThirdParty:1030 - CMSIS Pack Vendor :STMicroelectronics MBEDTLS 2.14.1
2026-04-21 16:13:10,774 [INFO] ThirdParty:1030 - CMSIS Pack Vendor :STMicroelectronics X-CUBE-GNSS1 7.1.0
2026-04-21 16:13:10,774 [INFO] ThirdParty:1030 - CMSIS Pack Vendor :ITTIA_DB I-CUBE-ITTIADB 8.9.0
2026-04-21 16:13:10,774 [INFO] ThirdParty:1030 - CMSIS Pack Vendor :STMicroelectronics X-CUBE-TOUCHGFX 4.26.0
2026-04-21 16:13:10,774 [INFO] ThirdParty:1030 - CMSIS Pack Vendor :STMicroelectronics X-CUBE-TOUCHGFX 4.26.1
2026-04-21 16:13:10,774 [INFO] ThirdParty:1030 - CMSIS Pack Vendor :STMicroelectronics X-CUBE-NFC6 3.2.0
2026-04-21 16:13:10,774 [INFO] ThirdParty:1030 - CMSIS Pack Vendor :STMicroelectronics FP-SNS-STBOX1 2.1.0
2026-04-21 16:13:10,774 [INFO] ThirdParty:1030 - CMSIS Pack Vendor :STMicroelectronics X-CUBE-AI 10.2.0
2026-04-21 16:13:10,774 [INFO] ThirdParty:1030 - CMSIS Pack Vendor :STMicroelectronics FP-SNS-STAIOTCFT 1.0.0
2026-04-21 16:13:10,774 [INFO] ThirdParty:1030 - CMSIS Pack Vendor :STMicroelectronics ThreadX 1.0.0
2026-04-21 16:13:10,774 [INFO] ThirdParty:1030 - CMSIS Pack Vendor :STMicroelectronics FP-SNS-SMARTAG2 1.2.0
2026-04-21 16:13:10,774 [INFO] ThirdParty:1030 - CMSIS Pack Vendor :STMicroelectronics FP-SNS-FLIGHT1 5.1.0
2026-04-21 16:13:10,774 [INFO] ThirdParty:1030 - CMSIS Pack Vendor :STMicroelectronics X-CUBE-AZRTOS-WL 2.0.0
2026-04-21 16:13:10,774 [INFO] ThirdParty:1030 - CMSIS Pack Vendor :SEGGER I-CUBE-embOS 1.3.1
2026-04-21 16:13:10,775 [INFO] ThirdParty:1030 - CMSIS Pack Vendor :STMicroelectronics X-CUBE-ALGOBUILD 1.4.0
2026-04-21 16:13:10,775 [INFO] ThirdParty:1030 - CMSIS Pack Vendor :STMicroelectronics X-CUBE-DPower 1.3.0
2026-04-21 16:13:10,775 [INFO] ThirdParty:1030 - CMSIS Pack Vendor :STMicroelectronics USB_DEVICE 1.0.0
2026-04-21 16:13:10,775 [INFO] ThirdParty:1030 - CMSIS Pack Vendor :STMicroelectronics X-CUBE-AZRTOS-H7RS 1.2.0
2026-04-21 16:13:10,775 [INFO] ThirdParty:1030 - CMSIS Pack Vendor :STMicroelectronics X-CUBE-AZRTOS-L4 2.0.0
2026-04-21 16:13:10,775 [INFO] ThirdParty:1030 - CMSIS Pack Vendor :STMicroelectronics ThreadX 0.0.2
2026-04-21 16:13:10,775 [INFO] ThirdParty:1030 - CMSIS Pack Vendor :STMicroelectronics lwIP 2.1.2
2026-04-21 16:13:10,775 [INFO] ThirdParty:1030 - CMSIS Pack Vendor :STMicroelectronics X-CUBE-SFXS2LP1 4.0.0
2026-04-21 16:13:10,775 [INFO] ThirdParty:1030 - CMSIS Pack Vendor :STMicroelectronics X-CUBE-BLE2 3.3.0
2026-04-21 16:13:10,775 [INFO] ThirdParty:1030 - CMSIS Pack Vendor :Avnet-IOTCONNECT X-CUBE-iotc-st67-sdk 1.0.0
2026-04-21 16:13:10,776 [INFO] ThirdParty:1030 - CMSIS Pack Vendor :STMicroelectronics X-CUBE-TOF1 3.4.3
2026-04-21 16:13:10,776 [INFO] ThirdParty:1030 - CMSIS Pack Vendor :Infineon AIROC-Wi-Fi-Bluetooth-STM32 1.8.0
2026-04-21 16:13:10,776 [INFO] ThirdParty:1030 - CMSIS Pack Vendor :STMicroelectronics PDM2PCM 3.2.0
2026-04-21 16:13:10,776 [INFO] ThirdParty:1030 - CMSIS Pack Vendor :STMicroelectronics X-CUBE-WB05N 2.1.0
2026-04-21 16:13:10,776 [INFO] ThirdParty:1030 - CMSIS Pack Vendor :STMicroelectronics X-CUBE-ST67W61 1.2.0
2026-04-21 16:13:10,776 [INFO] ThirdParty:841 - exiting critical section [change project]
2026-04-21 16:13:11,302 [INFO] PinOutPanel:1589 - setPackage(No Configuration,No Configuration)
2026-04-21 16:13:11,305 [INFO] PinOutPanel:1589 - setPackage(STM32F103C6Tx,LQFP48)
2026-04-21 16:13:12,256 [INFO] UtilMem:75 - Before build in PCC Used Memory: 657719872 Bytes (1073741824)
2026-04-21 16:13:13,686 [INFO] UtilMem:75 - After build in PCC Used Memory: 728508704 Bytes (1073741824)
2026-04-21 16:13:13,734 [INFO] IPUIPlugin:80 - create IPUIPlugin
2026-04-21 16:13:13,734 [INFO] IPUIPlugin:80 - create IPUIPlugin
2026-04-21 16:13:13,735 [INFO] IPUIPlugin:80 - create IPUIPlugin
2026-04-21 16:13:13,735 [INFO] IPUIPlugin:80 - create IPUIPlugin
2026-04-21 16:13:13,735 [INFO] IPUIPlugin:80 - create IPUIPlugin
2026-04-21 16:13:13,735 [INFO] IPUIPlugin:80 - create IPUIPlugin
2026-04-21 16:13:13,735 [INFO] IPUIPlugin:80 - create IPUIPlugin
2026-04-21 16:13:13,736 [INFO] IPUIPlugin:80 - create IPUIPlugin
2026-04-21 16:13:13,736 [INFO] IPUIPlugin:80 - create IPUIPlugin
2026-04-21 16:13:13,737 [INFO] IPUIPlugin:80 - create IPUIPlugin
2026-04-21 16:13:13,738 [INFO] IPUIPlugin:80 - create IPUIPlugin
2026-04-21 16:13:13,738 [INFO] IPUIPlugin:80 - create IPUIPlugin
2026-04-21 16:13:13,739 [INFO] IPUIPlugin:80 - create IPUIPlugin
2026-04-21 16:13:13,739 [INFO] IPUIPlugin:80 - create IPUIPlugin
2026-04-21 16:13:13,740 [INFO] IPUIPlugin:80 - create IPUIPlugin
2026-04-21 16:13:13,740 [INFO] IPUIPlugin:80 - create IPUIPlugin
2026-04-21 16:13:13,740 [INFO] IPUIPlugin:80 - create IPUIPlugin
2026-04-21 16:13:13,742 [INFO] IPUIPlugin:80 - create IPUIPlugin
2026-04-21 16:13:13,742 [INFO] IPUIPlugin:80 - create IPUIPlugin
2026-04-21 16:13:13,743 [INFO] IPUIPlugin:80 - create IPUIPlugin
2026-04-21 16:13:13,743 [INFO] IPUIPlugin:80 - create IPUIPlugin
2026-04-21 16:13:13,743 [INFO] IPUIPlugin:80 - create IPUIPlugin
2026-04-21 16:13:13,744 [INFO] IPUIPlugin:80 - create IPUIPlugin
2026-04-21 16:13:14,114 [INFO] CADModel:165 - CPN selected for project levelSTM32F103C6T6A
2026-04-21 16:13:14,114 [INFO] CADModel:114 - Register for checkConnection events
2026-04-21 16:13:14,174 [INFO] OpenFileManager:386 - Restore cursor
2026-04-21 16:14:45,862 [INFO] Gpio:278 - dependency for GPIO [ADC1, RCC, SYS, USART1]
2026-04-21 16:15:14,789 [INFO] Gpio:278 - dependency for GPIO [ADC1, RCC, SYS, USART1]
2026-04-21 16:15:14,871 [INFO] ADCParametersView:116 -                Rank 1 : false
2026-04-21 16:15:14,871 [INFO] ADCParametersView:116 -                Rank 1 : false
2026-04-21 16:15:14,872 [INFO] ADCParametersView:116 -                Rank 2 : false
2026-04-21 16:15:14,872 [INFO] ADCParametersView:116 -                Rank 1 : false
2026-04-21 16:15:14,872 [INFO] ADCParametersView:116 -                Rank 2 : false
2026-04-21 16:15:14,873 [INFO] ADCParametersView:116 -                Rank 3 : false
2026-04-21 16:15:14,988 [INFO] ADCParametersView:116 -                Rank 1 : false
2026-04-21 16:15:14,988 [INFO] ADCParametersView:116 -                Rank 2 : false
2026-04-21 16:15:14,988 [INFO] ADCParametersView:116 -                Rank 3 : false
2026-04-21 16:15:14,988 [INFO] ADCParametersView:116 -                Rank 1 : false
2026-04-21 16:15:14,990 [INFO] ADCParametersView:116 -                Rank 2 : false
2026-04-21 16:15:14,990 [INFO] ADCParametersView:116 -                Rank 3 : false
2026-04-21 16:15:14,990 [INFO] ADCParametersView:116 -                Rank 1 : false
2026-04-21 16:15:14,990 [INFO] ADCParametersView:116 -                Rank 2 : false
2026-04-21 16:15:14,990 [INFO] ADCParametersView:116 -                Rank 3 : false
2026-04-21 16:15:14,991 [INFO] ADCParametersView:116 -                Rank 1 : false
2026-04-21 16:15:14,991 [INFO] ADCParametersView:116 -                Rank 2 : false
2026-04-21 16:15:14,991 [INFO] ADCParametersView:116 -                Rank 3 : false
2026-04-21 16:15:14,991 [INFO] ADCParametersView:116 -                Rank 1 : false
2026-04-21 16:15:14,992 [INFO] ADCParametersView:116 -                Rank 2 : false
2026-04-21 16:15:14,992 [INFO] ADCParametersView:116 -                Rank 3 : false
2026-04-21 16:15:14,992 [INFO] ADCParametersView:116 -                Rank 1 : false
2026-04-21 16:15:14,992 [INFO] ADCParametersView:116 -                Rank 2 : false
2026-04-21 16:15:14,993 [INFO] ADCParametersView:116 -                Rank 3 : false
2026-04-21 16:15:14,993 [INFO] ADCParametersView:116 -                Rank 1 : false
2026-04-21 16:15:14,993 [INFO] ADCParametersView:116 -                Rank 2 : false
2026-04-21 16:15:14,994 [INFO] ADCParametersView:116 -                Rank 3 : false
2026-04-21 16:15:14,994 [INFO] ADCParametersView:116 -                Rank 1 : false
2026-04-21 16:15:14,995 [INFO] ADCParametersView:116 -                Rank 2 : false
2026-04-21 16:15:14,995 [INFO] ADCParametersView:116 -                Rank 3 : false
2026-04-21 16:15:14,995 [INFO] ADCParametersView:116 -                Rank 1 : false
2026-04-21 16:15:14,995 [INFO] ADCParametersView:116 -                Rank 2 : false
2026-04-21 16:15:14,995 [INFO] ADCParametersView:116 -                Rank 3 : false
2026-04-21 16:15:14,996 [INFO] ADCParametersView:116 -                Rank 1 : false
2026-04-21 16:15:14,996 [INFO] ADCParametersView:116 -                Rank 2 : false
2026-04-21 16:15:14,996 [INFO] ADCParametersView:116 -                Rank 3 : false
2026-04-21 16:15:14,997 [INFO] ADCParametersView:116 -                Rank 2 : false
2026-04-21 16:15:14,997 [INFO] ADCParametersView:116 -                Rank 3 : false
2026-04-21 16:15:14,997 [INFO] ADCParametersView:116 -                Rank 3 : false
2026-04-21 16:15:15,018 [INFO] ADCParametersView:116 -                Rank 1 : false
2026-04-21 16:15:15,018 [INFO] ADCParametersView:116 -                Rank 1 : false
2026-04-21 16:15:15,019 [INFO] ADCParametersView:116 -                Rank 2 : false
2026-04-21 16:15:15,019 [INFO] ADCParametersView:116 -                Rank 1 : false
2026-04-21 16:15:15,019 [INFO] ADCParametersView:116 -                Rank 2 : false
2026-04-21 16:15:15,020 [INFO] ADCParametersView:116 -                Rank 3 : false
2026-04-21 16:18:29,919 [INFO] ADCParametersView:116 -                Rank 1 : false
2026-04-21 16:18:29,920 [INFO] ADCParametersView:116 -                Rank 2 : false
2026-04-21 16:18:29,920 [INFO] ADCParametersView:116 -                Rank 3 : false
2026-04-21 16:18:29,921 [INFO] ADCParametersView:116 -                Rank 1 : false
2026-04-21 16:18:29,922 [INFO] ADCParametersView:116 -                Rank 2 : false
2026-04-21 16:18:29,922 [INFO] ADCParametersView:116 -                Rank 3 : false
2026-04-21 16:18:29,923 [INFO] ADCParametersView:116 -                Rank 1 : false
2026-04-21 16:18:29,923 [INFO] ADCParametersView:116 -                Rank 2 : false
2026-04-21 16:18:29,924 [INFO] ADCParametersView:116 -                Rank 3 : false
2026-04-21 16:18:29,924 [INFO] ADCParametersView:116 -                Rank 1 : false
2026-04-21 16:18:29,925 [INFO] ADCParametersView:116 -                Rank 2 : false
2026-04-21 16:18:29,925 [INFO] ADCParametersView:116 -                Rank 3 : false
2026-04-21 16:18:29,926 [INFO] ADCParametersView:116 -                Rank 1 : false
2026-04-21 16:18:29,926 [INFO] ADCParametersView:116 -                Rank 2 : false
2026-04-21 16:18:29,927 [INFO] ADCParametersView:116 -                Rank 3 : false
2026-04-21 16:18:29,927 [INFO] ADCParametersView:116 -                Rank 1 : false
2026-04-21 16:18:29,927 [INFO] ADCParametersView:116 -                Rank 2 : false
2026-04-21 16:18:29,928 [INFO] ADCParametersView:116 -                Rank 3 : false
2026-04-21 16:18:29,928 [INFO] ADCParametersView:116 -                Rank 1 : false
2026-04-21 16:18:29,929 [INFO] ADCParametersView:116 -                Rank 2 : false
2026-04-21 16:18:29,929 [INFO] ADCParametersView:116 -                Rank 3 : false
2026-04-21 16:18:29,929 [INFO] ADCParametersView:116 -                Rank 1 : false
2026-04-21 16:18:29,930 [INFO] ADCParametersView:116 -                Rank 2 : false
2026-04-21 16:18:29,931 [INFO] ADCParametersView:116 -                Rank 3 : false
2026-04-21 16:18:29,931 [INFO] ADCParametersView:116 -                Rank 1 : false
2026-04-21 16:18:29,932 [INFO] ADCParametersView:116 -                Rank 2 : false
2026-04-21 16:18:29,933 [INFO] ADCParametersView:116 -                Rank 3 : false
2026-04-21 16:18:29,934 [INFO] ADCParametersView:116 -                Rank 1 : false
2026-04-21 16:18:29,934 [INFO] ADCParametersView:116 -                Rank 2 : false
2026-04-21 16:18:29,934 [INFO] ADCParametersView:116 -                Rank 3 : false
2026-04-21 16:18:29,935 [INFO] ADCParametersView:116 -                Rank 2 : false
2026-04-21 16:18:29,935 [INFO] ADCParametersView:116 -                Rank 3 : false
2026-04-21 16:18:29,935 [INFO] ADCParametersView:116 -                Rank 3 : false
2026-04-21 16:18:29,976 [INFO] ADCParametersView:116 -                Rank 1 : false
2026-04-21 16:18:29,979 [INFO] ADCParametersView:116 -                Rank 1 : false
2026-04-21 16:18:29,979 [INFO] ADCParametersView:116 -                Rank 2 : false
2026-04-21 16:18:29,981 [INFO] ADCParametersView:116 -                Rank 1 : false
2026-04-21 16:18:29,981 [INFO] ADCParametersView:116 -                Rank 2 : false
2026-04-21 16:18:29,982 [INFO] ADCParametersView:116 -                Rank 3 : false
2026-04-21 16:18:30,105 [INFO] ADCParametersView:116 -                Rank 1 : false
2026-04-21 16:18:30,105 [INFO] ADCParametersView:116 -                Rank 2 : false
2026-04-21 16:18:30,106 [INFO] ADCParametersView:116 -                Rank 3 : false
2026-04-21 16:18:30,106 [INFO] ADCParametersView:116 -                Rank 1 : false
2026-04-21 16:18:30,107 [INFO] ADCParametersView:116 -                Rank 2 : false
2026-04-21 16:18:30,107 [INFO] ADCParametersView:116 -                Rank 3 : false
2026-04-21 16:18:30,107 [INFO] ADCParametersView:116 -                Rank 1 : false
2026-04-21 16:18:30,109 [INFO] ADCParametersView:116 -                Rank 2 : false
2026-04-21 16:18:30,109 [INFO] ADCParametersView:116 -                Rank 3 : false
2026-04-21 16:18:30,109 [INFO] ADCParametersView:116 -                Rank 1 : false
2026-04-21 16:18:30,109 [INFO] ADCParametersView:116 -                Rank 2 : false
2026-04-21 16:18:30,110 [INFO] ADCParametersView:116 -                Rank 3 : false
2026-04-21 16:18:30,110 [INFO] ADCParametersView:116 -                Rank 1 : false
2026-04-21 16:18:30,111 [INFO] ADCParametersView:116 -                Rank 2 : false
2026-04-21 16:18:30,111 [INFO] ADCParametersView:116 -                Rank 3 : false
2026-04-21 16:18:30,111 [INFO] ADCParametersView:116 -                Rank 1 : false
2026-04-21 16:18:30,113 [INFO] ADCParametersView:116 -                Rank 2 : false
2026-04-21 16:18:30,113 [INFO] ADCParametersView:116 -                Rank 3 : false
2026-04-21 16:18:30,113 [INFO] ADCParametersView:116 -                Rank 1 : false
2026-04-21 16:18:30,114 [INFO] ADCParametersView:116 -                Rank 2 : false
2026-04-21 16:18:30,114 [INFO] ADCParametersView:116 -                Rank 3 : false
2026-04-21 16:18:30,115 [INFO] ADCParametersView:116 -                Rank 1 : false
2026-04-21 16:18:30,115 [INFO] ADCParametersView:116 -                Rank 2 : false
2026-04-21 16:18:30,115 [INFO] ADCParametersView:116 -                Rank 3 : false
2026-04-21 16:18:30,116 [INFO] ADCParametersView:116 -                Rank 1 : false
2026-04-21 16:18:30,117 [INFO] ADCParametersView:116 -                Rank 2 : false
2026-04-21 16:18:30,117 [INFO] ADCParametersView:116 -                Rank 3 : false
2026-04-21 16:18:30,118 [INFO] ADCParametersView:116 -                Rank 1 : false
2026-04-21 16:18:30,118 [INFO] ADCParametersView:116 -                Rank 2 : false
2026-04-21 16:18:30,118 [INFO] ADCParametersView:116 -                Rank 3 : false
2026-04-21 16:18:30,118 [INFO] ADCParametersView:116 -                Rank 2 : false
2026-04-21 16:18:30,120 [INFO] ADCParametersView:116 -                Rank 3 : false
2026-04-21 16:18:30,120 [INFO] ADCParametersView:116 -                Rank 3 : false
2026-04-21 16:18:30,160 [INFO] ADCParametersView:116 -                Rank 1 : false
2026-04-21 16:18:30,161 [INFO] ADCParametersView:116 -                Rank 1 : false
2026-04-21 16:18:30,161 [INFO] ADCParametersView:116 -                Rank 2 : false
2026-04-21 16:18:30,162 [INFO] ADCParametersView:116 -                Rank 1 : false
2026-04-21 16:18:30,163 [INFO] ADCParametersView:116 -                Rank 2 : false
2026-04-21 16:18:30,163 [INFO] ADCParametersView:116 -                Rank 3 : false
2026-04-21 16:19:35,173 [INFO] RtosManager:1018 - Current active RTOS is FREERTOS [Cortex-M3NS]
2026-04-21 16:19:35,808 [INFO] ApiDbMcu:532 - Load IP Config File for FREERTOS
2026-04-21 16:19:36,412 [ERROR] RtosPanel:558 - Can not restore the selected Tab for FREERTOS(A reason can be that the tab is no more available.)
2026-04-21 16:19:36,597 [ERROR] RtosPanel:558 - Can not restore the selected Tab for FREERTOS(A reason can be that the tab is no more available.)
2026-04-21 16:22:22,682 [ERROR] LogOutputStream:75 - [STDERR_REDIRECT] 
2026-04-21 20:15:17,105 [INFO] Activator:176 - 


2026-04-21 20:15:17,107 [INFO] Activator:177 - !SESSION log4j initialized
2026-04-21 20:15:20,620 [INFO] LogOutputStream:77 - [STDOUT_REDIRECT] 
2026-04-21 20:15:23,202 [INFO] ApplicationProperties:184 - Using Application install path: C:\ST\STM32CubeIDE_1.19.0\STM32CubeIDE\plugins\com.st.stm32cube.common.mx_6.15.0.202507011659
2026-04-21 20:15:23,219 [INFO] DbMcusXml:78 - Set database path to: C:\ST\STM32CubeIDE_1.19.0\STM32CubeIDE\plugins\com.st.stm32cube.common.mx_6.15.0.202507011659\\db\/mcu/
2026-04-21 20:15:23,219 [INFO] ApiDb:274 - Set plugin database path to: C:\ST\STM32CubeIDE_1.19.0\STM32CubeIDE\plugins\com.st.stm32cube.common.mx_6.15.0.202507011659\\db\/plugins/boardmanager/
2026-04-21 20:15:23,219 [WARN] ApiDb:259 - Overriding images path with different value:  => C:\ST\STM32CubeIDE_1.19.0\STM32CubeIDE\plugins\com.st.stm32cube.common.mx_6.15.0.202507011659\\db\/plugins/mcufinder/images/
2026-04-21 20:15:23,231 [INFO] ApiDb:250 - Set database path to: C:\Users\User\.stmcufinder\plugins\mcufinder//mcu/
2026-04-21 20:15:23,232 [INFO] DbMcusAds:125 - Set database path to: C:\Users\User\.stmcufinder\plugins\mcufinder//mcu/
2026-04-21 20:15:23,234 [INFO] CrossReferenceDbSqlite:203 - Set database path to: C:\Users\User\.stmcufinder\plugins\mcufinder//mcu/cs/
2026-04-21 20:15:23,364 [INFO] RulesReader:64 - Compatibility file has been processed (317 Rules)
2026-04-21 20:15:23,477 [INFO] DbMcusXml:78 - Set database path to: C:\ST\STM32CubeIDE_1.19.0\STM32CubeIDE\plugins\com.st.stm32cube.common.mx_6.15.0.202507011659\\db\/mcu/
2026-04-21 20:15:23,477 [INFO] ApiDb:274 - Set plugin database path to: C:\ST\STM32CubeIDE_1.19.0\STM32CubeIDE\plugins\com.st.stm32cube.common.mx_6.15.0.202507011659\\db\/plugins/boardmanager/
2026-04-21 20:15:23,477 [INFO] ApiDb:261 - Set plugin images path to: C:\ST\STM32CubeIDE_1.19.0\STM32CubeIDE\plugins\com.st.stm32cube.common.mx_6.15.0.202507011659\\db\/plugins/mcufinder/images/
2026-04-21 20:15:23,477 [WARN] DbFile:41 - Overriding database path with different value: C:\Users\User\.stmcufinder\plugins\mcufinder/ => C:\Users\User\.stmcufinder\plugins\mcufinder
2026-04-21 20:15:23,477 [INFO] ApiDb:250 - Set database path to: C:\Users\User\.stmcufinder\plugins\mcufinder//mcu/
2026-04-21 20:15:23,477 [WARN] DbFile:41 - Overriding database path with different value: C:\Users\User\.stmcufinder\plugins\mcufinder/ => C:\Users\User\.stmcufinder\plugins\mcufinder
2026-04-21 20:15:23,477 [INFO] DbMcusAds:125 - Set database path to: C:\Users\User\.stmcufinder\plugins\mcufinder//mcu/
2026-04-21 20:15:23,477 [WARN] DbFile:41 - Overriding database path with different value: C:\Users\User\.stmcufinder\plugins\mcufinder/ => C:\Users\User\.stmcufinder\plugins\mcufinder
2026-04-21 20:15:23,478 [WARN] DbFile:41 - Overriding database path with different value: C:\Users\User\.stmcufinder\plugins\mcufinder/ => C:\Users\User\.stmcufinder\plugins\mcufinder
2026-04-21 20:15:23,478 [INFO] CrossReferenceDbSqlite:203 - Set database path to: C:\Users\User\.stmcufinder\plugins\mcufinder//mcu/cs/
2026-04-21 20:15:23,602 [INFO] MainPanel:274 - HeapMemory: 268435456
2026-04-21 20:15:23,720 [INFO] DbMcusXml:78 - Set database path to: C:\ST\STM32CubeIDE_1.19.0\STM32CubeIDE\plugins\com.st.stm32cube.common.mx_6.15.0.202507011659\\db\/mcu/
2026-04-21 20:15:23,720 [INFO] ApiDb:274 - Set plugin database path to: C:\ST\STM32CubeIDE_1.19.0\STM32CubeIDE\plugins\com.st.stm32cube.common.mx_6.15.0.202507011659\\db\/plugins/boardmanager/
2026-04-21 20:15:23,720 [INFO] ApiDb:261 - Set plugin images path to: C:\ST\STM32CubeIDE_1.19.0\STM32CubeIDE\plugins\com.st.stm32cube.common.mx_6.15.0.202507011659\\db\/plugins/mcufinder/images/
2026-04-21 20:15:23,721 [WARN] DbFile:41 - Overriding database path with different value: C:\Users\User\.stmcufinder\plugins\mcufinder/ => C:\Users\User\.stmcufinder\plugins\mcufinder
2026-04-21 20:15:23,721 [INFO] ApiDb:250 - Set database path to: C:\Users\User\.stmcufinder\plugins\mcufinder//mcu/
2026-04-21 20:15:23,721 [WARN] DbFile:41 - Overriding database path with different value: C:\Users\User\.stmcufinder\plugins\mcufinder/ => C:\Users\User\.stmcufinder\plugins\mcufinder
2026-04-21 20:15:23,721 [INFO] DbMcusAds:125 - Set database path to: C:\Users\User\.stmcufinder\plugins\mcufinder//mcu/
2026-04-21 20:15:23,721 [WARN] DbFile:41 - Overriding database path with different value: C:\Users\User\.stmcufinder\plugins\mcufinder/ => C:\Users\User\.stmcufinder\plugins\mcufinder
2026-04-21 20:15:23,721 [WARN] DbFile:41 - Overriding database path with different value: C:\Users\User\.stmcufinder\plugins\mcufinder/ => C:\Users\User\.stmcufinder\plugins\mcufinder
2026-04-21 20:15:23,721 [INFO] CrossReferenceDbSqlite:203 - Set database path to: C:\Users\User\.stmcufinder\plugins\mcufinder//mcu/cs/
2026-04-21 20:15:23,744 [INFO] ApplicationProperties:184 - Using Application install path: C:\ST\STM32CubeIDE_1.19.0\STM32CubeIDE\plugins\com.st.stm32cube.common.mx_6.15.0.202507011659
2026-04-21 20:15:23,745 [INFO] PluginManage:196 - Search for loadable plugins [exclusion list=, ]
2026-04-21 20:15:23,747 [INFO] PluginManage:310 - Check plugin analytics
2026-04-21 20:15:23,973 [INFO] AnalyticsPlugin:253 - Accepted Software Licenses: STM32CubeMX.6.16.1,STM32CubeMX.6.17.0
2026-04-21 20:15:23,973 [INFO] AnalyticsPlugin:255 - Accepted CMSIS Pack Licenses: 
2026-04-21 20:15:23,974 [INFO] AnalyticsPlugin:257 - Accepted Firmware Licenses: FW.C0.1.1.0
2026-04-21 20:15:23,979 [INFO] PluginManage:359 - Loaded plugin analytics (category:tool,tabindex:-1)
2026-04-21 20:15:23,979 [INFO] PluginManage:310 - Check plugin cadmodel
2026-04-21 20:15:23,986 [INFO] CADModel:105 - Init CAD model plugin
2026-04-21 20:15:23,986 [INFO] PluginManage:359 - Loaded plugin cadmodel (category:power,tabindex:5)
2026-04-21 20:15:23,986 [INFO] PluginManage:310 - Check plugin clock
2026-04-21 20:15:24,008 [INFO] PluginManage:359 - Loaded plugin clock (category:base,tabindex:2)
2026-04-21 20:15:24,008 [INFO] PluginManage:310 - Check plugin ddr
2026-04-21 20:15:24,012 [INFO] PluginManage:359 - Loaded plugin ddr (category:tool,tabindex:6)
2026-04-21 20:15:24,013 [INFO] PluginManage:310 - Check plugin filemanager
2026-04-21 20:15:24,331 [INFO] PluginManage:359 - Loaded plugin filemanager (category:base,tabindex:10)
2026-04-21 20:15:24,332 [INFO] PluginManage:310 - Check plugin ipmanager
2026-04-21 20:15:24,341 [INFO] PluginManage:359 - Loaded plugin ipmanager (category:base,tabindex:5)
2026-04-21 20:15:24,341 [INFO] PluginManage:310 - Check plugin lpbam
2026-04-21 20:15:24,358 [INFO] PluginManage:359 - Loaded plugin lpbam (category:base,tabindex:0)
2026-04-21 20:15:24,358 [INFO] PluginManage:310 - Check plugin memorymap
2026-04-21 20:15:24,384 [INFO] PluginManage:359 - Loaded plugin memorymap (category:base,tabindex:4)
2026-04-21 20:15:24,384 [INFO] PluginManage:310 - Check plugin pinoutandconfiguration
2026-04-21 20:15:24,395 [INFO] PluginManage:359 - Loaded plugin pinoutandconfiguration (category:base,tabindex:1)
2026-04-21 20:15:24,395 [INFO] PluginManage:310 - Check plugin pinoutconfig
2026-04-21 20:15:24,518 [WARN] SupportedApi:132 - Cannot load RTOS API schema: s4s-elt-must-match.1: The content of 'definitions' must match (annotation?, (simpleType | complexType)?, (unique | key | keyref)*)). A problem was found starting at: attribute.
2026-04-21 20:15:24,651 [INFO] PluginManage:359 - Loaded plugin pinoutconfig (category:base,tabindex:0)
2026-04-21 20:15:24,651 [INFO] PluginManage:310 - Check plugin power
2026-04-21 20:15:24,660 [INFO] PluginManage:359 - Loaded plugin power (category:power,tabindex:4)
2026-04-21 20:15:24,660 [INFO] PluginManage:310 - Check plugin projectmanager
2026-04-21 20:15:24,679 [INFO] PluginManage:359 - Loaded plugin projectmanager (category:projectmanager,tabindex:4)
2026-04-21 20:15:24,679 [INFO] PluginManage:310 - Check plugin rif
2026-04-21 20:15:24,690 [INFO] PluginManage:359 - Loaded plugin rif (category:base,tabindex:3)
2026-04-21 20:15:24,690 [INFO] PluginManage:310 - Check plugin thirdparty
2026-04-21 20:15:24,822 [INFO] PluginManage:359 - Loaded plugin thirdparty (category:base,tabindex:-1)
2026-04-21 20:15:24,822 [WARN] IntegrityCheckThread:84 - waiting for thirdparty lock release [integrity check]
2026-04-21 20:15:24,822 [INFO] PluginManage:310 - Check plugin tools
2026-04-21 20:15:24,822 [INFO] IntegrityCheckThread:86 - entering critical section [integrity check]
2026-04-21 20:15:24,823 [INFO] ThirdPartyUpdaterWithRetryManager:70 - Updater plugin not ready yet. [1/15]
2026-04-21 20:15:24,826 [INFO] PluginManage:359 - Loaded plugin tools (category:base,tabindex:7)
2026-04-21 20:15:24,826 [INFO] PluginManage:310 - Check plugin tutovideos
2026-04-21 20:15:25,030 [INFO] PluginManage:359 - Loaded plugin tutovideos (category:base,tabindex:-1)
2026-04-21 20:15:25,030 [INFO] PluginManage:310 - Check plugin updater
2026-04-21 20:15:25,053 [INFO] PluginManage:359 - Loaded plugin updater (category:base,tabindex:12)
2026-04-21 20:15:25,054 [INFO] PluginManage:310 - Check plugin userauth
2026-04-21 20:15:25,058 [INFO] UserAuth:118 - Init User Auth plugin
2026-04-21 20:15:25,059 [INFO] PluginManage:359 - Loaded plugin userauth (category:base,tabindex:14)
2026-04-21 20:15:25,059 [INFO] PluginManage:283 - PluginManage : Loaded plugins [18]
2026-04-21 20:15:25,307 [INFO] PinOutPanel:1589 - setPackage(No Configuration,No Configuration)
2026-04-21 20:15:25,430 [INFO] CADModel:165 - CPN selected for project level
2026-04-21 20:15:25,430 [INFO] CADModel:114 - Register for checkConnection events
2026-04-21 20:15:25,448 [INFO] IPUIPlugin:80 - create IPUIPlugin
2026-04-21 20:15:25,448 [INFO] PluginManager:220 - loadIPPluginJar : add adc
2026-04-21 20:15:25,450 [INFO] IPUIPlugin:80 - create IPUIPlugin
2026-04-21 20:15:25,452 [INFO] PluginManager:220 - loadIPPluginJar : add aes
2026-04-21 20:15:25,454 [INFO] IPUIPlugin:80 - create IPUIPlugin
2026-04-21 20:15:25,454 [INFO] PluginManager:220 - loadIPPluginJar : add can
2026-04-21 20:15:25,456 [INFO] IPUIPlugin:80 - create IPUIPlugin
2026-04-21 20:15:25,456 [INFO] PluginManager:220 - loadIPPluginJar : add comp
2026-04-21 20:15:25,459 [INFO] IPUIPlugin:80 - create IPUIPlugin
2026-04-21 20:15:25,459 [INFO] PluginManager:220 - loadIPPluginJar : add cryp
2026-04-21 20:15:25,463 [INFO] IPUIPlugin:80 - create IPUIPlugin
2026-04-21 20:15:25,464 [INFO] PluginManager:220 - loadIPPluginJar : add ddr_ctrl_phy
2026-04-21 20:15:25,466 [INFO] IPUIPlugin:80 - create IPUIPlugin
2026-04-21 20:15:25,466 [INFO] PluginManager:220 - loadIPPluginJar : add dfsdm
2026-04-21 20:15:25,471 [INFO] IPUIPlugin:80 - create IPUIPlugin
2026-04-21 20:15:25,471 [INFO] PluginManager:220 - loadIPPluginJar : add dma
2026-04-21 20:15:25,474 [INFO] IPUIPlugin:80 - create IPUIPlugin
2026-04-21 20:15:25,474 [INFO] PluginManager:220 - loadIPPluginJar : add dma3
2026-04-21 20:15:25,478 [INFO] IPUIPlugin:80 - create IPUIPlugin
2026-04-21 20:15:25,478 [INFO] PluginManager:220 - loadIPPluginJar : add extmemmanager
2026-04-21 20:15:25,480 [INFO] IPUIPlugin:80 - create IPUIPlugin
2026-04-21 20:15:25,480 [INFO] PluginManager:220 - loadIPPluginJar : add fatfs
2026-04-21 20:15:25,485 [INFO] IPUIPlugin:80 - create IPUIPlugin
2026-04-21 20:15:25,485 [INFO] PluginManager:220 - loadIPPluginJar : add fmc
2026-04-21 20:15:25,489 [INFO] IPUIPlugin:80 - create IPUIPlugin
2026-04-21 20:15:25,491 [INFO] PluginManager:220 - loadIPPluginJar : add freertos
2026-04-21 20:15:25,492 [INFO] IPUIPlugin:80 - create IPUIPlugin
2026-04-21 20:15:25,493 [INFO] PluginManager:220 - loadIPPluginJar : add genericplugin
2026-04-21 20:15:25,495 [INFO] IPUIPlugin:80 - create IPUIPlugin
2026-04-21 20:15:25,495 [INFO] PluginManager:220 - loadIPPluginJar : add gfxmmu
2026-04-21 20:15:25,500 [INFO] IPUIPlugin:80 - create IPUIPlugin
2026-04-21 20:15:25,500 [INFO] PluginManager:220 - loadIPPluginJar : add gic
2026-04-21 20:15:25,504 [INFO] IPUIPlugin:80 - create IPUIPlugin
2026-04-21 20:15:25,505 [INFO] PluginManager:220 - loadIPPluginJar : add gpio
2026-04-21 20:15:25,508 [INFO] IPUIPlugin:80 - create IPUIPlugin
2026-04-21 20:15:25,508 [INFO] PluginManager:220 - loadIPPluginJar : add gtzc
2026-04-21 20:15:25,511 [INFO] IPUIPlugin:80 - create IPUIPlugin
2026-04-21 20:15:25,511 [INFO] PluginManager:220 - loadIPPluginJar : add hash
2026-04-21 20:15:25,514 [INFO] IPUIPlugin:80 - create IPUIPlugin
2026-04-21 20:15:25,514 [INFO] PluginManager:220 - loadIPPluginJar : add i2c
2026-04-21 20:15:25,518 [INFO] IPUIPlugin:80 - create IPUIPlugin
2026-04-21 20:15:25,518 [INFO] PluginManager:220 - loadIPPluginJar : add i2s
2026-04-21 20:15:25,521 [INFO] IPUIPlugin:80 - create IPUIPlugin
2026-04-21 20:15:25,521 [INFO] PluginManager:220 - loadIPPluginJar : add i3c
2026-04-21 20:15:25,526 [INFO] IPUIPlugin:80 - create IPUIPlugin
2026-04-21 20:15:25,526 [INFO] PluginManager:220 - loadIPPluginJar : add ipddr
2026-04-21 20:15:25,533 [INFO] IPUIPlugin:80 - create IPUIPlugin
2026-04-21 20:15:25,533 [INFO] PluginManager:220 - loadIPPluginJar : add linkedlist
2026-04-21 20:15:25,536 [INFO] IPUIPlugin:80 - create IPUIPlugin
2026-04-21 20:15:25,536 [INFO] PluginManager:220 - loadIPPluginJar : add lorawan
2026-04-21 20:15:25,537 [INFO] IPUIPlugin:80 - create IPUIPlugin
2026-04-21 20:15:25,537 [INFO] PluginManager:220 - loadIPPluginJar : add ltdc
2026-04-21 20:15:25,544 [INFO] IPUIPlugin:80 - create IPUIPlugin
2026-04-21 20:15:25,544 [INFO] PluginManager:220 - loadIPPluginJar : add mdma
2026-04-21 20:15:25,547 [INFO] IPUIPlugin:80 - create IPUIPlugin
2026-04-21 20:15:25,547 [INFO] PluginManager:220 - loadIPPluginJar : add nvic
2026-04-21 20:15:25,550 [INFO] IPUIPlugin:80 - create IPUIPlugin
2026-04-21 20:15:25,550 [INFO] PluginManager:220 - loadIPPluginJar : add opamp
2026-04-21 20:15:25,553 [INFO] IPUIPlugin:80 - create IPUIPlugin
2026-04-21 20:15:25,553 [INFO] PluginManager:220 - loadIPPluginJar : add openamp
2026-04-21 20:15:25,557 [INFO] IPUIPlugin:80 - create IPUIPlugin
2026-04-21 20:15:25,557 [INFO] PluginManager:220 - loadIPPluginJar : add pdm2pcm
2026-04-21 20:15:25,567 [INFO] IPUIPlugin:80 - create IPUIPlugin
2026-04-21 20:15:25,569 [INFO] PluginManager:220 - loadIPPluginJar : add plateformsettings
2026-04-21 20:15:25,570 [INFO] IPUIPlugin:80 - create IPUIPlugin
2026-04-21 20:15:25,570 [INFO] PluginManager:220 - loadIPPluginJar : add quadspi
2026-04-21 20:15:25,573 [INFO] IPUIPlugin:80 - create IPUIPlugin
2026-04-21 20:15:25,574 [INFO] PluginManager:220 - loadIPPluginJar : add radio
2026-04-21 20:15:25,577 [INFO] IPUIPlugin:80 - create IPUIPlugin
2026-04-21 20:15:25,577 [INFO] PluginManager:220 - loadIPPluginJar : add resmgrutility
2026-04-21 20:15:25,580 [INFO] IPUIPlugin:80 - create IPUIPlugin
2026-04-21 20:15:25,582 [INFO] PluginManager:220 - loadIPPluginJar : add sai
2026-04-21 20:15:25,584 [INFO] IPUIPlugin:80 - create IPUIPlugin
2026-04-21 20:15:25,584 [INFO] PluginManager:220 - loadIPPluginJar : add spi
2026-04-21 20:15:25,590 [INFO] IPUIPlugin:80 - create IPUIPlugin
2026-04-21 20:15:25,590 [INFO] PluginManager:220 - loadIPPluginJar : add stm32_wpan
2026-04-21 20:15:25,592 [INFO] IPUIPlugin:80 - create IPUIPlugin
2026-04-21 20:15:25,592 [INFO] PluginManager:220 - loadIPPluginJar : add tim
2026-04-21 20:15:25,595 [INFO] IPUIPlugin:80 - create IPUIPlugin
2026-04-21 20:15:25,596 [INFO] PluginManager:220 - loadIPPluginJar : add touchsensing
2026-04-21 20:15:25,598 [INFO] IPUIPlugin:80 - create IPUIPlugin
2026-04-21 20:15:25,598 [INFO] PluginManager:220 - loadIPPluginJar : add tracer_emb
2026-04-21 20:15:25,600 [INFO] IPUIPlugin:80 - create IPUIPlugin
2026-04-21 20:15:25,600 [INFO] PluginManager:220 - loadIPPluginJar : add ts
2026-04-21 20:15:25,603 [INFO] IPUIPlugin:80 - create IPUIPlugin
2026-04-21 20:15:25,604 [INFO] PluginManager:220 - loadIPPluginJar : add tsc
2026-04-21 20:15:25,606 [INFO] IPUIPlugin:80 - create IPUIPlugin
2026-04-21 20:15:25,606 [INFO] PluginManager:220 - loadIPPluginJar : add ucpd
2026-04-21 20:15:25,610 [INFO] IPUIPlugin:80 - create IPUIPlugin
2026-04-21 20:15:25,610 [INFO] PluginManager:220 - loadIPPluginJar : add usart
2026-04-21 20:15:25,613 [INFO] IPUIPlugin:80 - create IPUIPlugin
2026-04-21 20:15:25,613 [INFO] PluginManager:220 - loadIPPluginJar : add usbx
2026-04-21 20:15:25,750 [FATAL] Updater:351 - Updater called before beeing initialized
2026-04-21 20:15:25,779 [INFO] RulesReader:64 - Compatibility file has been processed (317 Rules)
2026-04-21 20:15:25,790 [INFO] RulesReader:64 - Compatibility file has been processed (317 Rules)
2026-04-21 20:15:25,799 [INFO] CADModel:165 - CPN selected for project level
2026-04-21 20:15:25,799 [INFO] CADModel:114 - Register for checkConnection events
2026-04-21 20:15:25,799 [FATAL] Updater:351 - Updater called before beeing initialized
2026-04-21 20:15:25,799 [ERROR] CADModel:125 - Updater not yet initialized, retry later 
2026-04-21 20:15:25,960 [FATAL] Updater:351 - Updater called before beeing initialized
2026-04-21 20:15:25,963 [INFO] CADModel:165 - CPN selected for project level
2026-04-21 20:15:25,963 [INFO] CADModel:114 - Register for checkConnection events
2026-04-21 20:15:25,963 [FATAL] Updater:351 - Updater called before beeing initialized
2026-04-21 20:15:25,963 [ERROR] CADModel:125 - Updater not yet initialized, retry later 
2026-04-21 20:15:25,966 [FATAL] Updater:351 - Updater called before beeing initialized
2026-04-21 20:15:26,114 [FATAL] Updater:351 - Updater called before beeing initialized
2026-04-21 20:15:26,119 [INFO] DbMcusAds:53 - JSON generation date=Fri Apr 10 06:19:02 BRT 2026 (1775812742261)
2026-04-21 20:15:26,119 [FATAL] Updater:351 - Updater called before beeing initialized
2026-04-21 20:15:26,166 [WARN] DetailPanel:346 - Failed to get advertising image, set to default
2026-04-21 20:15:26,264 [FATAL] Updater:351 - Updater called before beeing initialized
2026-04-21 20:15:26,266 [FATAL] Updater:351 - Updater called before beeing initialized
2026-04-21 20:15:26,267 [FATAL] Updater:351 - Updater called before beeing initialized
2026-04-21 20:15:26,267 [WARN] DetailPanel:346 - Failed to get advertising image, set to default
2026-04-21 20:15:26,268 [FATAL] Updater:351 - Updater called before beeing initialized
2026-04-21 20:15:26,323 [ERROR] Updater:1198 - MainUpdater not yet initialized. External WinMGr cannot be set.
2026-04-21 20:15:26,326 [INFO] Updater:1134 - Updater Version found : 6.15.0
2026-04-21 20:15:26,344 [INFO] ApplicationProperties:184 - Using Application install path: C:\ST\STM32CubeIDE_1.19.0\STM32CubeIDE\plugins\com.st.stm32cube.common.mx_6.15.0.202507011659
2026-04-21 20:15:26,644 [INFO] MainUpdater:2872 - connection check result : 10
2026-04-21 20:15:26,645 [INFO] MainUpdater:289 - Updater Check For Update Now.
2026-04-21 20:15:26,645 [INFO] MicroXplorer:498 - Change Database Version : DB.6.0.150
2026-04-21 20:15:26,651 [INFO] McuFinderGlobals:63 - Set McuFinder mode to 2 (CubeIDE integrated)
2026-04-21 20:15:26,652 [INFO] UserAuth:487 - Internet connection configuration mode: 1
2026-04-21 20:15:26,685 [INFO] JxBrowserEngine:152 - Initiate JxBrowser Engine with user profile folder
2026-04-21 20:15:26,857 [INFO] CheckServerUpdateThread:120 - End of CheckServer Thread
2026-04-21 20:15:28,077 [INFO] WebApp:169 - Instantiating new browser for Auth
2026-04-21 20:15:28,788 [WARN] PackLoader:240 - Cannot read IP mode file for STMicroelectronics.X-CUBE-AZRTOS-H7.3.5.0
2026-04-21 20:15:28,804 [WARN] PackLoader:240 - Cannot read IP mode file for STMicroelectronics.FP-SNS-MOTENVWB1.1.4.0
2026-04-21 20:15:28,812 [WARN] PackLoader:240 - Cannot read IP mode file for STMicroelectronics.FP-ATR-ASTRA1.2.0.2
2026-04-21 20:15:28,829 [WARN] PackLoader:240 - Cannot read IP mode file for STMicroelectronics.X-CUBE-SMBUS.2.1.0
2026-04-21 20:15:28,863 [WARN] PackLoader:240 - Cannot read IP mode file for STMicroelectronics.X-CUBE-AZRTOS-F7.1.1.0
2026-04-21 20:15:28,874 [WARN] PackLoader:240 - Cannot read IP mode file for STMicroelectronics.FP-SNS-MOTENV1.5.1.0
2026-04-21 20:15:28,890 [WARN] PackLoader:240 - Cannot read IP mode file for WES.I-CUBE-Cesium.1.4.0
2026-04-21 20:15:28,923 [WARN] PackLoader:240 - Cannot read IP mode file for STMicroelectronics.X-CUBE-AZRTOS-H7.3.4.0
2026-04-21 20:15:28,938 [WARN] PackLoader:240 - Cannot read IP mode file for STMicroelectronics.X-CUBE-DISPLAY.3.0.0
2026-04-21 20:15:28,949 [WARN] PackLoader:240 - Cannot read IP mode file for STMicroelectronics.FP-SNS-MOTENVWB1.1.5.0
2026-04-21 20:15:28,958 [WARN] PackLoader:240 - Cannot read IP mode file for STMicroelectronics.X-CUBE-NFC10.1.0.0
2026-04-21 20:15:28,970 [WARN] PackLoader:240 - Cannot read IP mode file for STMicroelectronics.X-CUBE-ST60.1.1.0
2026-04-21 20:15:28,977 [WARN] PackLoader:240 - Cannot read IP mode file for emotas.I-CUBE-CANOPEN.1.3.0
2026-04-21 20:15:28,987 [WARN] PackLoader:240 - Cannot read IP mode file for STMicroelectronics.X-CUBE-GNSS1.7.1.0
2026-04-21 20:15:28,999 [WARN] PackLoader:240 - Cannot read IP mode file for STMicroelectronics.FP-SNS-STBOX1.2.1.0
2026-04-21 20:15:29,008 [WARN] PackLoader:240 - Cannot read IP mode file for STMicroelectronics.FP-SNS-SMARTAG2.1.2.0
2026-04-21 20:15:29,014 [WARN] PackLoader:240 - Cannot read IP mode file for STMicroelectronics.FP-SNS-FLIGHT1.5.1.0
2026-04-21 20:15:29,026 [INFO] LogOutputStream:77 - [STDOUT_REDIRECT] 1 : Invalid condition id : UX_CORESTACK_Condition cause : null
2026-04-21 20:15:29,027 [INFO] LogOutputStream:77 - [STDOUT_REDIRECT] 1 : Invalid condition id : UX_CORESTACK_Condition cause : null
2026-04-21 20:15:29,029 [INFO] LogOutputStream:77 - [STDOUT_REDIRECT] 1 : Invalid condition id : UX_CORESTACK_Condition cause : null
2026-04-21 20:15:29,031 [INFO] LogOutputStream:77 - [STDOUT_REDIRECT] 1 : Invalid condition id : UX_CORESTACK_Condition cause : null
2026-04-21 20:15:29,032 [INFO] LogOutputStream:77 - [STDOUT_REDIRECT] 1 : Invalid condition id : UX_CORESTACK_Condition cause : null
2026-04-21 20:15:29,038 [WARN] PackLoader:240 - Cannot read IP mode file for STMicroelectronics.X-CUBE-AZRTOS-WL.2.0.0
2026-04-21 20:15:29,072 [WARN] PackLoader:240 - Cannot read IP mode file for STMicroelectronics.X-CUBE-AZRTOS-H7RS.1.2.0
2026-04-21 20:15:29,097 [WARN] PackLoader:240 - Cannot read IP mode file for STMicroelectronics.X-CUBE-BLE2.3.3.0
2026-04-21 20:15:29,145 [WARN] PackLoader:240 - Cannot read IP mode file for Infineon.AIROC-Wi-Fi-Bluetooth-STM32.1.8.0
2026-04-21 20:15:29,165 [WARN] PackLoader:240 - Cannot read IP mode file for STMicroelectronics.X-CUBE-NFC9.1.0.0
2026-04-21 20:15:29,184 [WARN] PackLoader:240 - Cannot read IP mode file for STMicroelectronics.X-CUBE-BLE1.7.1.0
2026-04-21 20:15:29,192 [WARN] PackLoader:240 - Cannot read IP mode file for wolfSSL.I-CUBE-wolfMQTT.1.19.2
2026-04-21 20:15:29,203 [WARN] PackLoader:240 - Cannot read IP mode file for STMicroelectronics.X-CUBE-FREERTOS.1.4.0
2026-04-21 20:15:29,214 [WARN] PackLoader:240 - Cannot read IP mode file for STMicroelectronics.X-CUBE-EEPRMA1.5.2.0
2026-04-21 20:15:29,224 [WARN] PackLoader:240 - Cannot read IP mode file for wolfSSL.I-CUBE-wolfSSL.5.8.4
2026-04-21 20:15:29,232 [WARN] PackLoader:240 - Cannot read IP mode file for Cesanta.I-CUBE-Mongoose.7.20.0
2026-04-21 20:15:29,295 [WARN] PackLoader:240 - Cannot read IP mode file for STMicroelectronics.X-CUBE-MEMS1.12.0.0
2026-04-21 20:15:29,440 [WARN] PackLoader:240 - Cannot read IP mode file for STMicroelectronics.X-CUBE-AZRTOS-G0.1.1.0
2026-04-21 20:15:29,456 [WARN] PackLoader:240 - Cannot read IP mode file for STMicroelectronics.X-CUBE-NFC4.3.0.0
2026-04-21 20:15:29,477 [WARN] PackLoader:240 - Cannot read IP mode file for EmbeddedOffice.I-CUBE-FS-RTOS.1.0.1
2026-04-21 20:15:29,490 [WARN] PackLoader:240 - Cannot read IP mode file for STMicroelectronics.X-CUBE-WB05N.2.0.0
2026-04-21 20:15:29,498 [WARN] PackLoader:240 - Cannot read IP mode file for wolfSSL.I-CUBE-wolfTPM.3.8.0
2026-04-21 20:15:29,508 [WARN] PackLoader:240 - Cannot read IP mode file for STMicroelectronics.X-CUBE-TCPP.4.2.0
2026-04-21 20:15:29,521 [WARN] PackLoader:240 - Cannot read IP mode file for RealThread.X-CUBE-RT-Thread_Nano.4.1.1
2026-04-21 20:15:29,531 [WARN] PackLoader:240 - Cannot read IP mode file for STMicroelectronics.FP-ATR-SIGFOX1.3.2.0
2026-04-21 20:15:29,570 [WARN] PackLoader:240 - Cannot read IP mode file for STMicroelectronics.X-CUBE-FREERTOS.1.5.0
2026-04-21 20:15:29,596 [WARN] PackLoader:240 - Cannot read IP mode file for ITTIA_DB.I-CUBE-ITTIADB.8.9.0
2026-04-21 20:15:29,617 [WARN] PackLoader:240 - Cannot read IP mode file for STMicroelectronics.X-CUBE-NFC6.3.2.0
2026-04-21 20:15:29,633 [WARN] PackLoader:240 - Cannot read IP mode file for STMicroelectronics.X-CUBE-AI.10.2.0
2026-04-21 20:15:29,696 [WARN] PackLoader:240 - Cannot read IP mode file for SEGGER.I-CUBE-embOS.1.3.1
2026-04-21 20:15:29,775 [WARN] PackLoader:240 - Cannot read IP mode file for STMicroelectronics.X-CUBE-ALGOBUILD.1.4.0
2026-04-21 20:15:29,789 [WARN] PackLoader:240 - Cannot read IP mode file for STMicroelectronics.X-CUBE-PM33A1.1.0.0
2026-04-21 20:15:29,837 [WARN] PackLoader:240 - Cannot read IP mode file for STMicroelectronics.X-CUBE-AZRTOS-F4.1.1.0
2026-04-21 20:15:29,854 [WARN] PackLoader:240 - Cannot read IP mode file for STMicroelectronics.X-CUBE-ISPU.2.1.0
2026-04-21 20:15:29,902 [WARN] PackLoader:240 - Cannot read IP mode file for STMicroelectronics.X-CUBE-IPS.3.2.0
2026-04-21 20:15:29,920 [WARN] PackLoader:240 - Cannot read IP mode file for STMicroelectronics.eDS-WB_DPC_TT-BIDIR.2.1.1
2026-04-21 20:15:29,940 [WARN] PackLoader:240 - Cannot read IP mode file for STMicroelectronics.X-CUBE-NFC12.1.0.0
2026-04-21 20:15:29,953 [INFO] WebApp:463 - Apply proxy settings
2026-04-21 20:15:29,953 [INFO] WebApp:548 - Chromium requires no authentication
2026-04-21 20:15:29,969 [WARN] PackLoader:240 - Cannot read IP mode file for STMicroelectronics.X-CUBE-AZRTOS-L5.2.0.0
2026-04-21 20:15:30,002 [WARN] PackLoader:240 - Cannot read IP mode file for STMicroelectronics.eDS-WB_DPC_VIENNA.1.2.0
2026-04-21 20:15:30,016 [WARN] PackLoader:240 - Cannot read IP mode file for STMicroelectronics.eDS-WB_DPC_3PH2L-BIDIR.1.1.1
2026-04-21 20:15:30,028 [INFO] WebApp:491 - Direct internet connection detected
2026-04-21 20:15:30,036 [ERROR] Engine:466 - C:\Users\User\.stm32cubemx\thirdparties\pdsc\STMicroelectronics.X-CUBE-ST67W61.1.3.0.pdsc: PDSC version is not supported
2026-04-21 20:15:30,048 [WARN] PackLoader:240 - Cannot read IP mode file for STMicroelectronics.X-CUBE-TOUCHGFX.4.26.0
2026-04-21 20:15:30,057 [WARN] PackLoader:240 - Cannot read IP mode file for STMicroelectronics.X-CUBE-TOUCHGFX.4.26.1
2026-04-21 20:15:30,067 [WARN] PackLoader:240 - Cannot read IP mode file for STMicroelectronics.FP-SNS-STAIOTCFT.1.0.0
2026-04-21 20:15:30,086 [WARN] PackLoader:240 - Cannot read IP mode file for STMicroelectronics.X-CUBE-DPower.1.3.0
2026-04-21 20:15:30,129 [WARN] ConditionMgr:438 - getConditionDescription Invalid condition id : LAN8742 Phy interface Condition cause : null
2026-04-21 20:15:30,130 [WARN] PackLoader:240 - Cannot read IP mode file for STMicroelectronics.X-CUBE-AZRTOS-L4.2.0.0
2026-04-21 20:15:30,133 [WARN] ConditionMgr:1044 - genDependencies : Invalid condition id : LAN8742 Phy interface Condition cause : null
2026-04-21 20:15:30,133 [WARN] ConditionMgr:1044 - genDependencies : Invalid condition id : LAN8742 Phy interface Condition cause : null
2026-04-21 20:15:30,133 [WARN] ConditionMgr:1044 - genDependencies : Invalid condition id : LAN8742 Phy interface Condition cause : null
2026-04-21 20:15:30,148 [INFO] WebApp:900 - Register for checkConnection events
2026-04-21 20:15:30,150 [INFO] WebApp:463 - Apply proxy settings
2026-04-21 20:15:30,150 [INFO] WebApp:548 - Chromium requires no authentication
2026-04-21 20:15:30,151 [INFO] WebApp:491 - Direct internet connection detected
2026-04-21 20:15:30,156 [WARN] PackLoader:240 - Cannot read IP mode file for STMicroelectronics.X-CUBE-SFXS2LP1.4.0.0
2026-04-21 20:15:30,172 [WARN] PackLoader:240 - Cannot read IP mode file for STMicroelectronics.X-CUBE-WB05N.2.1.0
2026-04-21 20:15:30,200 [WARN] PackLoader:240 - Cannot read IP mode file for STMicroelectronics.X-CUBE-ST67W61.1.2.0
2026-04-21 20:15:30,235 [WARN] PackLoader:240 - Cannot read IP mode file for STMicroelectronics.X-CUBE-BLEMGR.4.1.0
2026-04-21 20:15:30,261 [WARN] ConditionMgr:438 - getConditionDescription Invalid condition id : UX DEVICE CLASS RTOS Condition cause : null
2026-04-21 20:15:30,261 [WARN] ConditionMgr:438 - getConditionDescription Invalid condition id : UX DEVICE CLASS RTOS Condition cause : null
2026-04-21 20:15:30,263 [WARN] PackLoader:240 - Cannot read IP mode file for STMicroelectronics.X-CUBE-AZRTOS-WB.2.0.0
2026-04-21 20:15:30,264 [WARN] ConditionMgr:1044 - genDependencies : Invalid condition id : UX DEVICE CLASS RTOS Condition cause : null
2026-04-21 20:15:30,264 [WARN] ConditionMgr:1044 - genDependencies : Invalid condition id : UX DEVICE CLASS RTOS Condition cause : null
2026-04-21 20:15:30,265 [WARN] ConditionMgr:1044 - genDependencies : Invalid condition id : UX DEVICE CLASS RTOS Condition cause : null
2026-04-21 20:15:30,265 [WARN] ConditionMgr:1044 - genDependencies : Invalid condition id : UX DEVICE CLASS RTOS Condition cause : null
2026-04-21 20:15:30,265 [WARN] ConditionMgr:1044 - genDependencies : Invalid condition id : UX DEVICE CLASS RTOS Condition cause : null
2026-04-21 20:15:30,282 [WARN] ConditionMgr:438 - getConditionDescription Invalid condition id : Cortex-A Device cause : null
2026-04-21 20:15:30,307 [WARN] ConditionMgr:1044 - genDependencies : Invalid condition id : Cortex-A Device cause : null
2026-04-21 20:15:30,307 [WARN] ConditionMgr:1044 - genDependencies : Invalid condition id : Cortex-A Device cause : null
2026-04-21 20:15:30,307 [WARN] ConditionMgr:1044 - genDependencies : Invalid condition id : Cortex-A Device cause : null
2026-04-21 20:15:30,316 [WARN] PackLoader:240 - Cannot read IP mode file for STMicroelectronics.X-CUBE-STSE01.2.0.0
2026-04-21 20:15:30,331 [WARN] PackLoader:240 - Cannot read IP mode file for STMicroelectronics.X-CUBE-SUBG2.5.0.0
2026-04-21 20:15:30,355 [WARN] PackLoader:240 - Cannot read IP mode file for STMicroelectronics.X-CUBE-AZRTOS-G4.2.0.0
2026-04-21 20:15:30,371 [WARN] PackLoader:240 - Cannot read IP mode file for wolfSSL.I-CUBE-wolfSSH.1.4.20
2026-04-21 20:15:30,388 [WARN] PackLoader:240 - Cannot read IP mode file for STMicroelectronics.X-CUBE-NFC7.2.0.0
2026-04-21 20:15:30,408 [WARN] PackLoader:240 - Cannot read IP mode file for STMicroelectronics.X-CUBE-ALS.1.0.2
2026-04-21 20:15:30,419 [INFO] WebApp:191 - Connection restablished
2026-04-21 20:15:30,440 [WARN] PackLoader:240 - Cannot read IP mode file for STMicroelectronics.X-CUBE-TOF1.3.4.3
2026-04-21 20:15:30,456 [INFO] ThirdParty:978 - Integrity check success = true
2026-04-21 20:15:30,456 [INFO] IntegrityCheckThread:100 - exiting critical section [integrity check]
2026-04-21 20:15:30,457 [INFO] IntegrityCheckThread:103 - End integrity checks thread
2026-04-21 20:15:30,767 [INFO] WebApp:225 - Starting web application
2026-04-21 20:15:30,768 [INFO] WebApp:593 - Web application path used C:\ST\STM32CubeIDE_1.19.0\STM32CubeIDE\plugins\com.st.stm32cube.common.mx_6.15.0.202507011659\db\plugins\mcufinder\reactClient1\index.html
2026-04-21 20:15:31,107 [INFO] UserAuth:487 - Internet connection configuration mode: 1
2026-04-21 20:24:53,185 [INFO] McuFinderGlobals:63 - Set McuFinder mode to 2 (CubeIDE integrated)
2026-04-21 20:24:53,192 [INFO] MainUpdater:2872 - connection check result : 10
2026-04-21 20:24:53,195 [INFO] McuFinderGlobals:76 - Set McuFinderConnectedMode to true
2026-04-21 20:24:53,425 [INFO] ServerAccessManage:452 - Complete download http(s) 200
2026-04-21 20:24:53,427 [INFO] ServerAccessManage:509 - Download File mcusAds.json._tmp_
2026-04-21 20:24:53,546 [INFO] LoadUrlFilesThread:156 - End of LoadUrlFiles Thread
2026-04-21 20:24:53,780 [INFO] ServerAccessManage:452 - Complete download http(s) 200
2026-04-21 20:24:53,781 [INFO] ServerAccessManage:509 - Download File cube-finder-db.zip
2026-04-21 20:24:55,503 [INFO] FileExtend:248 - Unzip File : cube-finder-db.zip
2026-04-21 20:24:55,504 [INFO] FileExtend:263 - Standard Zip Deflate
2026-04-21 20:24:56,458 [INFO] LoadUrlFilesThread:156 - End of LoadUrlFiles Thread
2026-04-21 20:24:57,836 [INFO] ServerAccessManage:452 - Complete download http(s) 200
2026-04-21 20:24:57,837 [INFO] ServerAccessManage:509 - Download File crdb.zip
2026-04-21 20:24:58,934 [INFO] FileExtend:248 - Unzip File : crdb.zip
2026-04-21 20:24:58,934 [INFO] FileExtend:263 - Standard Zip Deflate
2026-04-21 20:24:59,060 [INFO] LoadUrlFilesThread:156 - End of LoadUrlFiles Thread
2026-04-21 20:24:59,192 [INFO] ServerAccessManage:452 - Complete download http(s) 200
2026-04-21 20:24:59,192 [INFO] ServerAccessManage:509 - Download File tutoVideoDB.zip
2026-04-21 20:24:59,205 [INFO] FileExtend:248 - Unzip File : tutoVideoDB.zip
2026-04-21 20:24:59,206 [INFO] FileExtend:263 - Standard Zip Deflate
2026-04-21 20:24:59,318 [INFO] LoadUrlFilesThread:156 - End of LoadUrlFiles Thread
2026-04-21 20:24:59,322 [WARN] DbFile:41 - Overriding database path with different value: C:\Users\User\.stmcufinder\plugins\mcufinder/ => C:\Users\User\.stmcufinder\plugins\mcufinder
2026-04-21 20:24:59,450 [INFO] ServerAccessManage:452 - Complete download http(s) 200
2026-04-21 20:24:59,450 [INFO] ServerAccessManage:509 - Download File api_config.json
2026-04-21 20:24:59,560 [INFO] LoadUrlFilesThread:156 - End of LoadUrlFiles Thread
2026-04-21 20:24:59,563 [INFO] DbMcusAds:53 - JSON generation date=Fri Apr 10 06:19:02 BRT 2026 (1775812742261)
2026-04-21 20:24:59,605 [INFO] LoadUrlFilesThread:185 - End of LoadServerUrlFiles without Thread
2026-04-21 20:24:59,608 [INFO] TargetSelectorAdapter:259 - Refresh data is successful
2026-04-21 20:24:59,814 [INFO] ApiDb:581 - Connected to CubeFinder SQLite database (C:\Users\User\.stmcufinder\plugins\mcufinder\mcu\cube-finder-db.db)
2026-04-21 20:24:59,909 [INFO] ApiDb:668 - CubeFinder database Data Model version=2.1
2026-04-21 20:24:59,910 [INFO] ApiDb:669 - CubeFinder database Configuration version=3.0.42
2026-04-21 20:24:59,911 [INFO] ApiDb:670 - CubeFinder database generation date=2026-03-11 (1773229989)
2026-04-21 20:24:59,911 [INFO] ApiDb:671 - CubeFinder database FW Pack versions=[FP-ATR-ASTRA1_V2.0.0, FP-SNS-FLIGHT1_V5.1.0, FP-SNS-MOTENV1_V5.1.0, FP-SNS-MOTENVWB1_V1.5.0, FP-SNS-SMARTAG2_V1.2.0, FP-SNS-STBOX1_V2.1.0, STM32Cube_FW_C0_V1.4.0, STM32Cube_FW_F4_V1.28.3, STM32Cube_FW_F7_V1.17.4, STM32Cube_FW_G0_V1.6.3, STM32Cube_FW_G4_V1.6.2, STM32Cube_FW_H5_V1.6.0, STM32Cube_FW_H7RS_V1.3.0, STM32Cube_FW_H7_V1.13.0, STM32Cube_FW_L0_V1.12.2, STM32Cube_FW_L4_V1.18.2, STM32Cube_FW_L5_V1.6.0, STM32Cube_FW_N6_V1.3.0, STM32Cube_FW_U0_V1.3.0, STM32Cube_FW_U3_V1.3.0, STM32Cube_FW_U5_V1.8.0, STM32Cube_FW_WB0_V1.4.0, STM32Cube_FW_WBA_V1.9.0, STM32Cube_FW_WB_V1.24.0, STM32Cube_FW_WL3_V1.4.0, STM32Cube_FW_WL_V1.5.0, X-CUBE-ALGOBUILD_V1.4.0, X-CUBE-ALS_V1.0.2, X-CUBE-AZRTOS-F4_V1.1.0, X-CUBE-AZRTOS-F7_V1.1.0, X-CUBE-AZRTOS-G0_V1.1.0, X-CUBE-AZRTOS-G4_V2.0.0, X-CUBE-AZRTOS-H7RS_V1.1.0, X-CUBE-AZRTOS-H7_V3.4.0, X-CUBE-AZRTOS-L4_V2.0.0, X-CUBE-AZRTOS-L5_V2.0.0, X-CUBE-AZRTOS-WB_V2.0.0, X-CUBE-AZRTOS-WL_V2.0.0, X-CUBE-BLE1_V7.1.0, X-CUBE-BLE2_V3.3.0, X-CUBE-BLEMGR_V4.1.0, X-CUBE-EEPRMA1_V5.2.0, X-CUBE-FREERTOS_V1.5.0, X-CUBE-GNSS1_V6.0.0, X-CUBE-MEMS1_V12.0.0, X-CUBE-NFC4_V3.0.0, X-CUBE-NFC7_V2.0.0, X-CUBE-SFXS2LP1_V4.0.0, X-CUBE-ST67W61_V1.2.0, X-CUBE-SUBG2_V5.0.0, X-CUBE-TOF1_V3.4.3]
2026-04-21 20:25:02,702 [INFO] ApiDb:240 - Found 880 in-development CPN: [B-G473E-ZEST1S, B-WB1M-WPAN1, B-WBA5M-WPAN, B-WL5M-SUBG1, NUCLEO-C031C6, NUCLEO-C051C8, NUCLEO-C071RB, NUCLEO-C092RC, NUCLEO-H503RB, NUCLEO-H533RE, NUCLEO-H563ZI, NUCLEO-H7S3L8, NUCLEO-N657X0-Q, NUCLEO-U031R8, NUCLEO-U083RC, NUCLEO-U385RG-Q, NUCLEO-U545RE-Q, NUCLEO-U5A5ZJ-Q, NUCLEO-WB05KZ, NUCLEO-WB07CC, NUCLEO-WB09KE, NUCLEO-WBA52CG, NUCLEO-WBA55CG, NUCLEO-WL33CC1, NUCLEO-WL33CC2, STEVAL-PROTEUS1, STEVAL-SMARTAG2, STEVAL-STWINBX1, STM320518-EVAL, STM32C0116-DK, STM32C011D6Y3TR, STM32C011D6Y6TR, STM32C011F4P3, STM32C011F4P6, STM32C011F4U3, STM32C011F4U6TR, STM32C011F6P3, STM32C011F6P6, STM32C011F6U3, STM32C011F6U6TR, STM32C011J4M3, STM32C011J4M6, STM32C011J6M3, STM32C011J6M6, STM32C0316-DK, STM32C031C4T3, STM32C031C4T6, STM32C031C4U3, STM32C031C4U6, STM32C031C6T3, STM32C031C6T6, STM32C031C6U3, STM32C031C6U6, STM32C031F4P3, STM32C031F4P6, STM32C031F6P3, STM32C031F6P6, STM32C031G4U3, STM32C031G4U6, STM32C031G6U3, STM32C031G6U6, STM32C031K4T3, STM32C031K4T6, STM32C031K4U3, STM32C031K4U6, STM32C031K6T3, STM32C031K6T6, STM32C031K6U3, STM32C031K6U6, STM32C051C6T6, STM32C051C6U6, STM32C051C8T6, STM32C051C8U6, STM32C051D8Y6TR, STM32C051F6P6, STM32C051F8P6, STM32C051G6U6, STM32C051G8U6, STM32C051K6T6, STM32C051K6U6, STM32C051K8T6, STM32C071C8T6, STM32C071C8T6N, STM32C071C8U6, STM32C071C8U6N, STM32C071CBT6, STM32C071CBT6N, STM32C071CBU6, STM32C071CBU6N, STM32C071F8P6, STM32C071F8P6N, STM32C071FBP6, STM32C071FBP6N, STM32C071FBY6TR, STM32C071G8U6, STM32C071G8U6N, STM32C071GBU6, STM32C071GBU6N, STM32C071K8T6, STM32C071K8T6N, STM32C071K8U6, STM32C071K8U6N, STM32C071KBT6, STM32C071KBT6N, STM32C071KBU6, STM32C071KBU6N, STM32C071R8T6, STM32C071R8T6N, STM32C071RBI6N, STM32C071RBT6, STM32C071RBT6N, STM32C091CBT6, STM32C091CBU6, STM32C091CCT6, STM32C091CCU6, STM32C091ECY6TR, STM32C091FBP6, STM32C091FCP6, STM32C091GBU6, STM32C091GCU6, STM32C091KBT6, STM32C091KBU6, STM32C091KCT6, STM32C091KCU6, STM32C091RBT6, STM32C091RCI6, STM32C091RCT6, STM32C092CBT6, STM32C092CBU6, STM32C092CCT6, STM32C092CCU6, STM32C092ECY6TR, STM32C092FBP6, STM32C092FCP6, STM32C092GBU6, STM32C092GCU6, STM32C092KBT6, STM32C092KBU6, STM32C092KCT6, STM32C092KCU6, STM32C092RBT6, STM32C092RCI6, STM32C092RCT6, STM32G071K8TXN, STM32G071K8UXN, STM32G081GBU6N, STM32G081KBT6N, STM32G081KBUXN, STM32G0B1CCT6N, STM32G0B1KCT6, STM32G0B1NEY6TR, STM32G0B1RCT6N, STM32G0C1CCT6, STM32G0C1CCT6N, STM32G0C1CCU6N, STM32G0C1CET6N, STM32G0C1CEU6N, STM32G0C1KCT6, STM32G0C1NEY6TR, STM32G0C1RCI6N, STM32G0C1RCT6N, STM32G0C1REI6N, STM32G0C1RET6N, STM32G0C1VCI6, STM32G0C1VEI6, STM32G411C6T3, STM32G411C6T6, STM32G411C6U3, STM32G411C6U6, STM32G411C8T3, STM32G411C8T6, STM32G411C8U3, STM32G411C8U6, STM32G411CBT3, STM32G411CBT6, STM32G411CBU3, STM32G411CBU6, STM32G411K6T3, STM32G411K6T6, STM32G411K6U3, STM32G411K6U6, STM32G411K8T3, STM32G411K8T6, STM32G411K8U3, STM32G411K8U6, STM32G411KBT3, STM32G411KBT6, STM32G411KBU3, STM32G411KBU6, STM32G411M6T3, STM32G411M6T6, STM32G411M8T3, STM32G411M8T6, STM32G411MBT3, STM32G411MBT6, STM32G411R6T3, STM32G411R6T6, STM32G411R8T3, STM32G411R8T6, STM32G411RBT3, STM32G411RBT6, STM32G414CBT3, STM32G414CBT6, STM32G414CBU3, STM32G414CBU6, STM32G414CCT3, STM32G414CCT6, STM32G414CCU3, STM32G414CCU6, STM32G414MBT3, STM32G414MBT6, STM32G414MCT3, STM32G414MCT6, STM32G414RBT3, STM32G414RBT6, STM32G414RCT3, STM32G414RCT6, STM32G414VBT3, STM32G414VBT6, STM32G414VCT3, STM32G414VCT6, STM32G431CBT3Z, STM32G431RBT3Z, STM32G471CCT6, STM32G471CCU6, STM32G471CET3, STM32G471CET6, STM32G471CEU3, STM32G471CEU6, STM32G471MCT6, STM32G471MET3, STM32G471MET6, STM32G471MEY6TR, STM32G471QCT6, STM32G471QET3, STM32G471RCT6, STM32G471RET3, STM32G471RET6, STM32G471VCH6, STM32G471VCI6, STM32G471VCT6, STM32G471VEH3, STM32G471VEH6, STM32G471VEI3, STM32G471VEI6, STM32G471VET3, STM32G471VET6, STM32G473QET3Z, STM32G473RET3Z, STM32G474CCT6, STM32G491RET3Z, STM32H503CBT6, STM32H503CBU6, STM32H503EBY6TR, STM32H503KBU6, STM32H503RBT6, STM32H523CCT6, STM32H523CCU6, STM32H523CET6, STM32H523CEU6, STM32H523HEY6TR, STM32H523RCT6, STM32H523RET6, STM32H523VCI6, STM32H523VCT6, STM32H523VEI6, STM32H523VET6, STM32H523ZCJ6, STM32H523ZCT6, STM32H523ZEJ6, STM32H523ZET6, STM32H533CET6, STM32H533CEU6, STM32H533HEY6TR, STM32H533RET6, STM32H533VEI6, STM32H533VET6, STM32H533ZEJ6, STM32H533ZET6, STM32H562AGI6, STM32H562AII6, STM32H562IGK6, STM32H562IGT6, STM32H562IIK6, STM32H562IIT6, STM32H562RGT6, STM32H562RGV6, STM32H562RIT6, STM32H562RIV6, STM32H562VGT6, STM32H562VIT6, STM32H562ZGT6, STM32H562ZIT6, STM32H563AGI6, STM32H563AII3Q, STM32H563AII6, STM32H563IGK6, STM32H563IGT6, STM32H563IIK3Q, STM32H563IIK6, STM32H563IIT3Q, STM32H563IIT6, STM32H563MIY3QTR, STM32H563RGT6, STM32H563RGV6, STM32H563RIT6, STM32H563RIV6, STM32H563VGT6, STM32H563VIT3Q, STM32H563VIT6, STM32H563ZGT6, STM32H563ZIT3Q, STM32H563ZIT6, STM32H573AII3Q, STM32H573AII6, STM32H573I-DK, STM32H573IIK3Q, STM32H573IIK6, STM32H573IIT3Q, STM32H573IIT6, STM32H573MIY3QTR, STM32H573RIT6, STM32H573RIV6, STM32H573VIT3Q, STM32H573VIT6, STM32H573ZIT3Q, STM32H573ZIT6, STM32H7R3A8I6, STM32H7R3I8K6, STM32H7R3I8T6, STM32H7R3L8H6, STM32H7R3L8H6H, STM32H7R3R8V6, STM32H7R3V8H6, STM32H7R3V8T6, STM32H7R3V8Y6TR, STM32H7R3Z8J6, STM32H7R3Z8T6, STM32H7R7A8I6, STM32H7R7I8K6, STM32H7R7I8T6, STM32H7R7L8H6, STM32H7R7L8H6H, STM32H7R7Z8J6, STM32H7S3A8I6, STM32H7S3I8K6, STM32H7S3I8T6, STM32H7S3L8H6, STM32H7S3L8H6H, STM32H7S3R8V6, STM32H7S3V8H6, STM32H7S3V8T6, STM32H7S3V8Y6TR, STM32H7S3Z8J6, STM32H7S3Z8T6, STM32H7S78-DK, STM32H7S7A8I6, STM32H7S7I8K6, STM32H7S7I8T6, STM32H7S7L8H6, STM32H7S7L8H6H, STM32H7S7Z8J6, STM32L4R5QGI6STR, STM32MP131AAE3, STM32MP131AAF3, STM32MP131AAG3, STM32MP131CAE3, STM32MP131CAF3, STM32MP131CAG3, STM32MP131DAE7, STM32MP131DAF7, STM32MP131DAG7, STM32MP131FAE7, STM32MP131FAF7, STM32MP131FAG7, STM32MP133AAE3, STM32MP133AAF3, STM32MP133AAG3, STM32MP133CAE3, STM32MP133CAF3, STM32MP133CAG3, STM32MP133DAE7, STM32MP133DAF7, STM32MP133DAG7, STM32MP133FAE7, STM32MP133FAF7, STM32MP133FAG7, STM32MP135AAE3, STM32MP135AAF3, STM32MP135AAG3, STM32MP135CAE3, STM32MP135CAF3, STM32MP135CAG3, STM32MP135DAE7, STM32MP135DAF7, STM32MP135DAG7, STM32MP135F-DK, STM32MP135FAE7, STM32MP135FAF7, STM32MP135FAF7T, STM32MP135FAF7U, STM32MP135FAG7, STM32MP211AAL3, STM32MP211AAM3, STM32MP211AAN3, STM32MP211AAO3, STM32MP211CAL3, STM32MP211CAM3, STM32MP211CAN3, STM32MP211CAO3, STM32MP211DAL3, STM32MP211DAM3, STM32MP211DAN3, STM32MP211DAO3, STM32MP211FAL3, STM32MP211FAM3, STM32MP211FAN3, STM32MP211FAO3, STM32MP213AAL3, STM32MP213AAM3, STM32MP213AAN3, STM32MP213AAO3, STM32MP213CAL3, STM32MP213CAM3, STM32MP213CAN3, STM32MP213CAO3, STM32MP213DAL3, STM32MP213DAM3, STM32MP213DAN3, STM32MP213DAO3, STM32MP213FAL3, STM32MP213FAM3, STM32MP213FAN3, STM32MP213FAO3, STM32MP215AAL3, STM32MP215AAM3, STM32MP215AAN3, STM32MP215AAO3, STM32MP215CAL3, STM32MP215CAM3, STM32MP215CAN3, STM32MP215CAO3, STM32MP215DAL3, STM32MP215DAM3, STM32MP215DAN3, STM32MP215DAO3, STM32MP215F-DK, STM32MP215FAL3, STM32MP215FAM3, STM32MP215FAN3, STM32MP215FAO3, STM32MP231AAJ3, STM32MP231AAK3, STM32MP231AAL3, STM32MP231CAJ3, STM32MP231CAK3, STM32MP231CAL3, STM32MP231DAJ3, STM32MP231DAK3, STM32MP231DAL3, STM32MP231FAJ3, STM32MP231FAK3, STM32MP231FAL3, STM32MP233AAJ3, STM32MP233AAK3, STM32MP233AAL3, STM32MP233CAJ3, STM32MP233CAK3, STM32MP233CAL3, STM32MP233DAJ3, STM32MP233DAK3, STM32MP233DAL3, STM32MP233FAJ3, STM32MP233FAK3, STM32MP233FAL3, STM32MP235AAJ3, STM32MP235AAK3, STM32MP235AAL3, STM32MP235CAJ3, STM32MP235CAK3, STM32MP235CAL3, STM32MP235DAJ3, STM32MP235DAK3, STM32MP235DAL3, STM32MP235FAJ3, STM32MP235FAK3, STM32MP235FAL3, STM32MP251AAI3, STM32MP251AAK3, STM32MP251AAL3, STM32MP251CAI3, STM32MP251CAK3, STM32MP251CAL3, STM32MP251DAI3, STM32MP251DAK3, STM32MP251DAL3, STM32MP251FAI3, STM32MP251FAK3, STM32MP251FAL3, STM32MP253AAI3, STM32MP253AAK3, STM32MP253AAL3, STM32MP253CAI3, STM32MP253CAK3, STM32MP253CAL3, STM32MP253DAI3, STM32MP253DAK3, STM32MP253DAL3, STM32MP253FAI3, STM32MP253FAK3, STM32MP253FAL3, STM32MP255AAI3, STM32MP255AAK3, STM32MP255AAL3, STM32MP255CAI3, STM32MP255CAK3, STM32MP255CAL3, STM32MP255DAI3, STM32MP255DAK3, STM32MP255DAL3, STM32MP255FAI3, STM32MP255FAK3, STM32MP255FAL3, STM32MP257AAI3, STM32MP257AAK3, STM32MP257AAL3, STM32MP257CAI3, STM32MP257CAK3, STM32MP257CAL3, STM32MP257DAI3, STM32MP257DAK3, STM32MP257DAL3, STM32MP257F-DK, STM32MP257F-EV1, STM32MP257FAI3, STM32MP257FAK3, STM32MP257FAL3, STM32N645A0H3Q, STM32N645B0H3Q, STM32N645I0H3Q, STM32N645L0H3Q, STM32N645X0H3Q, STM32N645Z0H3Q, STM32N647A0H3Q, STM32N647B0H3Q, STM32N647I0H3Q, STM32N647L0H3Q, STM32N647X0H3Q, STM32N647Z0H3Q, STM32N655A0H3Q, STM32N655B0H3Q, STM32N655I0H3Q, STM32N655L0H3Q, STM32N655X0H3Q, STM32N655Z0H3Q, STM32N6570-DK, STM32N657A0H3Q, STM32N657B0H3Q, STM32N657I0H3Q, STM32N657L0H3Q, STM32N657X0H3Q, STM32N657Z0H3Q, STM32U031C6T6, STM32U031C6U6, STM32U031C8T6, STM32U031C8U6, STM32U031F4P6, STM32U031F6P6, STM32U031F8P6, STM32U031G6Y6TR, STM32U031G8Y6TR, STM32U031K4U6, STM32U031K6U6, STM32U031K8U6, STM32U031R6I6, STM32U031R6T6, STM32U031R8I6, STM32U031R8T6, STM32U073C8T6, STM32U073C8U6, STM32U073CBT6, STM32U073CBU6, STM32U073CCT6, STM32U073CCU6, STM32U073H8Y6TR, STM32U073HBY6TR, STM32U073HCY6TR, STM32U073K8U6, STM32U073KBU6, STM32U073KCU6, STM32U073M8I6, STM32U073M8T6, STM32U073MBI6, STM32U073MBT6, STM32U073MCI6, STM32U073MCT6, STM32U073R8I6, STM32U073R8T6, STM32U073RBI6, STM32U073RBT6, STM32U073RCI6, STM32U073RCT6, STM32U083C-DK, STM32U083CCT6, STM32U083CCU6, STM32U083HCY6TR, STM32U083KCU6, STM32U083MCI6, STM32U083MCT6, STM32U083RCI6, STM32U083RCT6, STM32U375CET6, STM32U375CET6Q, STM32U375CEU6, STM32U375CEU6Q, STM32U375CEY6QTR, STM32U375CGT6, STM32U375CGT6Q, STM32U375CGU6, STM32U375CGU6Q, STM32U375CGY6QTR, STM32U375KEU6, STM32U375KGU6, STM32U375REI6, STM32U375REI6Q, STM32U375RET6, STM32U375RET6Q, STM32U375REY6GTR, STM32U375REY6QTR, STM32U375RGI6, STM32U375RGI6Q, STM32U375RGT6, STM32U375RGT6Q, STM32U375RGY6GTR, STM32U375RGY6QTR, STM32U375VEI6, STM32U375VEI6Q, STM32U375VET6, STM32U375VET6Q, STM32U375VGI6, STM32U375VGI6Q, STM32U375VGT6, STM32U375VGT6Q, STM32U385CGT6, STM32U385CGT6Q, STM32U385CGU6, STM32U385CGU6Q, STM32U385CGY6QTR, STM32U385KGU6, STM32U385RGI6, STM32U385RGI6Q, STM32U385RGT6, STM32U385RGT6Q, STM32U385RGY6GTR, STM32U385RGY6QTR, STM32U385VGI6, STM32U385VGI6Q, STM32U385VGT6, STM32U385VGT6Q, STM32U535CBT6, STM32U535CBT6Q, STM32U535CBU6, STM32U535CBU6Q, STM32U535CCT6, STM32U535CCT6Q, STM32U535CCU6, STM32U535CCU6Q, STM32U535CET6, STM32U535CET6Q, STM32U535CEU6, STM32U535CEU6Q, STM32U535JEY6QTR, STM32U535NCY6QTR, STM32U535NEY6QTR, STM32U535RBI6, STM32U535RBI6Q, STM32U535RBT6, STM32U535RBT6Q, STM32U535RCI6, STM32U535RCI6Q, STM32U535RCT6, STM32U535RCT6Q, STM32U535REI6, STM32U535REI6Q, STM32U535RET6, STM32U535RET6Q, STM32U535VCI6, STM32U535VCI6Q, STM32U535VCT6, STM32U535VCT6Q, STM32U535VEI6, STM32U535VEI6Q, STM32U535VET6, STM32U535VET6Q, STM32U545CET6, STM32U545CET6Q, STM32U545CEU6, STM32U545CEU6Q, STM32U545JEY6QTR, STM32U545NEY6QTR, STM32U545REI6, STM32U545REI6Q, STM32U545RET6, STM32U545RET6Q, STM32U545VEI6, STM32U545VEI6Q, STM32U545VET6, STM32U545VET6Q, STM32U595AIH6, STM32U595AIH6Q, STM32U595AJH6, STM32U595AJH6Q, STM32U595QII6, STM32U595QII6Q, STM32U595QJI6, STM32U595QJI6Q, STM32U595RIT6, STM32U595RIT6Q, STM32U595RJT6, STM32U595RJT6Q, STM32U595VIT6, STM32U595VIT6Q, STM32U595VJT6, STM32U595VJT6Q, STM32U595ZIT6, STM32U595ZIT6Q, STM32U595ZIY6QTR, STM32U595ZJT6, STM32U595ZJT6Q, STM32U595ZJY6QTR, STM32U599BJY6QTR, STM32U599NIH6Q, STM32U599NJH6Q, STM32U599VIT6Q, STM32U599VJT6, STM32U599VJT6Q, STM32U599ZIT6Q, STM32U599ZIY6QTR, STM32U599ZJT6Q, STM32U599ZJY6QTR, STM32U5A5AJH6, STM32U5A5AJH6Q, STM32U5A5QII3Q , STM32U5A5QJI6, STM32U5A5QJI6Q, STM32U5A5RJT6, STM32U5A5RJT6Q, STM32U5A5VJT6, STM32U5A5VJT6Q, STM32U5A5ZJT6, STM32U5A5ZJT6Q, STM32U5A5ZJY6QTR, STM32U5A9BJY6QTR, STM32U5A9J-DK, STM32U5A9NJH6Q, STM32U5A9VJT6Q, STM32U5A9ZJT6Q, STM32U5A9ZJY6QTR, STM32U5F7VIT6, STM32U5F7VIT6Q, STM32U5F7VJT6, STM32U5F7VJT6Q, STM32U5F9BJY6QTR, STM32U5F9NJH6Q, STM32U5F9VIT6Q, STM32U5F9VJT6Q, STM32U5F9ZIJ6QTR, STM32U5F9ZIT6Q, STM32U5F9ZJJ6QTR, STM32U5F9ZJT6Q, STM32U5G7VJT6, STM32U5G7VJT6Q, STM32U5G9BJY6QTR, STM32U5G9J-DK1, STM32U5G9J-DK2, STM32U5G9NJH6Q, STM32U5G9VJT6Q, STM32U5G9ZJJ6QTR, STM32U5G9ZJT6Q, STM32WB05KZV6TR, STM32WB05KZV7TR, STM32WB05TZF6TR, STM32WB05TZF7TR, STM32WB06CCF6TR, STM32WB06CCF7TR, STM32WB06CCV6TR, STM32WB06CCV7TR, STM32WB06KCV6TR, STM32WB06KCV7TR, STM32WB07CCF6TR, STM32WB07CCF7TR, STM32WB07CCV6TR, STM32WB07CCV7TR, STM32WB07KCV6TR, STM32WB07KCV7TR, STM32WB09KEV6TR, STM32WB09KEV7TR, STM32WB09TEF6TR, STM32WB09TEF7TR, STM32WB1MMCH6, STM32WBA50KGU6, STM32WBA50KGU6TR, STM32WBA52CEU6, STM32WBA52CEU6TR, STM32WBA52CEU7, STM32WBA52CEU7TR, STM32WBA52CGU6, STM32WBA52CGU6TR, STM32WBA52CGU6U, STM32WBA52CGU7, STM32WBA52CGU7TR, STM32WBA52KEU6, STM32WBA52KEU6TR, STM32WBA52KGU6, STM32WBA52KGU6TR, STM32WBA54CEU6, STM32WBA54CEU6TR, STM32WBA54CEU7, STM32WBA54CEU7TR, STM32WBA54CGU6, STM32WBA54CGU6TR, STM32WBA54CGU7, STM32WBA54CGU7TR, STM32WBA54KEU6, STM32WBA54KEU6TR, STM32WBA54KEU7, STM32WBA54KEU7TR, STM32WBA54KGU6, STM32WBA54KGU6TR, STM32WBA54KGU7, STM32WBA54KGU7TR, STM32WBA55CEU6, STM32WBA55CEU6TR, STM32WBA55CEU7, STM32WBA55CEU7TR, STM32WBA55CGU6, STM32WBA55CGU6TR, STM32WBA55CGU6U, STM32WBA55CGU7, STM32WBA55CGU7TR, STM32WBA55G-DK1, STM32WBA55HEF6, STM32WBA55HEF7, STM32WBA55HGF6, STM32WBA55HGF7, STM32WBA55UEI6, STM32WBA55UEI6TR, STM32WBA55UEI7, STM32WBA55UEI7TR, STM32WBA55UGI6, STM32WBA55UGI6TR, STM32WBA55UGI7, STM32WBA55UGI7TR, STM32WBA5MMGH6TR, STM32WBA62MGF6, STM32WBA62MIF6, STM32WBA65MGF7, STM32WBA65MIF6, STM32WBA65MIF7, STM32WL30K8V6, STM32WL30KBV6, STM32WL31C8V6, STM32WL31CBV6, STM32WL31K8V6, STM32WL31KBV6, STM32WL33C8V6, STM32WL33C8V6X, STM32WL33CBV6, STM32WL33CBV6X, STM32WL33CCV6, STM32WL33CCV6A, STM32WL33CCV6X, STM32WL33K8V7, STM32WL33K8V7X, STM32WL33KBV7 , STM32WL33KBV7X, STM32WL33KCV7, STM32WL33KCV7X, STM32WL5MOCH6, STM32WL5MOCH6TR]
2026-04-21 20:25:02,711 [INFO] DbMcus:218 - Found 5055 MCUs, 4968 are supported
2026-04-21 20:25:02,715 [INFO] ApiDb:423 - Load user favorites file C:\Users\User/.stm32cubeide/favorites.mcus.txt: 2 item(s)
2026-04-21 20:25:02,715 [INFO] ApiDb:427 - User favorites MCUs=[STM32F103C6T6A, STM32F103C8T6]
2026-04-21 20:25:02,715 [INFO] DbMcus:224 - Set 2 / 2 favorites MCUs
2026-04-21 20:25:03,193 [INFO] ApiDb:668 - CubeFinder database Data Model version=2.1
2026-04-21 20:25:03,193 [INFO] ApiDb:669 - CubeFinder database Configuration version=3.0.42
2026-04-21 20:25:03,193 [INFO] ApiDb:670 - CubeFinder database generation date=2026-03-11 (1773229989)
2026-04-21 20:25:03,193 [INFO] ApiDb:671 - CubeFinder database FW Pack versions=[FP-ATR-ASTRA1_V2.0.0, FP-SNS-FLIGHT1_V5.1.0, FP-SNS-MOTENV1_V5.1.0, FP-SNS-MOTENVWB1_V1.5.0, FP-SNS-SMARTAG2_V1.2.0, FP-SNS-STBOX1_V2.1.0, STM32Cube_FW_C0_V1.4.0, STM32Cube_FW_F4_V1.28.3, STM32Cube_FW_F7_V1.17.4, STM32Cube_FW_G0_V1.6.3, STM32Cube_FW_G4_V1.6.2, STM32Cube_FW_H5_V1.6.0, STM32Cube_FW_H7RS_V1.3.0, STM32Cube_FW_H7_V1.13.0, STM32Cube_FW_L0_V1.12.2, STM32Cube_FW_L4_V1.18.2, STM32Cube_FW_L5_V1.6.0, STM32Cube_FW_N6_V1.3.0, STM32Cube_FW_U0_V1.3.0, STM32Cube_FW_U3_V1.3.0, STM32Cube_FW_U5_V1.8.0, STM32Cube_FW_WB0_V1.4.0, STM32Cube_FW_WBA_V1.9.0, STM32Cube_FW_WB_V1.24.0, STM32Cube_FW_WL3_V1.4.0, STM32Cube_FW_WL_V1.5.0, X-CUBE-ALGOBUILD_V1.4.0, X-CUBE-ALS_V1.0.2, X-CUBE-AZRTOS-F4_V1.1.0, X-CUBE-AZRTOS-F7_V1.1.0, X-CUBE-AZRTOS-G0_V1.1.0, X-CUBE-AZRTOS-G4_V2.0.0, X-CUBE-AZRTOS-H7RS_V1.1.0, X-CUBE-AZRTOS-H7_V3.4.0, X-CUBE-AZRTOS-L4_V2.0.0, X-CUBE-AZRTOS-L5_V2.0.0, X-CUBE-AZRTOS-WB_V2.0.0, X-CUBE-AZRTOS-WL_V2.0.0, X-CUBE-BLE1_V7.1.0, X-CUBE-BLE2_V3.3.0, X-CUBE-BLEMGR_V4.1.0, X-CUBE-EEPRMA1_V5.2.0, X-CUBE-FREERTOS_V1.5.0, X-CUBE-GNSS1_V6.0.0, X-CUBE-MEMS1_V12.0.0, X-CUBE-NFC4_V3.0.0, X-CUBE-NFC7_V2.0.0, X-CUBE-SFXS2LP1_V4.0.0, X-CUBE-ST67W61_V1.2.0, X-CUBE-SUBG2_V5.0.0, X-CUBE-TOF1_V3.4.3]
2026-04-21 20:25:03,251 [INFO] DbBoardsSqlite:226 - include board P-NUCLEO-WB55-NUCLEO as a kit item of type 'Nucleo-64'
2026-04-21 20:25:03,252 [INFO] DbBoardsSqlite:226 - include board P-NUCLEO-WB55-USBDONGLE as a kit item of type 'Nucleo USB Dongle'
2026-04-21 20:25:03,252 [INFO] DbBoardsSqlite:226 - include board STEVAL-IDP005V1 as a kit item of type 'Evaluation Board'
2026-04-21 20:25:03,253 [INFO] DbBoardsSqlite:226 - include board STEVAL-IDP005V2 as a kit item of type 'Evaluation Board'
2026-04-21 20:25:03,339 [INFO] ApiDb:240 - Found 880 in-development CPN: [B-G473E-ZEST1S, B-WB1M-WPAN1, B-WBA5M-WPAN, B-WL5M-SUBG1, NUCLEO-C031C6, NUCLEO-C051C8, NUCLEO-C071RB, NUCLEO-C092RC, NUCLEO-H503RB, NUCLEO-H533RE, NUCLEO-H563ZI, NUCLEO-H7S3L8, NUCLEO-N657X0-Q, NUCLEO-U031R8, NUCLEO-U083RC, NUCLEO-U385RG-Q, NUCLEO-U545RE-Q, NUCLEO-U5A5ZJ-Q, NUCLEO-WB05KZ, NUCLEO-WB07CC, NUCLEO-WB09KE, NUCLEO-WBA52CG, NUCLEO-WBA55CG, NUCLEO-WL33CC1, NUCLEO-WL33CC2, STEVAL-PROTEUS1, STEVAL-SMARTAG2, STEVAL-STWINBX1, STM320518-EVAL, STM32C0116-DK, STM32C011D6Y3TR, STM32C011D6Y6TR, STM32C011F4P3, STM32C011F4P6, STM32C011F4U3, STM32C011F4U6TR, STM32C011F6P3, STM32C011F6P6, STM32C011F6U3, STM32C011F6U6TR, STM32C011J4M3, STM32C011J4M6, STM32C011J6M3, STM32C011J6M6, STM32C0316-DK, STM32C031C4T3, STM32C031C4T6, STM32C031C4U3, STM32C031C4U6, STM32C031C6T3, STM32C031C6T6, STM32C031C6U3, STM32C031C6U6, STM32C031F4P3, STM32C031F4P6, STM32C031F6P3, STM32C031F6P6, STM32C031G4U3, STM32C031G4U6, STM32C031G6U3, STM32C031G6U6, STM32C031K4T3, STM32C031K4T6, STM32C031K4U3, STM32C031K4U6, STM32C031K6T3, STM32C031K6T6, STM32C031K6U3, STM32C031K6U6, STM32C051C6T6, STM32C051C6U6, STM32C051C8T6, STM32C051C8U6, STM32C051D8Y6TR, STM32C051F6P6, STM32C051F8P6, STM32C051G6U6, STM32C051G8U6, STM32C051K6T6, STM32C051K6U6, STM32C051K8T6, STM32C071C8T6, STM32C071C8T6N, STM32C071C8U6, STM32C071C8U6N, STM32C071CBT6, STM32C071CBT6N, STM32C071CBU6, STM32C071CBU6N, STM32C071F8P6, STM32C071F8P6N, STM32C071FBP6, STM32C071FBP6N, STM32C071FBY6TR, STM32C071G8U6, STM32C071G8U6N, STM32C071GBU6, STM32C071GBU6N, STM32C071K8T6, STM32C071K8T6N, STM32C071K8U6, STM32C071K8U6N, STM32C071KBT6, STM32C071KBT6N, STM32C071KBU6, STM32C071KBU6N, STM32C071R8T6, STM32C071R8T6N, STM32C071RBI6N, STM32C071RBT6, STM32C071RBT6N, STM32C091CBT6, STM32C091CBU6, STM32C091CCT6, STM32C091CCU6, STM32C091ECY6TR, STM32C091FBP6, STM32C091FCP6, STM32C091GBU6, STM32C091GCU6, STM32C091KBT6, STM32C091KBU6, STM32C091KCT6, STM32C091KCU6, STM32C091RBT6, STM32C091RCI6, STM32C091RCT6, STM32C092CBT6, STM32C092CBU6, STM32C092CCT6, STM32C092CCU6, STM32C092ECY6TR, STM32C092FBP6, STM32C092FCP6, STM32C092GBU6, STM32C092GCU6, STM32C092KBT6, STM32C092KBU6, STM32C092KCT6, STM32C092KCU6, STM32C092RBT6, STM32C092RCI6, STM32C092RCT6, STM32G071K8TXN, STM32G071K8UXN, STM32G081GBU6N, STM32G081KBT6N, STM32G081KBUXN, STM32G0B1CCT6N, STM32G0B1KCT6, STM32G0B1NEY6TR, STM32G0B1RCT6N, STM32G0C1CCT6, STM32G0C1CCT6N, STM32G0C1CCU6N, STM32G0C1CET6N, STM32G0C1CEU6N, STM32G0C1KCT6, STM32G0C1NEY6TR, STM32G0C1RCI6N, STM32G0C1RCT6N, STM32G0C1REI6N, STM32G0C1RET6N, STM32G0C1VCI6, STM32G0C1VEI6, STM32G411C6T3, STM32G411C6T6, STM32G411C6U3, STM32G411C6U6, STM32G411C8T3, STM32G411C8T6, STM32G411C8U3, STM32G411C8U6, STM32G411CBT3, STM32G411CBT6, STM32G411CBU3, STM32G411CBU6, STM32G411K6T3, STM32G411K6T6, STM32G411K6U3, STM32G411K6U6, STM32G411K8T3, STM32G411K8T6, STM32G411K8U3, STM32G411K8U6, STM32G411KBT3, STM32G411KBT6, STM32G411KBU3, STM32G411KBU6, STM32G411M6T3, STM32G411M6T6, STM32G411M8T3, STM32G411M8T6, STM32G411MBT3, STM32G411MBT6, STM32G411R6T3, STM32G411R6T6, STM32G411R8T3, STM32G411R8T6, STM32G411RBT3, STM32G411RBT6, STM32G414CBT3, STM32G414CBT6, STM32G414CBU3, STM32G414CBU6, STM32G414CCT3, STM32G414CCT6, STM32G414CCU3, STM32G414CCU6, STM32G414MBT3, STM32G414MBT6, STM32G414MCT3, STM32G414MCT6, STM32G414RBT3, STM32G414RBT6, STM32G414RCT3, STM32G414RCT6, STM32G414VBT3, STM32G414VBT6, STM32G414VCT3, STM32G414VCT6, STM32G431CBT3Z, STM32G431RBT3Z, STM32G471CCT6, STM32G471CCU6, STM32G471CET3, STM32G471CET6, STM32G471CEU3, STM32G471CEU6, STM32G471MCT6, STM32G471MET3, STM32G471MET6, STM32G471MEY6TR, STM32G471QCT6, STM32G471QET3, STM32G471RCT6, STM32G471RET3, STM32G471RET6, STM32G471VCH6, STM32G471VCI6, STM32G471VCT6, STM32G471VEH3, STM32G471VEH6, STM32G471VEI3, STM32G471VEI6, STM32G471VET3, STM32G471VET6, STM32G473QET3Z, STM32G473RET3Z, STM32G474CCT6, STM32G491RET3Z, STM32H503CBT6, STM32H503CBU6, STM32H503EBY6TR, STM32H503KBU6, STM32H503RBT6, STM32H523CCT6, STM32H523CCU6, STM32H523CET6, STM32H523CEU6, STM32H523HEY6TR, STM32H523RCT6, STM32H523RET6, STM32H523VCI6, STM32H523VCT6, STM32H523VEI6, STM32H523VET6, STM32H523ZCJ6, STM32H523ZCT6, STM32H523ZEJ6, STM32H523ZET6, STM32H533CET6, STM32H533CEU6, STM32H533HEY6TR, STM32H533RET6, STM32H533VEI6, STM32H533VET6, STM32H533ZEJ6, STM32H533ZET6, STM32H562AGI6, STM32H562AII6, STM32H562IGK6, STM32H562IGT6, STM32H562IIK6, STM32H562IIT6, STM32H562RGT6, STM32H562RGV6, STM32H562RIT6, STM32H562RIV6, STM32H562VGT6, STM32H562VIT6, STM32H562ZGT6, STM32H562ZIT6, STM32H563AGI6, STM32H563AII3Q, STM32H563AII6, STM32H563IGK6, STM32H563IGT6, STM32H563IIK3Q, STM32H563IIK6, STM32H563IIT3Q, STM32H563IIT6, STM32H563MIY3QTR, STM32H563RGT6, STM32H563RGV6, STM32H563RIT6, STM32H563RIV6, STM32H563VGT6, STM32H563VIT3Q, STM32H563VIT6, STM32H563ZGT6, STM32H563ZIT3Q, STM32H563ZIT6, STM32H573AII3Q, STM32H573AII6, STM32H573I-DK, STM32H573IIK3Q, STM32H573IIK6, STM32H573IIT3Q, STM32H573IIT6, STM32H573MIY3QTR, STM32H573RIT6, STM32H573RIV6, STM32H573VIT3Q, STM32H573VIT6, STM32H573ZIT3Q, STM32H573ZIT6, STM32H7R3A8I6, STM32H7R3I8K6, STM32H7R3I8T6, STM32H7R3L8H6, STM32H7R3L8H6H, STM32H7R3R8V6, STM32H7R3V8H6, STM32H7R3V8T6, STM32H7R3V8Y6TR, STM32H7R3Z8J6, STM32H7R3Z8T6, STM32H7R7A8I6, STM32H7R7I8K6, STM32H7R7I8T6, STM32H7R7L8H6, STM32H7R7L8H6H, STM32H7R7Z8J6, STM32H7S3A8I6, STM32H7S3I8K6, STM32H7S3I8T6, STM32H7S3L8H6, STM32H7S3L8H6H, STM32H7S3R8V6, STM32H7S3V8H6, STM32H7S3V8T6, STM32H7S3V8Y6TR, STM32H7S3Z8J6, STM32H7S3Z8T6, STM32H7S78-DK, STM32H7S7A8I6, STM32H7S7I8K6, STM32H7S7I8T6, STM32H7S7L8H6, STM32H7S7L8H6H, STM32H7S7Z8J6, STM32L4R5QGI6STR, STM32MP131AAE3, STM32MP131AAF3, STM32MP131AAG3, STM32MP131CAE3, STM32MP131CAF3, STM32MP131CAG3, STM32MP131DAE7, STM32MP131DAF7, STM32MP131DAG7, STM32MP131FAE7, STM32MP131FAF7, STM32MP131FAG7, STM32MP133AAE3, STM32MP133AAF3, STM32MP133AAG3, STM32MP133CAE3, STM32MP133CAF3, STM32MP133CAG3, STM32MP133DAE7, STM32MP133DAF7, STM32MP133DAG7, STM32MP133FAE7, STM32MP133FAF7, STM32MP133FAG7, STM32MP135AAE3, STM32MP135AAF3, STM32MP135AAG3, STM32MP135CAE3, STM32MP135CAF3, STM32MP135CAG3, STM32MP135DAE7, STM32MP135DAF7, STM32MP135DAG7, STM32MP135F-DK, STM32MP135FAE7, STM32MP135FAF7, STM32MP135FAF7T, STM32MP135FAF7U, STM32MP135FAG7, STM32MP211AAL3, STM32MP211AAM3, STM32MP211AAN3, STM32MP211AAO3, STM32MP211CAL3, STM32MP211CAM3, STM32MP211CAN3, STM32MP211CAO3, STM32MP211DAL3, STM32MP211DAM3, STM32MP211DAN3, STM32MP211DAO3, STM32MP211FAL3, STM32MP211FAM3, STM32MP211FAN3, STM32MP211FAO3, STM32MP213AAL3, STM32MP213AAM3, STM32MP213AAN3, STM32MP213AAO3, STM32MP213CAL3, STM32MP213CAM3, STM32MP213CAN3, STM32MP213CAO3, STM32MP213DAL3, STM32MP213DAM3, STM32MP213DAN3, STM32MP213DAO3, STM32MP213FAL3, STM32MP213FAM3, STM32MP213FAN3, STM32MP213FAO3, STM32MP215AAL3, STM32MP215AAM3, STM32MP215AAN3, STM32MP215AAO3, STM32MP215CAL3, STM32MP215CAM3, STM32MP215CAN3, STM32MP215CAO3, STM32MP215DAL3, STM32MP215DAM3, STM32MP215DAN3, STM32MP215DAO3, STM32MP215F-DK, STM32MP215FAL3, STM32MP215FAM3, STM32MP215FAN3, STM32MP215FAO3, STM32MP231AAJ3, STM32MP231AAK3, STM32MP231AAL3, STM32MP231CAJ3, STM32MP231CAK3, STM32MP231CAL3, STM32MP231DAJ3, STM32MP231DAK3, STM32MP231DAL3, STM32MP231FAJ3, STM32MP231FAK3, STM32MP231FAL3, STM32MP233AAJ3, STM32MP233AAK3, STM32MP233AAL3, STM32MP233CAJ3, STM32MP233CAK3, STM32MP233CAL3, STM32MP233DAJ3, STM32MP233DAK3, STM32MP233DAL3, STM32MP233FAJ3, STM32MP233FAK3, STM32MP233FAL3, STM32MP235AAJ3, STM32MP235AAK3, STM32MP235AAL3, STM32MP235CAJ3, STM32MP235CAK3, STM32MP235CAL3, STM32MP235DAJ3, STM32MP235DAK3, STM32MP235DAL3, STM32MP235FAJ3, STM32MP235FAK3, STM32MP235FAL3, STM32MP251AAI3, STM32MP251AAK3, STM32MP251AAL3, STM32MP251CAI3, STM32MP251CAK3, STM32MP251CAL3, STM32MP251DAI3, STM32MP251DAK3, STM32MP251DAL3, STM32MP251FAI3, STM32MP251FAK3, STM32MP251FAL3, STM32MP253AAI3, STM32MP253AAK3, STM32MP253AAL3, STM32MP253CAI3, STM32MP253CAK3, STM32MP253CAL3, STM32MP253DAI3, STM32MP253DAK3, STM32MP253DAL3, STM32MP253FAI3, STM32MP253FAK3, STM32MP253FAL3, STM32MP255AAI3, STM32MP255AAK3, STM32MP255AAL3, STM32MP255CAI3, STM32MP255CAK3, STM32MP255CAL3, STM32MP255DAI3, STM32MP255DAK3, STM32MP255DAL3, STM32MP255FAI3, STM32MP255FAK3, STM32MP255FAL3, STM32MP257AAI3, STM32MP257AAK3, STM32MP257AAL3, STM32MP257CAI3, STM32MP257CAK3, STM32MP257CAL3, STM32MP257DAI3, STM32MP257DAK3, STM32MP257DAL3, STM32MP257F-DK, STM32MP257F-EV1, STM32MP257FAI3, STM32MP257FAK3, STM32MP257FAL3, STM32N645A0H3Q, STM32N645B0H3Q, STM32N645I0H3Q, STM32N645L0H3Q, STM32N645X0H3Q, STM32N645Z0H3Q, STM32N647A0H3Q, STM32N647B0H3Q, STM32N647I0H3Q, STM32N647L0H3Q, STM32N647X0H3Q, STM32N647Z0H3Q, STM32N655A0H3Q, STM32N655B0H3Q, STM32N655I0H3Q, STM32N655L0H3Q, STM32N655X0H3Q, STM32N655Z0H3Q, STM32N6570-DK, STM32N657A0H3Q, STM32N657B0H3Q, STM32N657I0H3Q, STM32N657L0H3Q, STM32N657X0H3Q, STM32N657Z0H3Q, STM32U031C6T6, STM32U031C6U6, STM32U031C8T6, STM32U031C8U6, STM32U031F4P6, STM32U031F6P6, STM32U031F8P6, STM32U031G6Y6TR, STM32U031G8Y6TR, STM32U031K4U6, STM32U031K6U6, STM32U031K8U6, STM32U031R6I6, STM32U031R6T6, STM32U031R8I6, STM32U031R8T6, STM32U073C8T6, STM32U073C8U6, STM32U073CBT6, STM32U073CBU6, STM32U073CCT6, STM32U073CCU6, STM32U073H8Y6TR, STM32U073HBY6TR, STM32U073HCY6TR, STM32U073K8U6, STM32U073KBU6, STM32U073KCU6, STM32U073M8I6, STM32U073M8T6, STM32U073MBI6, STM32U073MBT6, STM32U073MCI6, STM32U073MCT6, STM32U073R8I6, STM32U073R8T6, STM32U073RBI6, STM32U073RBT6, STM32U073RCI6, STM32U073RCT6, STM32U083C-DK, STM32U083CCT6, STM32U083CCU6, STM32U083HCY6TR, STM32U083KCU6, STM32U083MCI6, STM32U083MCT6, STM32U083RCI6, STM32U083RCT6, STM32U375CET6, STM32U375CET6Q, STM32U375CEU6, STM32U375CEU6Q, STM32U375CEY6QTR, STM32U375CGT6, STM32U375CGT6Q, STM32U375CGU6, STM32U375CGU6Q, STM32U375CGY6QTR, STM32U375KEU6, STM32U375KGU6, STM32U375REI6, STM32U375REI6Q, STM32U375RET6, STM32U375RET6Q, STM32U375REY6GTR, STM32U375REY6QTR, STM32U375RGI6, STM32U375RGI6Q, STM32U375RGT6, STM32U375RGT6Q, STM32U375RGY6GTR, STM32U375RGY6QTR, STM32U375VEI6, STM32U375VEI6Q, STM32U375VET6, STM32U375VET6Q, STM32U375VGI6, STM32U375VGI6Q, STM32U375VGT6, STM32U375VGT6Q, STM32U385CGT6, STM32U385CGT6Q, STM32U385CGU6, STM32U385CGU6Q, STM32U385CGY6QTR, STM32U385KGU6, STM32U385RGI6, STM32U385RGI6Q, STM32U385RGT6, STM32U385RGT6Q, STM32U385RGY6GTR, STM32U385RGY6QTR, STM32U385VGI6, STM32U385VGI6Q, STM32U385VGT6, STM32U385VGT6Q, STM32U535CBT6, STM32U535CBT6Q, STM32U535CBU6, STM32U535CBU6Q, STM32U535CCT6, STM32U535CCT6Q, STM32U535CCU6, STM32U535CCU6Q, STM32U535CET6, STM32U535CET6Q, STM32U535CEU6, STM32U535CEU6Q, STM32U535JEY6QTR, STM32U535NCY6QTR, STM32U535NEY6QTR, STM32U535RBI6, STM32U535RBI6Q, STM32U535RBT6, STM32U535RBT6Q, STM32U535RCI6, STM32U535RCI6Q, STM32U535RCT6, STM32U535RCT6Q, STM32U535REI6, STM32U535REI6Q, STM32U535RET6, STM32U535RET6Q, STM32U535VCI6, STM32U535VCI6Q, STM32U535VCT6, STM32U535VCT6Q, STM32U535VEI6, STM32U535VEI6Q, STM32U535VET6, STM32U535VET6Q, STM32U545CET6, STM32U545CET6Q, STM32U545CEU6, STM32U545CEU6Q, STM32U545JEY6QTR, STM32U545NEY6QTR, STM32U545REI6, STM32U545REI6Q, STM32U545RET6, STM32U545RET6Q, STM32U545VEI6, STM32U545VEI6Q, STM32U545VET6, STM32U545VET6Q, STM32U595AIH6, STM32U595AIH6Q, STM32U595AJH6, STM32U595AJH6Q, STM32U595QII6, STM32U595QII6Q, STM32U595QJI6, STM32U595QJI6Q, STM32U595RIT6, STM32U595RIT6Q, STM32U595RJT6, STM32U595RJT6Q, STM32U595VIT6, STM32U595VIT6Q, STM32U595VJT6, STM32U595VJT6Q, STM32U595ZIT6, STM32U595ZIT6Q, STM32U595ZIY6QTR, STM32U595ZJT6, STM32U595ZJT6Q, STM32U595ZJY6QTR, STM32U599BJY6QTR, STM32U599NIH6Q, STM32U599NJH6Q, STM32U599VIT6Q, STM32U599VJT6, STM32U599VJT6Q, STM32U599ZIT6Q, STM32U599ZIY6QTR, STM32U599ZJT6Q, STM32U599ZJY6QTR, STM32U5A5AJH6, STM32U5A5AJH6Q, STM32U5A5QII3Q , STM32U5A5QJI6, STM32U5A5QJI6Q, STM32U5A5RJT6, STM32U5A5RJT6Q, STM32U5A5VJT6, STM32U5A5VJT6Q, STM32U5A5ZJT6, STM32U5A5ZJT6Q, STM32U5A5ZJY6QTR, STM32U5A9BJY6QTR, STM32U5A9J-DK, STM32U5A9NJH6Q, STM32U5A9VJT6Q, STM32U5A9ZJT6Q, STM32U5A9ZJY6QTR, STM32U5F7VIT6, STM32U5F7VIT6Q, STM32U5F7VJT6, STM32U5F7VJT6Q, STM32U5F9BJY6QTR, STM32U5F9NJH6Q, STM32U5F9VIT6Q, STM32U5F9VJT6Q, STM32U5F9ZIJ6QTR, STM32U5F9ZIT6Q, STM32U5F9ZJJ6QTR, STM32U5F9ZJT6Q, STM32U5G7VJT6, STM32U5G7VJT6Q, STM32U5G9BJY6QTR, STM32U5G9J-DK1, STM32U5G9J-DK2, STM32U5G9NJH6Q, STM32U5G9VJT6Q, STM32U5G9ZJJ6QTR, STM32U5G9ZJT6Q, STM32WB05KZV6TR, STM32WB05KZV7TR, STM32WB05TZF6TR, STM32WB05TZF7TR, STM32WB06CCF6TR, STM32WB06CCF7TR, STM32WB06CCV6TR, STM32WB06CCV7TR, STM32WB06KCV6TR, STM32WB06KCV7TR, STM32WB07CCF6TR, STM32WB07CCF7TR, STM32WB07CCV6TR, STM32WB07CCV7TR, STM32WB07KCV6TR, STM32WB07KCV7TR, STM32WB09KEV6TR, STM32WB09KEV7TR, STM32WB09TEF6TR, STM32WB09TEF7TR, STM32WB1MMCH6, STM32WBA50KGU6, STM32WBA50KGU6TR, STM32WBA52CEU6, STM32WBA52CEU6TR, STM32WBA52CEU7, STM32WBA52CEU7TR, STM32WBA52CGU6, STM32WBA52CGU6TR, STM32WBA52CGU6U, STM32WBA52CGU7, STM32WBA52CGU7TR, STM32WBA52KEU6, STM32WBA52KEU6TR, STM32WBA52KGU6, STM32WBA52KGU6TR, STM32WBA54CEU6, STM32WBA54CEU6TR, STM32WBA54CEU7, STM32WBA54CEU7TR, STM32WBA54CGU6, STM32WBA54CGU6TR, STM32WBA54CGU7, STM32WBA54CGU7TR, STM32WBA54KEU6, STM32WBA54KEU6TR, STM32WBA54KEU7, STM32WBA54KEU7TR, STM32WBA54KGU6, STM32WBA54KGU6TR, STM32WBA54KGU7, STM32WBA54KGU7TR, STM32WBA55CEU6, STM32WBA55CEU6TR, STM32WBA55CEU7, STM32WBA55CEU7TR, STM32WBA55CGU6, STM32WBA55CGU6TR, STM32WBA55CGU6U, STM32WBA55CGU7, STM32WBA55CGU7TR, STM32WBA55G-DK1, STM32WBA55HEF6, STM32WBA55HEF7, STM32WBA55HGF6, STM32WBA55HGF7, STM32WBA55UEI6, STM32WBA55UEI6TR, STM32WBA55UEI7, STM32WBA55UEI7TR, STM32WBA55UGI6, STM32WBA55UGI6TR, STM32WBA55UGI7, STM32WBA55UGI7TR, STM32WBA5MMGH6TR, STM32WBA62MGF6, STM32WBA62MIF6, STM32WBA65MGF7, STM32WBA65MIF6, STM32WBA65MIF7, STM32WL30K8V6, STM32WL30KBV6, STM32WL31C8V6, STM32WL31CBV6, STM32WL31K8V6, STM32WL31KBV6, STM32WL33C8V6, STM32WL33C8V6X, STM32WL33CBV6, STM32WL33CBV6X, STM32WL33CCV6, STM32WL33CCV6A, STM32WL33CCV6X, STM32WL33K8V7, STM32WL33K8V7X, STM32WL33KBV7 , STM32WL33KBV7X, STM32WL33KCV7, STM32WL33KCV7X, STM32WL5MOCH6, STM32WL5MOCH6TR]
2026-04-21 20:25:03,581 [INFO] BoardInfo:889 - No configuration file found for board NUCLEO-H5E5ZJ
2026-04-21 20:25:03,583 [INFO] DbBoards:161 - Board is not supported: NUCLEO-H5E5ZJ
2026-04-21 20:25:03,678 [INFO] BoardInfo:889 - No configuration file found for board NUCLEO-U3C5ZI-Q
2026-04-21 20:25:03,680 [INFO] DbBoards:161 - Board is not supported: NUCLEO-U3C5ZI-Q
2026-04-21 20:25:03,705 [INFO] BoardInfo:889 - No configuration file found for board NUCLEO-WBA25CE1
2026-04-21 20:25:03,707 [INFO] DbBoards:161 - Board is not supported: NUCLEO-WBA25CE1
2026-04-21 20:25:03,723 [INFO] BoardInfo:889 - No configuration file found for board NUCLEO-WL3RKB1
2026-04-21 20:25:03,725 [INFO] DbBoards:161 - Board is not supported: NUCLEO-WL3RKB1
2026-04-21 20:25:03,726 [INFO] BoardInfo:889 - No configuration file found for board NUCLEO-WL3RKB2
2026-04-21 20:25:03,728 [INFO] DbBoards:161 - Board is not supported: NUCLEO-WL3RKB2
2026-04-21 20:25:03,741 [INFO] BoardInfo:889 - No configuration file found for board P-NUCLEO-WB55
2026-04-21 20:25:03,743 [INFO] DbBoards:161 - Kit is not supported: P-NUCLEO-WB55
2026-04-21 20:25:03,753 [INFO] BoardInfo:889 - No configuration file found for board STEVAL-BFA001V1B
2026-04-21 20:25:03,755 [INFO] DbBoards:161 - Kit is not supported: STEVAL-BFA001V1B
2026-04-21 20:25:03,756 [INFO] BoardInfo:889 - No configuration file found for board STEVAL-BFA001V2B
2026-04-21 20:25:03,757 [INFO] DbBoards:161 - Kit is not supported: STEVAL-BFA001V2B
2026-04-21 20:25:03,938 [INFO] BoardInfo:889 - No configuration file found for board STM32H5F5J-DK
2026-04-21 20:25:03,940 [INFO] DbBoards:161 - Board is not supported: STM32H5F5J-DK
2026-04-21 20:25:04,076 [INFO] DbBoards:168 - Found 218 boards, 209 are supported
2026-04-21 20:25:04,076 [INFO] DbBoards:169 - Found 218 boards, 43 of them is supported for  Bsp
2026-04-21 20:25:04,080 [INFO] ApiDb:423 - Load user favorites file C:\Users\User/.stm32cubeide/favorites.boards.txt: 0 item(s)
2026-04-21 20:25:04,080 [INFO] ApiDb:427 - User favorites Boards=[]
2026-04-21 20:25:04,080 [INFO] DbBoards:198 - Set 0 / 0 favorites Boards
2026-04-21 20:25:04,082 [INFO] ApiDb:668 - CubeFinder database Data Model version=2.1
2026-04-21 20:25:04,082 [INFO] ApiDb:669 - CubeFinder database Configuration version=3.0.42
2026-04-21 20:25:04,082 [INFO] ApiDb:670 - CubeFinder database generation date=2026-03-11 (1773229989)
2026-04-21 20:25:04,082 [INFO] ApiDb:671 - CubeFinder database FW Pack versions=[FP-ATR-ASTRA1_V2.0.0, FP-SNS-FLIGHT1_V5.1.0, FP-SNS-MOTENV1_V5.1.0, FP-SNS-MOTENVWB1_V1.5.0, FP-SNS-SMARTAG2_V1.2.0, FP-SNS-STBOX1_V2.1.0, STM32Cube_FW_C0_V1.4.0, STM32Cube_FW_F4_V1.28.3, STM32Cube_FW_F7_V1.17.4, STM32Cube_FW_G0_V1.6.3, STM32Cube_FW_G4_V1.6.2, STM32Cube_FW_H5_V1.6.0, STM32Cube_FW_H7RS_V1.3.0, STM32Cube_FW_H7_V1.13.0, STM32Cube_FW_L0_V1.12.2, STM32Cube_FW_L4_V1.18.2, STM32Cube_FW_L5_V1.6.0, STM32Cube_FW_N6_V1.3.0, STM32Cube_FW_U0_V1.3.0, STM32Cube_FW_U3_V1.3.0, STM32Cube_FW_U5_V1.8.0, STM32Cube_FW_WB0_V1.4.0, STM32Cube_FW_WBA_V1.9.0, STM32Cube_FW_WB_V1.24.0, STM32Cube_FW_WL3_V1.4.0, STM32Cube_FW_WL_V1.5.0, X-CUBE-ALGOBUILD_V1.4.0, X-CUBE-ALS_V1.0.2, X-CUBE-AZRTOS-F4_V1.1.0, X-CUBE-AZRTOS-F7_V1.1.0, X-CUBE-AZRTOS-G0_V1.1.0, X-CUBE-AZRTOS-G4_V2.0.0, X-CUBE-AZRTOS-H7RS_V1.1.0, X-CUBE-AZRTOS-H7_V3.4.0, X-CUBE-AZRTOS-L4_V2.0.0, X-CUBE-AZRTOS-L5_V2.0.0, X-CUBE-AZRTOS-WB_V2.0.0, X-CUBE-AZRTOS-WL_V2.0.0, X-CUBE-BLE1_V7.1.0, X-CUBE-BLE2_V3.3.0, X-CUBE-BLEMGR_V4.1.0, X-CUBE-EEPRMA1_V5.2.0, X-CUBE-FREERTOS_V1.5.0, X-CUBE-GNSS1_V6.0.0, X-CUBE-MEMS1_V12.0.0, X-CUBE-NFC4_V3.0.0, X-CUBE-NFC7_V2.0.0, X-CUBE-SFXS2LP1_V4.0.0, X-CUBE-ST67W61_V1.2.0, X-CUBE-SUBG2_V5.0.0, X-CUBE-TOF1_V3.4.3]
2026-04-21 20:25:04,787 [ERROR] DbExamplesSqlite:437 - Missing JSON key: board_cpn
2026-04-21 20:25:04,787 [ERROR] DbExamplesSqlite:437 - Missing JSON key: board_cpn
2026-04-21 20:25:04,787 [ERROR] DbExamplesSqlite:437 - Missing JSON key: board_cpn
2026-04-21 20:25:04,787 [ERROR] DbExamplesSqlite:437 - Missing JSON key: board_cpn
2026-04-21 20:25:05,127 [ERROR] DbExamplesSqlite:437 - Missing JSON key: board_cpn
2026-04-21 20:25:05,127 [ERROR] DbExamplesSqlite:437 - Missing JSON key: board_cpn
2026-04-21 20:25:05,190 [INFO] DbExamplesSqlite:395 - Ignored 39 examples not supported by CubeIDE
2026-04-21 20:25:05,191 [INFO] DbExamplesSqlite:396 - Found 11210 examples active
2026-04-21 20:25:05,191 [INFO] DbExamplesSqlite:397 - Found 0 examples obsolete
2026-04-21 20:25:05,191 [INFO] DbExamplesSqlite:398 - Found 0 examples under development
2026-04-21 20:25:05,192 [INFO] DbExamplesSqlite:399 - Found 76 examples not building
2026-04-21 20:25:05,194 [INFO] DbExamples:125 - Found 11247 examples
2026-04-21 20:25:05,261 [ERROR] DbExamples:208 - Found 377 examples with invalid data (board or MCU)
2026-04-21 20:25:05,262 [INFO] DbExamples:222 - Found 140 boards with related examples
2026-04-21 20:25:05,263 [INFO] DbExamples:235 - Found 114 MCUs with related examples
2026-04-21 20:25:05,285 [INFO] ApiDb:423 - Load user favorites file C:\Users\User/.stm32cubeide/favorites.examples.txt: 0 item(s)
2026-04-21 20:25:05,285 [INFO] ApiDb:427 - User favorites Examples=[]
2026-04-21 20:25:05,285 [INFO] DbExamples:250 - Set 0 / 0 favorites Examples
2026-04-21 20:25:05,526 [INFO] McuFinderGlobals:76 - Set McuFinderConnectedMode to true
2026-04-21 20:25:05,546 [INFO] MultiScanPanel:200 - Auto-refresh data requested => check proxy status ongoing
2026-04-21 20:25:05,550 [INFO] FinderPluginLoader:96 - Searching for filters in installed packs
2026-04-21 20:25:07,293 [INFO] LoadUrlFilesThread:185 - End of LoadServerUrlFiles without Thread
2026-04-21 20:25:07,312 [INFO] DetailPanel:341 - Set advertising image to C:/Users/User/STM32Cube/Repository/\en.prom-stm32u3b5-u3c5-0426.jpg
2026-04-21 21:46:02,609 [INFO] WebApp:194 - Connection lost
2026-04-21 21:46:09,767 [INFO] WebApp:191 - Connection restablished
2026-04-21 21:50:51,723 [INFO] McuFinderGlobals:76 - Set McuFinderConnectedMode to true
2026-04-21 21:50:52,590 [INFO] ApiDb:448 - Save user favorites file C:\Users\User/.stm32cubeide/favorites.mcus.txt: 2 item(s)
2026-04-21 21:50:52,590 [INFO] ApiDb:452 - User favorites MCUs=[STM32F103C6T6A, STM32F103C8T6]
2026-04-21 21:52:55,780 [INFO] MainUpdater:2872 - connection check result : 10
2026-04-21 21:52:55,780 [INFO] MainUpdater:2872 - connection check result : 10
2026-04-21 21:52:55,800 [INFO] MicroXplorer:468 - Change Database Path : 
2026-04-21 21:52:55,800 [INFO] MicroXplorer:498 - Change Database Version : DB.6.0.150
2026-04-21 21:52:55,808 [WARN] ThirdParty:871 - waiting for thirdparty lock release [close project]
2026-04-21 21:52:55,808 [INFO] ThirdParty:873 - entering critical section [close project]
2026-04-21 21:52:55,810 [INFO] ThirdParty:883 - exiting critical section [close project]
2026-04-21 21:52:55,814 [INFO] PinOutPanel:1589 - setPackage(No Configuration,No Configuration)
2026-04-21 21:52:55,817 [INFO] UtilMem:75 - Begin LoadConfig() Used Memory: 655838032 Bytes (1073741824)
2026-04-21 21:52:59,186 [INFO] MicroXplorer:468 - Change Database Path : 
2026-04-21 21:52:59,186 [INFO] MicroXplorer:498 - Change Database Version : DB.6.0.150
2026-04-21 21:52:59,186 [INFO] OpenFileManager:355 - Change cursor
2026-04-21 21:52:59,258 [INFO] Mcu:2029 - Initializing MCU STM32F103C(8-B)Tx STM32F103C8Tx STM32F103C8T6
2026-04-21 21:53:00,450 [INFO] Context:786 - Trying to add GPIOservice into a context  which must be forbidden
2026-04-21 21:53:00,801 [INFO] Rule:233 - rule Rename DIE492 PartNumber CPN STM32WBA5MJGHx -> STM32WBA5MMGHx is applicable
2026-04-21 21:53:00,801 [INFO] Rule:233 - rule Rename DIE492 PartNumber  Name STM32WBA5MJGHx -> STM32WBA5MMGHx is applicable
2026-04-21 21:53:00,801 [INFO] Rule:233 - rule Rename DIE492 PartNumber UserName STM32WBA5MJGHx -> STM32WBA5MMGHx is applicable
2026-04-21 21:53:00,801 [INFO] Rule:233 - rule Rename DIE492 PartNumber DeviceId STM32WBA5MJGHx -> STM32WBA5MMGHx is applicable
2026-04-21 21:53:00,801 [INFO] Rule:233 - rule Adapt Old IOC DCMIPP. is applicable
2026-04-21 21:53:00,801 [INFO] Rule:233 - rule Adapt Old IOC DCMIPP Mode Parallel. is applicable
2026-04-21 21:53:00,801 [INFO] Rule:233 - rule Adapt Old IOC LTDC. is applicable
2026-04-21 21:53:00,801 [INFO] Rule:233 - rule Rename STM32MP2 RIF Peripheral LTDC RIF.RISUP.LTDC_L0L1.Privilege -> RIF.RISUP.LTDC_L1L2.Privilege is applicable
2026-04-21 21:53:00,801 [INFO] Rule:233 - rule Rename STM32MP2 RIF Peripheral LTDC RIF.RISUP.LTDC_L0L1.Privilege -> RIF.RISUP.LTDC_L1L2.Privilege is applicable
2026-04-21 21:53:00,801 [INFO] Rule:233 - rule Rename STM32MP2 RIF Peripheral LTDC RIF.RISUP.LTDC_L0L1.Lock -> RIF.RISUP.LTDC_L1L2.Lock is applicable
2026-04-21 21:53:00,802 [INFO] Rule:233 - rule Rename STM32MP2 RIF Peripheral LTDC RIF.RISUP.LTDC_L2.Lock -> RIF.RISUP.LTDC_L3.Lock is applicable
2026-04-21 21:53:00,802 [INFO] Rule:233 - rule Adapt the old IOC example for updating the SYS when it is misconfigured. is applicable
2026-04-21 21:53:00,802 [INFO] Rule:233 - rule Rename STM32C09 Mcu.Package LQFP64 -> LQFP48 is applicable
2026-04-21 21:53:00,802 [INFO] Rule:233 - rule Adapt the old IOC example for updating the SYS when it is misconfigured. is applicable
2026-04-21 21:53:00,802 [INFO] Rule:233 - rule Adapt the old IOC example for updating the SYS when it is misconfigured. is applicable
2026-04-21 21:53:00,804 [INFO] DbConfProperties:307 - Apply Compatibility (4/15 Rules)
2026-04-21 21:53:00,837 [INFO] ImportTextPane:234 - (OptionalMessage_ERROR) Pin10 (VP_RIF_VS_RIF1) cannot be retrieved for this MCU
2026-04-21 21:53:01,133 [INFO] RtosManager:558 - Registered RTOS mode: class=CMSIS, group=RTOS, mode=CMSIS_V1, owner=FREERTOS
2026-04-21 21:53:01,133 [INFO] RtosManager:558 - Registered RTOS mode: class=CMSIS, group=RTOS2, mode=CMSIS_V2, owner=FREERTOS
2026-04-21 21:53:01,134 [INFO] RtosManager:558 - Registered RTOS mode: class=RTOS, group=Core, mode=CMSIS_V1, owner=FREERTOS
2026-04-21 21:53:01,134 [INFO] RtosManager:558 - Registered RTOS mode: class=RTOS, group=Core, mode=CMSIS_V2, owner=FREERTOS
2026-04-21 21:53:01,134 [WARN] ModelIntegratedComponent:184 - Missing modes for component STMicroelectronics:FreeRTOS:0.0.1:STMicroelectronics:RTOS:FreeRTOS:Core:::10.2.0:
2026-04-21 21:53:01,159 [WARN] ModelIntegratedComponent:63 - No mode defined for component null
2026-04-21 21:53:01,160 [WARN] ModelIntegratedComponent:63 - No mode defined for component null
2026-04-21 21:53:01,161 [WARN] ModelIntegratedComponent:63 - No mode defined for component null
2026-04-21 21:53:01,161 [WARN] ModelIntegratedComponent:63 - No mode defined for component null
2026-04-21 21:53:01,161 [WARN] ModelIntegratedComponent:63 - No mode defined for component null
2026-04-21 21:53:01,161 [WARN] ModelIntegratedComponent:63 - No mode defined for component null
2026-04-21 21:53:01,161 [WARN] ModelIntegratedComponent:63 - No mode defined for component null
2026-04-21 21:53:01,161 [WARN] ModelIntegratedComponent:63 - No mode defined for component null
2026-04-21 21:53:01,161 [WARN] ModelIntegratedComponent:63 - No mode defined for component null
2026-04-21 21:53:01,162 [WARN] ModelIntegratedComponent:63 - No mode defined for component null
2026-04-21 21:53:01,162 [WARN] ModelIntegratedComponent:63 - No mode defined for component null
2026-04-21 21:53:01,162 [WARN] ModelIntegratedComponent:63 - No mode defined for component null
2026-04-21 21:53:01,162 [WARN] ModelIntegratedComponent:63 - No mode defined for component null
2026-04-21 21:53:01,162 [WARN] ModelIntegratedComponent:63 - No mode defined for component null
2026-04-21 21:53:01,162 [WARN] ModelIntegratedComponent:63 - No mode defined for component null
2026-04-21 21:53:01,162 [WARN] ModelIntegratedComponent:63 - No mode defined for component null
2026-04-21 21:53:01,162 [WARN] ModelIntegratedComponent:63 - No mode defined for component null
2026-04-21 21:53:01,162 [WARN] ModelIntegratedComponent:63 - No mode defined for component null
2026-04-21 21:53:01,162 [WARN] ModelIntegratedComponent:63 - No mode defined for component null
2026-04-21 21:53:01,162 [WARN] ModelIntegratedComponent:63 - No mode defined for component null
2026-04-21 21:53:01,162 [WARN] ModelIntegratedComponent:63 - No mode defined for component null
2026-04-21 21:53:01,163 [WARN] ModelIntegratedComponent:63 - No mode defined for component null
2026-04-21 21:53:01,163 [WARN] ModelIntegratedComponent:63 - No mode defined for component null
2026-04-21 21:53:01,163 [WARN] ModelIntegratedComponent:63 - No mode defined for component null
2026-04-21 21:53:01,163 [WARN] ModelIntegratedComponent:63 - No mode defined for component null
2026-04-21 21:53:01,163 [WARN] ModelIntegratedComponent:63 - No mode defined for component null
2026-04-21 21:53:01,163 [WARN] ModelIntegratedComponent:63 - No mode defined for component null
2026-04-21 21:53:01,163 [WARN] ModelIntegratedComponent:63 - No mode defined for component null
2026-04-21 21:53:01,163 [WARN] ModelIntegratedComponent:63 - No mode defined for component null
2026-04-21 21:53:01,163 [WARN] ModelIntegratedComponent:63 - No mode defined for component null
2026-04-21 21:53:01,163 [WARN] ModelIntegratedComponent:63 - No mode defined for component null
2026-04-21 21:53:01,163 [WARN] ModelIntegratedComponent:63 - No mode defined for component null
2026-04-21 21:53:01,163 [WARN] ModelIntegratedComponent:63 - No mode defined for component null
2026-04-21 21:53:01,163 [WARN] ModelIntegratedComponent:63 - No mode defined for component null
2026-04-21 21:53:01,164 [WARN] ModelIntegratedComponent:63 - No mode defined for component null
2026-04-21 21:53:01,164 [WARN] ModelPack:524 - Component already loaded: STMicroelectronics:HAL Drivers:0.0.0:STMicroelectronics:Device:STMicro_Driver:XSPI:HAL::0.0.1:HAL_XSPI
2026-04-21 21:53:01,212 [INFO] ThirdPartyModel:298 - Start build external matchings
2026-04-21 21:53:01,583 [INFO] ThirdPartyModel:316 - End build external matchings
2026-04-21 21:53:01,597 [INFO] ImportTextPane:234 - (OptionalMessage_ERROR) IP (RCC) : Parameter (ADCFreqValue) has invalid value (36000000)
2026-04-21 21:53:01,598 [INFO] ImportTextPane:234 - (OptionalMessage_ERROR) IP (RCC) : Invalid parameter (FamilyName)
2026-04-21 21:53:01,598 [INFO] ImportTextPane:234 - (OptionalMessage_ERROR) IP (RCC) : Parameter (MCOFreq_Value) has invalid value (72000000)
2026-04-21 21:53:01,598 [INFO] ImportTextPane:234 - (OptionalMessage_ERROR) IP (RCC) : Parameter (USBFreq_Value) has invalid value (72000000)
2026-04-21 21:53:01,849 [INFO] UtilMem:75 - End LoadConfig() Used Memory: 853031808 Bytes (1073741824)
2026-04-21 21:53:01,860 [INFO] ApiDb:581 - Connected to CubeFinder SQLite database (C:\Users\User\.stmcufinder\plugins\mcufinder\mcu\cube-finder-db.db)
2026-04-21 21:53:02,077 [WARN] ThirdParty:833 - waiting for thirdparty lock release [change project]
2026-04-21 21:53:02,077 [INFO] ThirdParty:835 - entering critical section [change project]
2026-04-21 21:53:02,077 [INFO] ThirdParty:1030 - CMSIS Pack Vendor :STMicroelectronics X-CUBE-AZRTOS-H7 3.5.0
2026-04-21 21:53:02,077 [INFO] ThirdParty:1030 - CMSIS Pack Vendor :STMicroelectronics X-CUBE-PM33A1 1.0.0
2026-04-21 21:53:02,077 [INFO] ThirdParty:1030 - CMSIS Pack Vendor :STMicroelectronics USBPD 4.1
2026-04-21 21:53:02,077 [INFO] ThirdParty:1030 - CMSIS Pack Vendor :STMicroelectronics X-CUBE-NFC9 1.0.0
2026-04-21 21:53:02,077 [INFO] ThirdParty:1030 - CMSIS Pack Vendor :STMicroelectronics USB_HOST 2.0.0
2026-04-21 21:53:02,077 [INFO] ThirdParty:1030 - CMSIS Pack Vendor :STMicroelectronics FP-SNS-MOTENVWB1 1.4.0
2026-04-21 21:53:02,077 [INFO] ThirdParty:1030 - CMSIS Pack Vendor :STMicroelectronics X-CUBE-AZRTOS-F4 1.1.0
2026-04-21 21:53:02,077 [INFO] ThirdParty:1030 - CMSIS Pack Vendor :STMicroelectronics LIBJPEG 8.0.0
2026-04-21 21:53:02,077 [INFO] ThirdParty:1030 - CMSIS Pack Vendor :STMicroelectronics FP-ATR-ASTRA1 2.0.2
2026-04-21 21:53:02,078 [INFO] ThirdParty:1030 - CMSIS Pack Vendor :STMicroelectronics X-CUBE-BLE1 7.1.0
2026-04-21 21:53:02,078 [INFO] ThirdParty:1030 - CMSIS Pack Vendor :STMicroelectronics X-CUBE-SMBUS 2.1.0
2026-04-21 21:53:02,078 [INFO] ThirdParty:1030 - CMSIS Pack Vendor :wolfSSL I-CUBE-wolfMQTT 1.19.2
2026-04-21 21:53:02,078 [INFO] ThirdParty:1030 - CMSIS Pack Vendor :STMicroelectronics USB_DEVICE 3.0.0
2026-04-21 21:53:02,078 [INFO] ThirdParty:1030 - CMSIS Pack Vendor :STMicroelectronics X-CUBE-ISPU 2.1.0
2026-04-21 21:53:02,078 [INFO] ThirdParty:1030 - CMSIS Pack Vendor :STMicroelectronics X-CUBE-FREERTOS 1.4.0
2026-04-21 21:53:02,078 [INFO] ThirdParty:1030 - CMSIS Pack Vendor :STMicroelectronics X-CUBE-EEPRMA1 5.2.0
2026-04-21 21:53:02,078 [INFO] ThirdParty:1030 - CMSIS Pack Vendor :STMicroelectronics X-CUBE-IPS 3.2.0
2026-04-21 21:53:02,078 [INFO] ThirdParty:1030 - CMSIS Pack Vendor :STMicroelectronics X-CUBE-BLEMGR 4.1.0
2026-04-21 21:53:02,078 [INFO] ThirdParty:1030 - CMSIS Pack Vendor :STMicroelectronics eDS-WB_DPC_TT-BIDIR 2.1.1
2026-04-21 21:53:02,078 [INFO] ThirdParty:1030 - CMSIS Pack Vendor :STMicroelectronics X-CUBE-AZRTOS-WB 2.0.0
2026-04-21 21:53:02,079 [INFO] ThirdParty:1030 - CMSIS Pack Vendor :wolfSSL I-CUBE-wolfSSL 5.8.4
2026-04-21 21:53:02,079 [INFO] ThirdParty:1030 - CMSIS Pack Vendor :Cesanta I-CUBE-Mongoose 7.20.0
2026-04-21 21:53:02,079 [INFO] ThirdParty:1030 - CMSIS Pack Vendor :STMicroelectronics X-CUBE-NFC12 1.0.0
2026-04-21 21:53:02,079 [INFO] ThirdParty:1030 - CMSIS Pack Vendor :STMicroelectronics X-CUBE-AZRTOS-F7 1.1.0
2026-04-21 21:53:02,079 [INFO] ThirdParty:1030 - CMSIS Pack Vendor :STMicroelectronics X-CUBE-AZRTOS-L5 2.0.0
2026-04-21 21:53:02,079 [INFO] ThirdParty:1030 - CMSIS Pack Vendor :STMicroelectronics USB_DEVICE 2.0.0
2026-04-21 21:53:02,079 [INFO] ThirdParty:1030 - CMSIS Pack Vendor :quantropi X-CUBE-qispace-sdk-base 2.1.0
2026-04-21 21:53:02,079 [INFO] ThirdParty:1030 - CMSIS Pack Vendor :STMicroelectronics X-CUBE-MEMS1 12.0.0
2026-04-21 21:53:02,079 [INFO] ThirdParty:1030 - CMSIS Pack Vendor :STMicroelectronics X-CUBE-STSE01 2.0.0
2026-04-21 21:53:02,079 [INFO] ThirdParty:1030 - CMSIS Pack Vendor :STMicroelectronics FP-SNS-MOTENV1 5.1.0
2026-04-21 21:53:02,079 [INFO] ThirdParty:1030 - CMSIS Pack Vendor :STMicroelectronics FreeRTOS 0.0.1
2026-04-21 21:53:02,079 [INFO] ThirdParty:1030 - CMSIS Pack Vendor :STMicroelectronics X-CUBE-AZRTOS-G0 1.1.0
2026-04-21 21:53:02,079 [INFO] ThirdParty:1030 - CMSIS Pack Vendor :STMicroelectronics X-CUBE-NFC4 3.0.0
2026-04-21 21:53:02,079 [INFO] ThirdParty:1030 - CMSIS Pack Vendor :STMicroelectronics X-CUBE-SUBG2 5.0.0
2026-04-21 21:53:02,079 [INFO] ThirdParty:1030 - CMSIS Pack Vendor :STMicroelectronics STM32_WPAN 1.0.0
2026-04-21 21:53:02,079 [INFO] ThirdParty:1030 - CMSIS Pack Vendor :STMicroelectronics eDS-WB_DPC_VIENNA 1.2.0
2026-04-21 21:53:02,079 [INFO] ThirdParty:1030 - CMSIS Pack Vendor :EmbeddedOffice I-CUBE-FS-RTOS 1.0.1
2026-04-21 21:53:02,079 [INFO] ThirdParty:1030 - CMSIS Pack Vendor :STMicroelectronics lwIP 2.0.3
2026-04-21 21:53:02,079 [INFO] ThirdParty:1030 - CMSIS Pack Vendor :WES I-CUBE-Cesium 1.4.0
2026-04-21 21:53:02,079 [INFO] ThirdParty:1030 - CMSIS Pack Vendor :STMicroelectronics eDS-WB_DPC_3PH2L-BIDIR 1.1.1
2026-04-21 21:53:02,079 [INFO] ThirdParty:1030 - CMSIS Pack Vendor :STMicroelectronics USB_HOST 1.0.0
2026-04-21 21:53:02,079 [INFO] ThirdParty:1030 - CMSIS Pack Vendor :STMicroelectronics X-CUBE-AZRTOS-G4 2.0.0
2026-04-21 21:53:02,079 [INFO] ThirdParty:1030 - CMSIS Pack Vendor :STMicroelectronics X-CUBE-WB05N 2.0.0
2026-04-21 21:53:02,079 [INFO] ThirdParty:1030 - CMSIS Pack Vendor :STMicroelectronics PDM2PCM 3.1.0
2026-04-21 21:53:02,079 [INFO] ThirdParty:1030 - CMSIS Pack Vendor :STMicroelectronics PDM2PCM 3.3.0
2026-04-21 21:53:02,080 [INFO] ThirdParty:1030 - CMSIS Pack Vendor :wolfSSL I-CUBE-wolfTPM 3.8.0
2026-04-21 21:53:02,080 [INFO] ThirdParty:1030 - CMSIS Pack Vendor :STMicroelectronics X-CUBE-AZRTOS-H7 3.4.0
2026-04-21 21:53:02,080 [INFO] ThirdParty:1030 - CMSIS Pack Vendor :STMicroelectronics X-CUBE-DISPLAY 3.0.0
2026-04-21 21:53:02,080 [INFO] ThirdParty:1030 - CMSIS Pack Vendor :wolfSSL I-CUBE-wolfSSH 1.4.20
2026-04-21 21:53:02,080 [INFO] ThirdParty:1030 - CMSIS Pack Vendor :STMicroelectronics X-CUBE-NFC7 2.0.0
2026-04-21 21:53:02,080 [INFO] ThirdParty:1030 - CMSIS Pack Vendor :STMicroelectronics FP-SNS-MOTENVWB1 1.5.0
2026-04-21 21:53:02,080 [INFO] ThirdParty:1030 - CMSIS Pack Vendor :STMicroelectronics X-CUBE-TCPP 4.2.0
2026-04-21 21:53:02,080 [INFO] ThirdParty:1030 - CMSIS Pack Vendor :RealThread X-CUBE-RT-Thread_Nano 4.1.1
2026-04-21 21:53:02,080 [INFO] ThirdParty:1030 - CMSIS Pack Vendor :STMicroelectronics FP-ATR-SIGFOX1 3.2.0
2026-04-21 21:53:02,080 [INFO] ThirdParty:1030 - CMSIS Pack Vendor :STMicroelectronics X-CUBE-NFC10 1.0.0
2026-04-21 21:53:02,081 [INFO] ThirdParty:1030 - CMSIS Pack Vendor :STMicroelectronics HAL Drivers 0.0.0
2026-04-21 21:53:02,081 [INFO] ThirdParty:1030 - CMSIS Pack Vendor :STMicroelectronics X-CUBE-FREERTOS 1.5.0
2026-04-21 21:53:02,081 [INFO] ThirdParty:1030 - CMSIS Pack Vendor :STMicroelectronics MBEDTLS 2.16.2
2026-04-21 21:53:02,081 [INFO] ThirdParty:1030 - CMSIS Pack Vendor :STMicroelectronics X-CUBE-ST60 1.1.0
2026-04-21 21:53:02,081 [INFO] ThirdParty:1030 - CMSIS Pack Vendor :STMicroelectronics X-CUBE-ALS 1.0.2
2026-04-21 21:53:02,081 [INFO] ThirdParty:1030 - CMSIS Pack Vendor :emotas I-CUBE-CANOPEN 1.3.0
2026-04-21 21:53:02,081 [INFO] ThirdParty:1030 - CMSIS Pack Vendor :STMicroelectronics MBEDTLS 2.14.1
2026-04-21 21:53:02,081 [INFO] ThirdParty:1030 - CMSIS Pack Vendor :STMicroelectronics X-CUBE-GNSS1 7.1.0
2026-04-21 21:53:02,081 [INFO] ThirdParty:1030 - CMSIS Pack Vendor :ITTIA_DB I-CUBE-ITTIADB 8.9.0
2026-04-21 21:53:02,081 [INFO] ThirdParty:1030 - CMSIS Pack Vendor :STMicroelectronics X-CUBE-TOUCHGFX 4.26.0
2026-04-21 21:53:02,081 [INFO] ThirdParty:1030 - CMSIS Pack Vendor :STMicroelectronics X-CUBE-TOUCHGFX 4.26.1
2026-04-21 21:53:02,081 [INFO] ThirdParty:1030 - CMSIS Pack Vendor :STMicroelectronics X-CUBE-NFC6 3.2.0
2026-04-21 21:53:02,081 [INFO] ThirdParty:1030 - CMSIS Pack Vendor :STMicroelectronics FP-SNS-STBOX1 2.1.0
2026-04-21 21:53:02,081 [INFO] ThirdParty:1030 - CMSIS Pack Vendor :STMicroelectronics X-CUBE-AI 10.2.0
2026-04-21 21:53:02,081 [INFO] ThirdParty:1030 - CMSIS Pack Vendor :STMicroelectronics FP-SNS-STAIOTCFT 1.0.0
2026-04-21 21:53:02,081 [INFO] ThirdParty:1030 - CMSIS Pack Vendor :STMicroelectronics ThreadX 1.0.0
2026-04-21 21:53:02,081 [INFO] ThirdParty:1030 - CMSIS Pack Vendor :STMicroelectronics FP-SNS-SMARTAG2 1.2.0
2026-04-21 21:53:02,081 [INFO] ThirdParty:1030 - CMSIS Pack Vendor :STMicroelectronics FP-SNS-FLIGHT1 5.1.0
2026-04-21 21:53:02,081 [INFO] ThirdParty:1030 - CMSIS Pack Vendor :STMicroelectronics X-CUBE-AZRTOS-WL 2.0.0
2026-04-21 21:53:02,081 [INFO] ThirdParty:1030 - CMSIS Pack Vendor :SEGGER I-CUBE-embOS 1.3.1
2026-04-21 21:53:02,081 [INFO] ThirdParty:1030 - CMSIS Pack Vendor :STMicroelectronics X-CUBE-ALGOBUILD 1.4.0
2026-04-21 21:53:02,081 [INFO] ThirdParty:1030 - CMSIS Pack Vendor :STMicroelectronics X-CUBE-DPower 1.3.0
2026-04-21 21:53:02,081 [INFO] ThirdParty:1030 - CMSIS Pack Vendor :STMicroelectronics USB_DEVICE 1.0.0
2026-04-21 21:53:02,081 [INFO] ThirdParty:1030 - CMSIS Pack Vendor :STMicroelectronics X-CUBE-AZRTOS-H7RS 1.2.0
2026-04-21 21:53:02,081 [INFO] ThirdParty:1030 - CMSIS Pack Vendor :STMicroelectronics X-CUBE-AZRTOS-L4 2.0.0
2026-04-21 21:53:02,081 [INFO] ThirdParty:1030 - CMSIS Pack Vendor :STMicroelectronics ThreadX 0.0.2
2026-04-21 21:53:02,081 [INFO] ThirdParty:1030 - CMSIS Pack Vendor :STMicroelectronics lwIP 2.1.2
2026-04-21 21:53:02,081 [INFO] ThirdParty:1030 - CMSIS Pack Vendor :STMicroelectronics X-CUBE-SFXS2LP1 4.0.0
2026-04-21 21:53:02,081 [INFO] ThirdParty:1030 - CMSIS Pack Vendor :STMicroelectronics X-CUBE-BLE2 3.3.0
2026-04-21 21:53:02,081 [INFO] ThirdParty:1030 - CMSIS Pack Vendor :Avnet-IOTCONNECT X-CUBE-iotc-st67-sdk 1.0.0
2026-04-21 21:53:02,081 [INFO] ThirdParty:1030 - CMSIS Pack Vendor :STMicroelectronics X-CUBE-TOF1 3.4.3
2026-04-21 21:53:02,081 [INFO] ThirdParty:1030 - CMSIS Pack Vendor :Infineon AIROC-Wi-Fi-Bluetooth-STM32 1.8.0
2026-04-21 21:53:02,082 [INFO] ThirdParty:1030 - CMSIS Pack Vendor :STMicroelectronics PDM2PCM 3.2.0
2026-04-21 21:53:02,082 [INFO] ThirdParty:1030 - CMSIS Pack Vendor :STMicroelectronics X-CUBE-WB05N 2.1.0
2026-04-21 21:53:02,082 [INFO] ThirdParty:1030 - CMSIS Pack Vendor :STMicroelectronics X-CUBE-ST67W61 1.2.0
2026-04-21 21:53:02,082 [INFO] ThirdParty:841 - exiting critical section [change project]
2026-04-21 21:53:02,389 [INFO] PinOutPanel:1589 - setPackage(No Configuration,No Configuration)
2026-04-21 21:53:02,392 [INFO] PinOutPanel:1589 - setPackage(STM32F103C8Tx,LQFP48)
2026-04-21 21:53:02,991 [INFO] UtilMem:75 - Before build in PCC Used Memory: 635974528 Bytes (1073741824)
2026-04-21 21:53:03,889 [INFO] UtilMem:75 - After build in PCC Used Memory: 712520576 Bytes (1073741824)
2026-04-21 21:53:03,924 [INFO] IPUIPlugin:80 - create IPUIPlugin
2026-04-21 21:53:03,925 [INFO] IPUIPlugin:80 - create IPUIPlugin
2026-04-21 21:53:03,925 [INFO] IPUIPlugin:80 - create IPUIPlugin
2026-04-21 21:53:03,925 [INFO] IPUIPlugin:80 - create IPUIPlugin
2026-04-21 21:53:03,926 [INFO] IPUIPlugin:80 - create IPUIPlugin
2026-04-21 21:53:03,926 [INFO] IPUIPlugin:80 - create IPUIPlugin
2026-04-21 21:53:03,926 [INFO] IPUIPlugin:80 - create IPUIPlugin
2026-04-21 21:53:03,927 [INFO] IPUIPlugin:80 - create IPUIPlugin
2026-04-21 21:53:03,927 [INFO] IPUIPlugin:80 - create IPUIPlugin
2026-04-21 21:53:03,927 [INFO] IPUIPlugin:80 - create IPUIPlugin
2026-04-21 21:53:03,927 [INFO] IPUIPlugin:80 - create IPUIPlugin
2026-04-21 21:53:03,927 [INFO] IPUIPlugin:80 - create IPUIPlugin
2026-04-21 21:53:03,928 [INFO] IPUIPlugin:80 - create IPUIPlugin
2026-04-21 21:53:03,928 [INFO] IPUIPlugin:80 - create IPUIPlugin
2026-04-21 21:53:03,928 [INFO] IPUIPlugin:80 - create IPUIPlugin
2026-04-21 21:53:03,928 [INFO] IPUIPlugin:80 - create IPUIPlugin
2026-04-21 21:53:03,930 [INFO] IPUIPlugin:80 - create IPUIPlugin
2026-04-21 21:53:03,930 [INFO] IPUIPlugin:80 - create IPUIPlugin
2026-04-21 21:53:03,930 [INFO] IPUIPlugin:80 - create IPUIPlugin
2026-04-21 21:53:03,931 [INFO] IPUIPlugin:80 - create IPUIPlugin
2026-04-21 21:53:03,931 [INFO] IPUIPlugin:80 - create IPUIPlugin
2026-04-21 21:53:03,931 [INFO] IPUIPlugin:80 - create IPUIPlugin
2026-04-21 21:53:03,932 [INFO] IPUIPlugin:80 - create IPUIPlugin
2026-04-21 21:53:03,932 [INFO] IPUIPlugin:80 - create IPUIPlugin
2026-04-21 21:53:03,932 [INFO] IPUIPlugin:80 - create IPUIPlugin
2026-04-21 21:53:03,932 [INFO] IPUIPlugin:80 - create IPUIPlugin
2026-04-21 21:53:03,932 [INFO] IPUIPlugin:80 - create IPUIPlugin
2026-04-21 21:53:04,202 [INFO] CADModel:165 - CPN selected for project levelSTM32F103C8T6
2026-04-21 21:53:04,202 [INFO] CADModel:114 - Register for checkConnection events
2026-04-21 21:53:04,259 [INFO] OpenFileManager:386 - Restore cursor
2026-04-21 21:56:53,488 [ERROR] LogOutputStream:75 - [STDERR_REDIRECT] Exception in thread "AWT-EventQueue-0" java.lang.ClassCastException: class sun.awt.windows.WEmbeddedFrame cannot be cast to class javax.swing.JFrame (sun.awt.windows.WEmbeddedFrame and javax.swing.JFrame are in module java.desktop of loader 'bootstrap')
2026-04-21 21:56:53,492 [ERROR] LogOutputStream:75 - [STDERR_REDIRECT] 	at com.st.microxplorer.plugins.clock.ClockConfigurationView.activatePlugin(ClockConfigurationView.java:424)
2026-04-21 21:56:53,495 [ERROR] LogOutputStream:75 - [STDERR_REDIRECT] 	at com.st.microxplorer.maingui.MainPanel$1.stateChanged(MainPanel.java:385)
2026-04-21 21:56:53,496 [ERROR] LogOutputStream:75 - [STDERR_REDIRECT] 	at java.desktop/javax.swing.JTabbedPane.fireStateChanged(JTabbedPane.java:446)
2026-04-21 21:56:53,499 [ERROR] LogOutputStream:75 - [STDERR_REDIRECT] 	at java.desktop/javax.swing.JTabbedPane$ModelListener.stateChanged(JTabbedPane.java:297)
2026-04-21 21:56:53,500 [ERROR] LogOutputStream:75 - [STDERR_REDIRECT] 	at java.desktop/javax.swing.DefaultSingleSelectionModel.fireStateChanged(DefaultSingleSelectionModel.java:148)
2026-04-21 21:56:53,502 [ERROR] LogOutputStream:75 - [STDERR_REDIRECT] 	at java.desktop/javax.swing.DefaultSingleSelectionModel.setSelectedIndex(DefaultSingleSelectionModel.java:79)
2026-04-21 21:56:53,504 [ERROR] LogOutputStream:75 - [STDERR_REDIRECT] 	at java.desktop/javax.swing.JTabbedPane.setSelectedIndexImpl(JTabbedPane.java:650)
2026-04-21 21:56:53,505 [ERROR] LogOutputStream:75 - [STDERR_REDIRECT] 	at java.desktop/javax.swing.JTabbedPane.setSelectedIndex(JTabbedPane.java:625)
2026-04-21 21:56:53,507 [ERROR] LogOutputStream:75 - [STDERR_REDIRECT] 	at java.desktop/javax.swing.plaf.basic.BasicTabbedPaneUI$Handler.mousePressed(BasicTabbedPaneUI.java:4140)
2026-04-21 21:56:53,509 [ERROR] LogOutputStream:75 - [STDERR_REDIRECT] 	at java.desktop/java.awt.Component.processMouseEvent(Component.java:6618)
2026-04-21 21:56:53,511 [ERROR] LogOutputStream:75 - [STDERR_REDIRECT] 	at java.desktop/javax.swing.JComponent.processMouseEvent(JComponent.java:3398)
2026-04-21 21:56:53,512 [ERROR] LogOutputStream:75 - [STDERR_REDIRECT] 	at java.desktop/java.awt.Component.processEvent(Component.java:6386)
2026-04-21 21:56:53,513 [ERROR] LogOutputStream:75 - [STDERR_REDIRECT] 	at java.desktop/java.awt.Container.processEvent(Container.java:2266)
2026-04-21 21:56:53,514 [ERROR] LogOutputStream:75 - [STDERR_REDIRECT] 	at java.desktop/java.awt.Component.dispatchEventImpl(Component.java:4996)
2026-04-21 21:56:53,515 [ERROR] LogOutputStream:75 - [STDERR_REDIRECT] 	at java.desktop/java.awt.Container.dispatchEventImpl(Container.java:2324)
2026-04-21 21:56:53,516 [ERROR] LogOutputStream:75 - [STDERR_REDIRECT] 	at java.desktop/java.awt.Component.dispatchEvent(Component.java:4828)
2026-04-21 21:56:53,518 [ERROR] LogOutputStream:75 - [STDERR_REDIRECT] 	at java.desktop/java.awt.LightweightDispatcher.retargetMouseEvent(Container.java:4948)
2026-04-21 21:56:53,520 [ERROR] LogOutputStream:75 - [STDERR_REDIRECT] 	at java.desktop/java.awt.LightweightDispatcher.processMouseEvent(Container.java:4572)
2026-04-21 21:56:53,521 [ERROR] LogOutputStream:75 - [STDERR_REDIRECT] 	at java.desktop/java.awt.LightweightDispatcher.dispatchEvent(Container.java:4516)
2026-04-21 21:56:53,523 [ERROR] LogOutputStream:75 - [STDERR_REDIRECT] 	at java.desktop/java.awt.Container.dispatchEventImpl(Container.java:2310)
2026-04-21 21:56:53,524 [ERROR] LogOutputStream:75 - [STDERR_REDIRECT] 	at java.desktop/java.awt.Component.dispatchEvent(Component.java:4828)
2026-04-21 21:56:53,526 [ERROR] LogOutputStream:75 - [STDERR_REDIRECT] 	at java.desktop/java.awt.EventQueue.dispatchEventImpl(EventQueue.java:775)
2026-04-21 21:56:53,527 [ERROR] LogOutputStream:75 - [STDERR_REDIRECT] 	at java.desktop/java.awt.EventQueue$4.run(EventQueue.java:720)
2026-04-21 21:56:53,528 [ERROR] LogOutputStream:75 - [STDERR_REDIRECT] 	at java.desktop/java.awt.EventQueue$4.run(EventQueue.java:714)
2026-04-21 21:56:53,529 [ERROR] LogOutputStream:75 - [STDERR_REDIRECT] 	at java.base/java.security.AccessController.doPrivileged(AccessController.java:400)
2026-04-21 21:56:53,530 [ERROR] LogOutputStream:75 - [STDERR_REDIRECT] 	at java.base/java.security.ProtectionDomain$JavaSecurityAccessImpl.doIntersectionPrivilege(ProtectionDomain.java:87)
2026-04-21 21:56:53,532 [ERROR] LogOutputStream:75 - [STDERR_REDIRECT] 	at java.base/java.security.ProtectionDomain$JavaSecurityAccessImpl.doIntersectionPrivilege(ProtectionDomain.java:98)
2026-04-21 21:56:53,533 [ERROR] LogOutputStream:75 - [STDERR_REDIRECT] 	at java.desktop/java.awt.EventQueue$5.run(EventQueue.java:747)
2026-04-21 21:56:53,535 [ERROR] LogOutputStream:75 - [STDERR_REDIRECT] 	at java.desktop/java.awt.EventQueue$5.run(EventQueue.java:745)
2026-04-21 21:56:53,538 [ERROR] LogOutputStream:75 - [STDERR_REDIRECT] 	at java.base/java.security.AccessController.doPrivileged(AccessController.java:400)
2026-04-21 21:56:53,539 [ERROR] LogOutputStream:75 - [STDERR_REDIRECT] 	at java.base/java.security.ProtectionDomain$JavaSecurityAccessImpl.doIntersectionPrivilege(ProtectionDomain.java:87)
2026-04-21 21:56:53,540 [ERROR] LogOutputStream:75 - [STDERR_REDIRECT] 	at java.desktop/java.awt.EventQueue.dispatchEvent(EventQueue.java:744)
2026-04-21 21:56:53,543 [ERROR] LogOutputStream:75 - [STDERR_REDIRECT] 	at java.desktop/java.awt.EventDispatchThread.pumpOneEventForFilters(EventDispatchThread.java:203)
2026-04-21 21:56:53,544 [ERROR] LogOutputStream:75 - [STDERR_REDIRECT] 	at java.desktop/java.awt.EventDispatchThread.pumpEventsForFilter(EventDispatchThread.java:124)
2026-04-21 21:56:53,545 [ERROR] LogOutputStream:75 - [STDERR_REDIRECT] 	at java.desktop/java.awt.EventDispatchThread.pumpEventsForHierarchy(EventDispatchThread.java:113)
2026-04-21 21:56:53,546 [ERROR] LogOutputStream:75 - [STDERR_REDIRECT] 	at java.desktop/java.awt.EventDispatchThread.pumpEvents(EventDispatchThread.java:109)
2026-04-21 21:56:53,548 [ERROR] LogOutputStream:75 - [STDERR_REDIRECT] 	at java.desktop/java.awt.EventDispatchThread.pumpEvents(EventDispatchThread.java:101)
2026-04-21 21:56:53,549 [ERROR] LogOutputStream:75 - [STDERR_REDIRECT] 	at java.desktop/java.awt.EventDispatchThread.run(EventDispatchThread.java:90)
2026-04-21 22:01:12,305 [INFO] NvicIntPanel:101 - NVIC parent = com.st.microxplorer.plugins.ip.nvic.MultiNvicIntPanel[,0,0,0x0,invalid,layout=javax.swing.BoxLayout,alignmentX=0.0,alignmentY=0.0,border=,flags=9,maximumSize=,minimumSize=,preferredSize=]
2026-04-21 22:02:12,162 [INFO] UtilMem:75 - End SaveConfig() Used Memory: 1017108168 Bytes (1073741824)
2026-04-21 22:02:14,406 [INFO] UtilMem:75 - End SaveConfig() Used Memory: 736269616 Bytes (1073741824)
2026-04-21 22:02:15,186 [INFO] BlockDiagram:2775 - set Specific Code input for plugin: NVIC
2026-04-21 22:02:15,186 [INFO] BlockDiagram:2775 - set Specific Code input for plugin: USART
2026-04-21 22:02:15,186 [INFO] BlockDiagram:2775 - set Specific Code input for plugin: TIM1_8F1
2026-04-21 22:02:15,187 [INFO] BlockDiagram:2775 - set Specific Code input for plugin: SYS
2026-04-21 22:02:15,187 [INFO] BlockDiagram:2775 - set Specific Code input for plugin: GPIO
2026-04-21 22:02:15,187 [INFO] BlockDiagram:2775 - set Specific Code input for plugin: ADC
2026-04-21 22:02:15,187 [INFO] BlockDiagram:2775 - set Specific Code input for plugin: RCC
2026-04-21 22:02:15,190 [INFO] CodeGenerator:892 - code generatio: config db path: C:\ST\STM32CubeIDE_1.19.0\STM32CubeIDE\plugins\com.st.stm32cube.common.mx_6.15.0.202507011659\\db\
2026-04-21 22:02:15,390 [INFO] CodeEngine:265 - oldGeneratedFile, C:\GIT\AulasMicroFatecTaubate2025_2\Exemplos_Codigo_STM32\Exemplo1_PWM\MXTmpFiles\license.tmp_save
2026-04-21 22:02:15,907 [INFO] CodeEngine:289 - Generated code: C:\GIT\AulasMicroFatecTaubate2025_2\Exemplos_Codigo_STM32\Exemplo1_PWM\MXTmpFiles\license.tmp
2026-04-21 22:02:16,070 [INFO] CodeEngine:265 - oldGeneratedFile, C:\GIT\AulasMicroFatecTaubate2025_2\Exemplos_Codigo_STM32\Exemplo1_PWM\MXTmpFiles\gpio.tmp_save
2026-04-21 22:02:16,232 [INFO] CodeEngine:289 - Generated code: C:\GIT\AulasMicroFatecTaubate2025_2\Exemplos_Codigo_STM32\Exemplo1_PWM\MXTmpFiles\gpio.tmp
2026-04-21 22:02:16,421 [INFO] CodeEngine:265 - oldGeneratedFile, C:\GIT\AulasMicroFatecTaubate2025_2\Exemplos_Codigo_STM32\Exemplo1_PWM\Core\Src\stm32f1xx_it.c_save
2026-04-21 22:02:16,585 [INFO] CodeEngine:289 - Generated code: C:\GIT\AulasMicroFatecTaubate2025_2\Exemplos_Codigo_STM32\Exemplo1_PWM\Core\Src\stm32f1xx_it.c
2026-04-21 22:02:16,602 [INFO] CodeEngine:265 - oldGeneratedFile, C:\GIT\AulasMicroFatecTaubate2025_2\Exemplos_Codigo_STM32\Exemplo1_PWM\Core\Inc\stm32f1xx_it.h_save
2026-04-21 22:02:16,708 [INFO] CodeEngine:289 - Generated code: C:\GIT\AulasMicroFatecTaubate2025_2\Exemplos_Codigo_STM32\Exemplo1_PWM\Core\Inc\stm32f1xx_it.h
2026-04-21 22:02:16,736 [INFO] CodeEngine:265 - oldGeneratedFile, C:\GIT\AulasMicroFatecTaubate2025_2\Exemplos_Codigo_STM32\Exemplo1_PWM\Core\Src\stm32f1xx_hal_msp.c_save
2026-04-21 22:02:16,947 [INFO] CodeEngine:289 - Generated code: C:\GIT\AulasMicroFatecTaubate2025_2\Exemplos_Codigo_STM32\Exemplo1_PWM\Core\Src\stm32f1xx_hal_msp.c
2026-04-21 22:02:16,956 [INFO] CodeEngine:265 - oldGeneratedFile, C:\GIT\AulasMicroFatecTaubate2025_2\Exemplos_Codigo_STM32\Exemplo1_PWM\MXTmpFiles\system.tmp_save
2026-04-21 22:02:17,040 [INFO] CodeEngine:289 - Generated code: C:\GIT\AulasMicroFatecTaubate2025_2\Exemplos_Codigo_STM32\Exemplo1_PWM\MXTmpFiles\system.tmp
2026-04-21 22:02:17,066 [INFO] CodeEngine:321 - oldGeneratedFile, C:\GIT\AulasMicroFatecTaubate2025_2\Exemplos_Codigo_STM32\Exemplo1_PWM\Core\Inc\stm32f1xx_hal_conf.h_save
2026-04-21 22:02:17,178 [INFO] CodeEngine:345 - Generated code: C:\GIT\AulasMicroFatecTaubate2025_2\Exemplos_Codigo_STM32\Exemplo1_PWM\Core\Inc\stm32f1xx_hal_conf.h
2026-04-21 22:02:17,226 [INFO] ApiDbMcu:532 - Load IP Config File for ADC1
2026-04-21 22:02:17,244 [INFO] ApiDbMcu:532 - Load IP Config File for TIM1
2026-04-21 22:02:17,251 [INFO] ApiDbMcu:532 - Load IP Config File for USART1
2026-04-21 22:02:17,257 [INFO] ApiDbMcu:532 - Load IP Config File for RCC
2026-04-21 22:02:17,260 [WARN] IPConfigManager:3811 - IP not found : TIM
2026-04-21 22:02:17,263 [WARN] CodeGenerator:4259 - IP not found : null
2026-04-21 22:02:17,279 [INFO] CodeEngine:265 - oldGeneratedFile, C:\GIT\AulasMicroFatecTaubate2025_2\Exemplos_Codigo_STM32\Exemplo1_PWM\Core\Inc\main.h_save
2026-04-21 22:02:17,411 [INFO] CodeEngine:289 - Generated code: C:\GIT\AulasMicroFatecTaubate2025_2\Exemplos_Codigo_STM32\Exemplo1_PWM\Core\Inc\main.h
2026-04-21 22:02:17,425 [INFO] CodeEngine:265 - oldGeneratedFile, C:\GIT\AulasMicroFatecTaubate2025_2\Exemplos_Codigo_STM32\Exemplo1_PWM\Core\Src\main.c_save
2026-04-21 22:02:17,702 [INFO] CodeEngine:289 - Generated code: C:\GIT\AulasMicroFatecTaubate2025_2\Exemplos_Codigo_STM32\Exemplo1_PWM\Core\Src\main.c
2026-04-21 22:02:18,266 [INFO] ProjectBuilder:3606 - Time for Copy HAL[1] : 297mS.
2026-04-21 22:02:18,276 [INFO] ProjectBuilder:5216 - Project Generator version: 4.7.0-B52
2026-04-21 22:02:18,381 [INFO] ConfigFileManager:1595 - The Die is : DIE410
2026-04-21 22:02:18,391 [INFO] ApiDbMcu:532 - Load IP Config File for FATFS
2026-04-21 22:02:18,398 [INFO] ApiDbMcu:532 - Load IP Config File for FREERTOS
2026-04-21 22:02:18,408 [INFO] ApiDbMcu:532 - Load IP Config File for USB_DEVICE
2026-04-21 22:02:18,875 [INFO] LogOutputStream:77 - [STDOUT_REDIRECT] 
2026-04-21 22:02:20,483 [INFO] ProjectBuilder:5496 - Time for Generating toolchain IDE Files: 2205mS.
2026-04-21 22:02:20,485 [INFO] ProjectBuilder:3463 - Time for Copy CMSIS : 1mS.
2026-04-21 22:02:20,496 [INFO] ProjectBuilder:3463 - Time for Copy CMSIS : 0mS.
2026-04-21 22:15:33,841 [INFO] NvicIntPanel:101 - NVIC parent = com.st.microxplorer.plugins.ip.nvic.MultiNvicIntPanel[,0,0,0x0,invalid,layout=javax.swing.BoxLayout,alignmentX=0.0,alignmentY=0.0,border=,flags=9,maximumSize=,minimumSize=,preferredSize=]
2026-04-21 22:19:16,114 [INFO] MainUpdater:2872 - connection check result : 10
2026-04-21 22:19:16,235 [INFO] McuFinderGlobals:76 - Set McuFinderConnectedMode to true
2026-04-21 22:19:16,236 [INFO] MultiScanPanel:200 - Auto-refresh data requested => check proxy status ongoing
2026-04-21 22:19:16,237 [INFO] FinderPluginLoader:96 - Searching for filters in installed packs
2026-04-21 22:19:18,182 [INFO] LoadUrlFilesThread:185 - End of LoadServerUrlFiles without Thread
2026-04-21 22:19:18,182 [INFO] DetailPanel:341 - Set advertising image to C:/Users/User/STM32Cube/Repository/\en.prom-stm32u3b5-u3c5-0426.jpg
2026-04-21 22:20:08,817 [INFO] MainUpdater:2872 - connection check result : 10
2026-04-21 22:20:08,817 [INFO] MainUpdater:2872 - connection check result : 10
2026-04-21 22:20:08,948 [INFO] MicroXplorer:468 - Change Database Path : 
2026-04-21 22:20:08,948 [INFO] MicroXplorer:498 - Change Database Version : DB.6.0.150
2026-04-21 22:20:08,990 [ERROR] ProjectManagerView:395 - 
java.lang.NullPointerException: Cannot invoke "javax.swing.JTextField.getText()" because the return value of "java.util.List.get(int)" is null
	at com.st.microxplorer.plugins.projectmanager.gui.ProjectChoiceTab$9.caretUpdate(ProjectChoiceTab.java:2706) ~[filemanager.jar:?]
	at javax.swing.text.JTextComponent.fireCaretUpdate(JTextComponent.java:408) ~[?:?]
	at javax.swing.text.JTextComponent$MutableCaretEvent.fire(JTextComponent.java:4484) ~[?:?]
	at javax.swing.text.JTextComponent$MutableCaretEvent.stateChanged(JTextComponent.java:4506) ~[?:?]
	at javax.swing.text.DefaultCaret.fireStateChanged(DefaultCaret.java:857) ~[?:?]
	at javax.swing.text.DefaultCaret.changeCaretPosition(DefaultCaret.java:1343) ~[?:?]
	at javax.swing.text.DefaultCaret.handleSetDot(DefaultCaret.java:1242) ~[?:?]
	at javax.swing.text.DefaultCaret.setDot(DefaultCaret.java:1223) ~[?:?]
	at javax.swing.text.DefaultCaret$Handler.insertUpdate(DefaultCaret.java:1819) ~[?:?]
	at javax.swing.text.AbstractDocument.fireInsertUpdate(AbstractDocument.java:227) ~[?:?]
	at javax.swing.text.AbstractDocument.handleInsertString(AbstractDocument.java:781) ~[?:?]
	at javax.swing.text.AbstractDocument.insertString(AbstractDocument.java:740) ~[?:?]
	at javax.swing.text.PlainDocument.insertString(PlainDocument.java:131) ~[?:?]
	at javax.swing.text.AbstractDocument.replace(AbstractDocument.java:699) ~[?:?]
	at javax.swing.text.JTextComponent.setText(JTextComponent.java:1725) ~[?:?]
	at com.st.microxplorer.plugins.projectmanager.gui.ProjectChoiceTab.createHeapStackFields(ProjectChoiceTab.java:993) ~[filemanager.jar:?]
	at com.st.microxplorer.plugins.projectmanager.gui.ProjectChoiceTab.buildLinkSettingsPanel(ProjectChoiceTab.java:3813) ~[filemanager.jar:?]
	at com.st.microxplorer.plugins.projectmanager.gui.ProjectChoiceTab.defineWindowsFields(ProjectChoiceTab.java:1987) ~[filemanager.jar:?]
	at com.st.microxplorer.plugins.projectmanager.gui.ProjectChoiceTab.updateSettings(ProjectChoiceTab.java:558) ~[filemanager.jar:?]
	at com.st.microxplorer.plugins.projectmanager.gui.ProjectSettingsPanel.UpdateDialog(ProjectSettingsPanel.java:247) ~[filemanager.jar:?]
	at com.st.microxplorer.plugins.projectmanager.ProjectManagerView.propertyChange(ProjectManagerView.java:392) ~[filemanager.jar:?]
	at java.beans.PropertyChangeSupport.fire(PropertyChangeSupport.java:343) ~[?:?]
	at java.beans.PropertyChangeSupport.firePropertyChange(PropertyChangeSupport.java:335) ~[?:?]
	at java.beans.PropertyChangeSupport.firePropertyChange(PropertyChangeSupport.java:268) ~[?:?]
	at com.st.microxplorer.util.MXPropertyChangeSupport.firePropertyChange(MXPropertyChangeSupport.java:54) ~[STM32CubeMX.jar:?]
	at com.st.microxplorer.mxsystem.MxSystem.closeConfig(MxSystem.java:899) ~[STM32CubeMX.jar:?]
	at com.st.microxplorer.maingui.MainPanel.closeConfig(MainPanel.java:792) ~[STM32CubeMX.jar:?]
	at com.st.microxplorer.plugins.filemanager.engine.OpenFileManager.loadConfigurationFile(OpenFileManager.java:288) ~[filemanager.jar:?]
	at com.st.microxplorer.plugins.filemanager.engine.MainFileManager.userLoadConfig(MainFileManager.java:364) ~[filemanager.jar:?]
	at com.st.microxplorer.plugins.filemanager.engine.MainFileManager.userLoadConfig(MainFileManager.java:342) ~[filemanager.jar:?]
	at com.st.microxplorer.plugins.filemanager.FileManagerView.getSpecificTask(FileManagerView.java:264) ~[filemanager.jar:?]
	at com.st.stm32cube.common.mx.editor.CubeMxEditor.getMxTabbedPaneInstance(CubeMxEditor.java:1198) ~[com.st.stm32cube.common.mx_6.15.0.202507011659/:?]
	at com.st.stm32cube.common.mx.editor.CubeMxEditor$12$1.createSwingComponent(CubeMxEditor.java:1068) ~[com.st.stm32cube.common.mx_6.15.0.202507011659/:?]
	at com.st.stm32cube.common.mx.oss.core.awtswtbridge.EmbeddedSwingComposite.doComponentCreation(EmbeddedSwingComposite.java:492) ~[com.st.stm32cube.common.mx.oss_6.15.0.202507011659/:?]
	at com.st.stm32cube.common.mx.oss.core.awtswtbridge.EmbeddedSwingComposite$4.run(EmbeddedSwingComposite.java:291) ~[com.st.stm32cube.common.mx.oss_6.15.0.202507011659/:?]
	at com.st.stm32cube.common.mx.oss.core.awtswtbridge.AwtEnvironment$2.run(AwtEnvironment.java:166) ~[com.st.stm32cube.common.mx.oss_6.15.0.202507011659/:?]
	at java.awt.event.InvocationEvent.dispatch(InvocationEvent.java:318) ~[?:?]
	at java.awt.EventQueue.dispatchEventImpl(EventQueue.java:773) ~[?:?]
	at java.awt.EventQueue$4.run(EventQueue.java:720) ~[?:?]
	at java.awt.EventQueue$4.run(EventQueue.java:714) ~[?:?]
	at java.security.AccessController.doPrivileged(AccessController.java:400) ~[?:?]
	at java.security.ProtectionDomain$JavaSecurityAccessImpl.doIntersectionPrivilege(ProtectionDomain.java:87) ~[?:?]
	at java.awt.EventQueue.dispatchEvent(EventQueue.java:742) ~[?:?]
	at java.awt.EventDispatchThread.pumpOneEventForFilters(EventDispatchThread.java:203) ~[?:?]
	at java.awt.EventDispatchThread.pumpEventsForFilter(EventDispatchThread.java:124) ~[?:?]
	at java.awt.EventDispatchThread.pumpEventsForHierarchy(EventDispatchThread.java:113) ~[?:?]
	at java.awt.EventDispatchThread.pumpEvents(EventDispatchThread.java:109) ~[?:?]
	at java.awt.EventDispatchThread.pumpEvents(EventDispatchThread.java:101) ~[?:?]
	at java.awt.EventDispatchThread.run(EventDispatchThread.java:90) ~[?:?]
2026-04-21 22:20:09,018 [WARN] ThirdParty:871 - waiting for thirdparty lock release [close project]
2026-04-21 22:20:09,018 [INFO] ThirdParty:873 - entering critical section [close project]
2026-04-21 22:20:09,021 [INFO] ThirdParty:883 - exiting critical section [close project]
2026-04-21 22:20:09,025 [INFO] PinOutPanel:1589 - setPackage(No Configuration,No Configuration)
2026-04-21 22:20:09,043 [INFO] UtilMem:75 - Begin LoadConfig() Used Memory: 788516552 Bytes (1073741824)
2026-04-21 22:20:09,044 [INFO] MicroXplorer:468 - Change Database Path : 
2026-04-21 22:20:09,045 [INFO] MicroXplorer:498 - Change Database Version : DB.6.0.150
2026-04-21 22:20:09,045 [INFO] OpenFileManager:355 - Change cursor
2026-04-21 22:20:09,120 [INFO] RulesReader:64 - Compatibility file has been processed (317 Rules)
2026-04-21 22:20:09,131 [INFO] Mcu:2029 - Initializing MCU STM32F103C(8-B)Tx STM32F103C8Tx STM32F103C8T6
2026-04-21 22:20:10,081 [INFO] Context:786 - Trying to add GPIOservice into a context  which must be forbidden
2026-04-21 22:20:10,320 [INFO] ImportTextPane:234 - (OptionalMessage_ERROR) Pin11 (VP_RIF_VS_RIF1) cannot be retrieved for this MCU
2026-04-21 22:20:10,519 [INFO] RtosManager:558 - Registered RTOS mode: class=CMSIS, group=RTOS, mode=CMSIS_V1, owner=FREERTOS
2026-04-21 22:20:10,519 [INFO] RtosManager:558 - Registered RTOS mode: class=CMSIS, group=RTOS2, mode=CMSIS_V2, owner=FREERTOS
2026-04-21 22:20:10,519 [INFO] RtosManager:558 - Registered RTOS mode: class=RTOS, group=Core, mode=CMSIS_V1, owner=FREERTOS
2026-04-21 22:20:10,519 [INFO] RtosManager:558 - Registered RTOS mode: class=RTOS, group=Core, mode=CMSIS_V2, owner=FREERTOS
2026-04-21 22:20:10,519 [WARN] ModelIntegratedComponent:184 - Missing modes for component STMicroelectronics:FreeRTOS:0.0.1:STMicroelectronics:RTOS:FreeRTOS:Core:::10.2.0:
2026-04-21 22:20:10,528 [WARN] ModelIntegratedComponent:63 - No mode defined for component null
2026-04-21 22:20:10,528 [WARN] ModelIntegratedComponent:63 - No mode defined for component null
2026-04-21 22:20:10,528 [WARN] ModelIntegratedComponent:63 - No mode defined for component null
2026-04-21 22:20:10,528 [WARN] ModelIntegratedComponent:63 - No mode defined for component null
2026-04-21 22:20:10,528 [WARN] ModelIntegratedComponent:63 - No mode defined for component null
2026-04-21 22:20:10,529 [WARN] ModelIntegratedComponent:63 - No mode defined for component null
2026-04-21 22:20:10,529 [WARN] ModelIntegratedComponent:63 - No mode defined for component null
2026-04-21 22:20:10,529 [WARN] ModelIntegratedComponent:63 - No mode defined for component null
2026-04-21 22:20:10,529 [WARN] ModelIntegratedComponent:63 - No mode defined for component null
2026-04-21 22:20:10,529 [WARN] ModelIntegratedComponent:63 - No mode defined for component null
2026-04-21 22:20:10,529 [WARN] ModelIntegratedComponent:63 - No mode defined for component null
2026-04-21 22:20:10,529 [WARN] ModelIntegratedComponent:63 - No mode defined for component null
2026-04-21 22:20:10,529 [WARN] ModelIntegratedComponent:63 - No mode defined for component null
2026-04-21 22:20:10,529 [WARN] ModelIntegratedComponent:63 - No mode defined for component null
2026-04-21 22:20:10,529 [WARN] ModelIntegratedComponent:63 - No mode defined for component null
2026-04-21 22:20:10,529 [WARN] ModelIntegratedComponent:63 - No mode defined for component null
2026-04-21 22:20:10,529 [WARN] ModelIntegratedComponent:63 - No mode defined for component null
2026-04-21 22:20:10,529 [WARN] ModelIntegratedComponent:63 - No mode defined for component null
2026-04-21 22:20:10,529 [WARN] ModelIntegratedComponent:63 - No mode defined for component null
2026-04-21 22:20:10,529 [WARN] ModelIntegratedComponent:63 - No mode defined for component null
2026-04-21 22:20:10,529 [WARN] ModelIntegratedComponent:63 - No mode defined for component null
2026-04-21 22:20:10,529 [WARN] ModelIntegratedComponent:63 - No mode defined for component null
2026-04-21 22:20:10,529 [WARN] ModelIntegratedComponent:63 - No mode defined for component null
2026-04-21 22:20:10,529 [WARN] ModelIntegratedComponent:63 - No mode defined for component null
2026-04-21 22:20:10,529 [WARN] ModelIntegratedComponent:63 - No mode defined for component null
2026-04-21 22:20:10,529 [WARN] ModelIntegratedComponent:63 - No mode defined for component null
2026-04-21 22:20:10,529 [WARN] ModelIntegratedComponent:63 - No mode defined for component null
2026-04-21 22:20:10,530 [WARN] ModelIntegratedComponent:63 - No mode defined for component null
2026-04-21 22:20:10,530 [WARN] ModelIntegratedComponent:63 - No mode defined for component null
2026-04-21 22:20:10,530 [WARN] ModelIntegratedComponent:63 - No mode defined for component null
2026-04-21 22:20:10,530 [WARN] ModelIntegratedComponent:63 - No mode defined for component null
2026-04-21 22:20:10,530 [WARN] ModelIntegratedComponent:63 - No mode defined for component null
2026-04-21 22:20:10,530 [WARN] ModelIntegratedComponent:63 - No mode defined for component null
2026-04-21 22:20:10,530 [WARN] ModelIntegratedComponent:63 - No mode defined for component null
2026-04-21 22:20:10,530 [WARN] ModelIntegratedComponent:63 - No mode defined for component null
2026-04-21 22:20:10,530 [WARN] ModelPack:524 - Component already loaded: STMicroelectronics:HAL Drivers:0.0.0:STMicroelectronics:Device:STMicro_Driver:XSPI:HAL::0.0.1:HAL_XSPI
2026-04-21 22:20:10,555 [INFO] ThirdPartyModel:298 - Start build external matchings
2026-04-21 22:20:11,213 [INFO] ThirdPartyModel:316 - End build external matchings
2026-04-21 22:20:11,231 [INFO] ImportTextPane:234 - (OptionalMessage_ERROR) IP (RCC) : Invalid parameter (FamilyName)
2026-04-21 22:20:11,231 [INFO] ImportTextPane:234 - (OptionalMessage_ERROR) IP (RCC) : Parameter (MCOFreq_Value) has invalid value (72000000)
2026-04-21 22:20:11,232 [INFO] ImportTextPane:234 - (OptionalMessage_ERROR) IP (RCC) : Parameter (USBFreq_Value) has invalid value (72000000)
2026-04-21 22:20:11,543 [INFO] UtilMem:75 - End LoadConfig() Used Memory: 903453120 Bytes (1073741824)
2026-04-21 22:20:11,590 [WARN] ThirdParty:833 - waiting for thirdparty lock release [change project]
2026-04-21 22:20:11,591 [INFO] ThirdParty:835 - entering critical section [change project]
2026-04-21 22:20:11,591 [INFO] ThirdParty:1030 - CMSIS Pack Vendor :STMicroelectronics X-CUBE-AZRTOS-H7 3.5.0
2026-04-21 22:20:11,591 [INFO] ThirdParty:1030 - CMSIS Pack Vendor :STMicroelectronics X-CUBE-PM33A1 1.0.0
2026-04-21 22:20:11,591 [INFO] ThirdParty:1030 - CMSIS Pack Vendor :STMicroelectronics USBPD 4.1
2026-04-21 22:20:11,591 [INFO] ThirdParty:1030 - CMSIS Pack Vendor :STMicroelectronics X-CUBE-NFC9 1.0.0
2026-04-21 22:20:11,591 [INFO] ThirdParty:1030 - CMSIS Pack Vendor :STMicroelectronics USB_HOST 2.0.0
2026-04-21 22:20:11,591 [INFO] ThirdParty:1030 - CMSIS Pack Vendor :STMicroelectronics FP-SNS-MOTENVWB1 1.4.0
2026-04-21 22:20:11,591 [INFO] ThirdParty:1030 - CMSIS Pack Vendor :STMicroelectronics X-CUBE-AZRTOS-F4 1.1.0
2026-04-21 22:20:11,591 [INFO] ThirdParty:1030 - CMSIS Pack Vendor :STMicroelectronics LIBJPEG 8.0.0
2026-04-21 22:20:11,591 [INFO] ThirdParty:1030 - CMSIS Pack Vendor :STMicroelectronics FP-ATR-ASTRA1 2.0.2
2026-04-21 22:20:11,591 [INFO] ThirdParty:1030 - CMSIS Pack Vendor :STMicroelectronics X-CUBE-BLE1 7.1.0
2026-04-21 22:20:11,591 [INFO] ThirdParty:1030 - CMSIS Pack Vendor :STMicroelectronics X-CUBE-SMBUS 2.1.0
2026-04-21 22:20:11,591 [INFO] ThirdParty:1030 - CMSIS Pack Vendor :wolfSSL I-CUBE-wolfMQTT 1.19.2
2026-04-21 22:20:11,592 [INFO] ThirdParty:1030 - CMSIS Pack Vendor :STMicroelectronics USB_DEVICE 3.0.0
2026-04-21 22:20:11,592 [INFO] ThirdParty:1030 - CMSIS Pack Vendor :STMicroelectronics X-CUBE-ISPU 2.1.0
2026-04-21 22:20:11,592 [INFO] ThirdParty:1030 - CMSIS Pack Vendor :STMicroelectronics X-CUBE-FREERTOS 1.4.0
2026-04-21 22:20:11,592 [INFO] ThirdParty:1030 - CMSIS Pack Vendor :STMicroelectronics X-CUBE-EEPRMA1 5.2.0
2026-04-21 22:20:11,592 [INFO] ThirdParty:1030 - CMSIS Pack Vendor :STMicroelectronics X-CUBE-IPS 3.2.0
2026-04-21 22:20:11,592 [INFO] ThirdParty:1030 - CMSIS Pack Vendor :STMicroelectronics X-CUBE-BLEMGR 4.1.0
2026-04-21 22:20:11,592 [INFO] ThirdParty:1030 - CMSIS Pack Vendor :STMicroelectronics eDS-WB_DPC_TT-BIDIR 2.1.1
2026-04-21 22:20:11,592 [INFO] ThirdParty:1030 - CMSIS Pack Vendor :STMicroelectronics X-CUBE-AZRTOS-WB 2.0.0
2026-04-21 22:20:11,592 [INFO] ThirdParty:1030 - CMSIS Pack Vendor :wolfSSL I-CUBE-wolfSSL 5.8.4
2026-04-21 22:20:11,592 [INFO] ThirdParty:1030 - CMSIS Pack Vendor :Cesanta I-CUBE-Mongoose 7.20.0
2026-04-21 22:20:11,592 [INFO] ThirdParty:1030 - CMSIS Pack Vendor :STMicroelectronics X-CUBE-NFC12 1.0.0
2026-04-21 22:20:11,592 [INFO] ThirdParty:1030 - CMSIS Pack Vendor :STMicroelectronics X-CUBE-AZRTOS-F7 1.1.0
2026-04-21 22:20:11,592 [INFO] ThirdParty:1030 - CMSIS Pack Vendor :STMicroelectronics X-CUBE-AZRTOS-L5 2.0.0
2026-04-21 22:20:11,592 [INFO] ThirdParty:1030 - CMSIS Pack Vendor :STMicroelectronics USB_DEVICE 2.0.0
2026-04-21 22:20:11,592 [INFO] ThirdParty:1030 - CMSIS Pack Vendor :quantropi X-CUBE-qispace-sdk-base 2.1.0
2026-04-21 22:20:11,592 [INFO] ThirdParty:1030 - CMSIS Pack Vendor :STMicroelectronics X-CUBE-MEMS1 12.0.0
2026-04-21 22:20:11,592 [INFO] ThirdParty:1030 - CMSIS Pack Vendor :STMicroelectronics X-CUBE-STSE01 2.0.0
2026-04-21 22:20:11,592 [INFO] ThirdParty:1030 - CMSIS Pack Vendor :STMicroelectronics FP-SNS-MOTENV1 5.1.0
2026-04-21 22:20:11,593 [INFO] ThirdParty:1030 - CMSIS Pack Vendor :STMicroelectronics FreeRTOS 0.0.1
2026-04-21 22:20:11,593 [INFO] ThirdParty:1030 - CMSIS Pack Vendor :STMicroelectronics X-CUBE-AZRTOS-G0 1.1.0
2026-04-21 22:20:11,593 [INFO] ThirdParty:1030 - CMSIS Pack Vendor :STMicroelectronics X-CUBE-NFC4 3.0.0
2026-04-21 22:20:11,593 [INFO] ThirdParty:1030 - CMSIS Pack Vendor :STMicroelectronics X-CUBE-SUBG2 5.0.0
2026-04-21 22:20:11,593 [INFO] ThirdParty:1030 - CMSIS Pack Vendor :STMicroelectronics STM32_WPAN 1.0.0
2026-04-21 22:20:11,593 [INFO] ThirdParty:1030 - CMSIS Pack Vendor :STMicroelectronics eDS-WB_DPC_VIENNA 1.2.0
2026-04-21 22:20:11,593 [INFO] ThirdParty:1030 - CMSIS Pack Vendor :EmbeddedOffice I-CUBE-FS-RTOS 1.0.1
2026-04-21 22:20:11,593 [INFO] ThirdParty:1030 - CMSIS Pack Vendor :STMicroelectronics lwIP 2.0.3
2026-04-21 22:20:11,593 [INFO] ThirdParty:1030 - CMSIS Pack Vendor :WES I-CUBE-Cesium 1.4.0
2026-04-21 22:20:11,593 [INFO] ThirdParty:1030 - CMSIS Pack Vendor :STMicroelectronics eDS-WB_DPC_3PH2L-BIDIR 1.1.1
2026-04-21 22:20:11,593 [INFO] ThirdParty:1030 - CMSIS Pack Vendor :STMicroelectronics USB_HOST 1.0.0
2026-04-21 22:20:11,593 [INFO] ThirdParty:1030 - CMSIS Pack Vendor :STMicroelectronics X-CUBE-AZRTOS-G4 2.0.0
2026-04-21 22:20:11,593 [INFO] ThirdParty:1030 - CMSIS Pack Vendor :STMicroelectronics X-CUBE-WB05N 2.0.0
2026-04-21 22:20:11,593 [INFO] ThirdParty:1030 - CMSIS Pack Vendor :STMicroelectronics PDM2PCM 3.1.0
2026-04-21 22:20:11,594 [INFO] ThirdParty:1030 - CMSIS Pack Vendor :STMicroelectronics PDM2PCM 3.3.0
2026-04-21 22:20:11,594 [INFO] ThirdParty:1030 - CMSIS Pack Vendor :wolfSSL I-CUBE-wolfTPM 3.8.0
2026-04-21 22:20:11,594 [INFO] ThirdParty:1030 - CMSIS Pack Vendor :STMicroelectronics X-CUBE-AZRTOS-H7 3.4.0
2026-04-21 22:20:11,594 [INFO] ThirdParty:1030 - CMSIS Pack Vendor :STMicroelectronics X-CUBE-DISPLAY 3.0.0
2026-04-21 22:20:11,594 [INFO] ThirdParty:1030 - CMSIS Pack Vendor :wolfSSL I-CUBE-wolfSSH 1.4.20
2026-04-21 22:20:11,594 [INFO] ThirdParty:1030 - CMSIS Pack Vendor :STMicroelectronics X-CUBE-NFC7 2.0.0
2026-04-21 22:20:11,594 [INFO] ThirdParty:1030 - CMSIS Pack Vendor :STMicroelectronics FP-SNS-MOTENVWB1 1.5.0
2026-04-21 22:20:11,594 [INFO] ThirdParty:1030 - CMSIS Pack Vendor :STMicroelectronics X-CUBE-TCPP 4.2.0
2026-04-21 22:20:11,594 [INFO] ThirdParty:1030 - CMSIS Pack Vendor :RealThread X-CUBE-RT-Thread_Nano 4.1.1
2026-04-21 22:20:11,594 [INFO] ThirdParty:1030 - CMSIS Pack Vendor :STMicroelectronics FP-ATR-SIGFOX1 3.2.0
2026-04-21 22:20:11,594 [INFO] ThirdParty:1030 - CMSIS Pack Vendor :STMicroelectronics X-CUBE-NFC10 1.0.0
2026-04-21 22:20:11,594 [INFO] ThirdParty:1030 - CMSIS Pack Vendor :STMicroelectronics HAL Drivers 0.0.0
2026-04-21 22:20:11,594 [INFO] ThirdParty:1030 - CMSIS Pack Vendor :STMicroelectronics X-CUBE-FREERTOS 1.5.0
2026-04-21 22:20:11,594 [INFO] ThirdParty:1030 - CMSIS Pack Vendor :STMicroelectronics MBEDTLS 2.16.2
2026-04-21 22:20:11,594 [INFO] ThirdParty:1030 - CMSIS Pack Vendor :STMicroelectronics X-CUBE-ST60 1.1.0
2026-04-21 22:20:11,594 [INFO] ThirdParty:1030 - CMSIS Pack Vendor :STMicroelectronics X-CUBE-ALS 1.0.2
2026-04-21 22:20:11,594 [INFO] ThirdParty:1030 - CMSIS Pack Vendor :emotas I-CUBE-CANOPEN 1.3.0
2026-04-21 22:20:11,594 [INFO] ThirdParty:1030 - CMSIS Pack Vendor :STMicroelectronics MBEDTLS 2.14.1
2026-04-21 22:20:11,595 [INFO] ThirdParty:1030 - CMSIS Pack Vendor :STMicroelectronics X-CUBE-GNSS1 7.1.0
2026-04-21 22:20:11,595 [INFO] ThirdParty:1030 - CMSIS Pack Vendor :ITTIA_DB I-CUBE-ITTIADB 8.9.0
2026-04-21 22:20:11,595 [INFO] ThirdParty:1030 - CMSIS Pack Vendor :STMicroelectronics X-CUBE-TOUCHGFX 4.26.0
2026-04-21 22:20:11,595 [INFO] ThirdParty:1030 - CMSIS Pack Vendor :STMicroelectronics X-CUBE-TOUCHGFX 4.26.1
2026-04-21 22:20:11,595 [INFO] ThirdParty:1030 - CMSIS Pack Vendor :STMicroelectronics X-CUBE-NFC6 3.2.0
2026-04-21 22:20:11,595 [INFO] ThirdParty:1030 - CMSIS Pack Vendor :STMicroelectronics FP-SNS-STBOX1 2.1.0
2026-04-21 22:20:11,595 [INFO] ThirdParty:1030 - CMSIS Pack Vendor :STMicroelectronics X-CUBE-AI 10.2.0
2026-04-21 22:20:11,595 [INFO] ThirdParty:1030 - CMSIS Pack Vendor :STMicroelectronics FP-SNS-STAIOTCFT 1.0.0
2026-04-21 22:20:11,595 [INFO] ThirdParty:1030 - CMSIS Pack Vendor :STMicroelectronics ThreadX 1.0.0
2026-04-21 22:20:11,595 [INFO] ThirdParty:1030 - CMSIS Pack Vendor :STMicroelectronics FP-SNS-SMARTAG2 1.2.0
2026-04-21 22:20:11,595 [INFO] ThirdParty:1030 - CMSIS Pack Vendor :STMicroelectronics FP-SNS-FLIGHT1 5.1.0
2026-04-21 22:20:11,595 [INFO] ThirdParty:1030 - CMSIS Pack Vendor :STMicroelectronics X-CUBE-AZRTOS-WL 2.0.0
2026-04-21 22:20:11,595 [INFO] ThirdParty:1030 - CMSIS Pack Vendor :SEGGER I-CUBE-embOS 1.3.1
2026-04-21 22:20:11,595 [INFO] ThirdParty:1030 - CMSIS Pack Vendor :STMicroelectronics X-CUBE-ALGOBUILD 1.4.0
2026-04-21 22:20:11,595 [INFO] ThirdParty:1030 - CMSIS Pack Vendor :STMicroelectronics X-CUBE-DPower 1.3.0
2026-04-21 22:20:11,595 [INFO] ThirdParty:1030 - CMSIS Pack Vendor :STMicroelectronics USB_DEVICE 1.0.0
2026-04-21 22:20:11,595 [INFO] ThirdParty:1030 - CMSIS Pack Vendor :STMicroelectronics X-CUBE-AZRTOS-H7RS 1.2.0
2026-04-21 22:20:11,595 [INFO] ThirdParty:1030 - CMSIS Pack Vendor :STMicroelectronics X-CUBE-AZRTOS-L4 2.0.0
2026-04-21 22:20:11,596 [INFO] ThirdParty:1030 - CMSIS Pack Vendor :STMicroelectronics ThreadX 0.0.2
2026-04-21 22:20:11,596 [INFO] ThirdParty:1030 - CMSIS Pack Vendor :STMicroelectronics lwIP 2.1.2
2026-04-21 22:20:11,596 [INFO] ThirdParty:1030 - CMSIS Pack Vendor :STMicroelectronics X-CUBE-SFXS2LP1 4.0.0
2026-04-21 22:20:11,596 [INFO] ThirdParty:1030 - CMSIS Pack Vendor :STMicroelectronics X-CUBE-BLE2 3.3.0
2026-04-21 22:20:11,596 [INFO] ThirdParty:1030 - CMSIS Pack Vendor :Avnet-IOTCONNECT X-CUBE-iotc-st67-sdk 1.0.0
2026-04-21 22:20:11,596 [INFO] ThirdParty:1030 - CMSIS Pack Vendor :STMicroelectronics X-CUBE-TOF1 3.4.3
2026-04-21 22:20:11,596 [INFO] ThirdParty:1030 - CMSIS Pack Vendor :Infineon AIROC-Wi-Fi-Bluetooth-STM32 1.8.0
2026-04-21 22:20:11,596 [INFO] ThirdParty:1030 - CMSIS Pack Vendor :STMicroelectronics PDM2PCM 3.2.0
2026-04-21 22:20:11,597 [INFO] ThirdParty:1030 - CMSIS Pack Vendor :STMicroelectronics X-CUBE-WB05N 2.1.0
2026-04-21 22:20:11,597 [INFO] ThirdParty:1030 - CMSIS Pack Vendor :STMicroelectronics X-CUBE-ST67W61 1.2.0
2026-04-21 22:20:11,597 [INFO] ThirdParty:841 - exiting critical section [change project]
2026-04-21 22:20:11,854 [INFO] PinOutPanel:1589 - setPackage(No Configuration,No Configuration)
2026-04-21 22:20:11,855 [INFO] PinOutPanel:1589 - setPackage(STM32F103C8Tx,LQFP48)
2026-04-21 22:20:12,242 [INFO] UtilMem:75 - Before build in PCC Used Memory: 789770072 Bytes (1073741824)
2026-04-21 22:20:12,529 [INFO] UtilMem:75 - After build in PCC Used Memory: 833283928 Bytes (1073741824)
2026-04-21 22:20:12,550 [INFO] IPUIPlugin:80 - create IPUIPlugin
2026-04-21 22:20:12,550 [INFO] IPUIPlugin:80 - create IPUIPlugin
2026-04-21 22:20:12,550 [INFO] IPUIPlugin:80 - create IPUIPlugin
2026-04-21 22:20:12,550 [INFO] IPUIPlugin:80 - create IPUIPlugin
2026-04-21 22:20:12,550 [INFO] IPUIPlugin:80 - create IPUIPlugin
2026-04-21 22:20:12,551 [INFO] IPUIPlugin:80 - create IPUIPlugin
2026-04-21 22:20:12,551 [INFO] IPUIPlugin:80 - create IPUIPlugin
2026-04-21 22:20:12,551 [INFO] IPUIPlugin:80 - create IPUIPlugin
2026-04-21 22:20:12,551 [INFO] IPUIPlugin:80 - create IPUIPlugin
2026-04-21 22:20:12,551 [INFO] IPUIPlugin:80 - create IPUIPlugin
2026-04-21 22:20:12,551 [INFO] IPUIPlugin:80 - create IPUIPlugin
2026-04-21 22:20:12,551 [INFO] IPUIPlugin:80 - create IPUIPlugin
2026-04-21 22:20:12,551 [INFO] IPUIPlugin:80 - create IPUIPlugin
2026-04-21 22:20:12,551 [INFO] IPUIPlugin:80 - create IPUIPlugin
2026-04-21 22:20:12,551 [INFO] IPUIPlugin:80 - create IPUIPlugin
2026-04-21 22:20:12,552 [INFO] IPUIPlugin:80 - create IPUIPlugin
2026-04-21 22:20:12,552 [INFO] IPUIPlugin:80 - create IPUIPlugin
2026-04-21 22:20:12,552 [INFO] IPUIPlugin:80 - create IPUIPlugin
2026-04-21 22:20:12,552 [INFO] IPUIPlugin:80 - create IPUIPlugin
2026-04-21 22:20:12,552 [INFO] IPUIPlugin:80 - create IPUIPlugin
2026-04-21 22:20:12,552 [INFO] IPUIPlugin:80 - create IPUIPlugin
2026-04-21 22:20:12,553 [INFO] IPUIPlugin:80 - create IPUIPlugin
2026-04-21 22:20:12,553 [INFO] IPUIPlugin:80 - create IPUIPlugin
2026-04-21 22:20:12,553 [INFO] IPUIPlugin:80 - create IPUIPlugin
2026-04-21 22:20:12,553 [INFO] IPUIPlugin:80 - create IPUIPlugin
2026-04-21 22:20:12,553 [INFO] IPUIPlugin:80 - create IPUIPlugin
2026-04-21 22:20:12,554 [INFO] IPUIPlugin:80 - create IPUIPlugin
2026-04-21 22:20:12,621 [INFO] CADModel:165 - CPN selected for project levelSTM32F103C8T6
2026-04-21 22:20:12,621 [INFO] CADModel:114 - Register for checkConnection events
2026-04-21 22:20:12,674 [INFO] OpenFileManager:386 - Restore cursor
2026-04-21 22:20:13,173 [INFO] UtilMem:75 - End SaveConfig() Used Memory: 920372680 Bytes (1073741824)
2026-04-21 22:20:13,305 [INFO] UtilMem:75 - End SaveConfig() Used Memory: 934995800 Bytes (1073741824)
2026-04-21 22:20:13,704 [INFO] BlockDiagram:2775 - set Specific Code input for plugin: NVIC
2026-04-21 22:20:13,704 [INFO] BlockDiagram:2775 - set Specific Code input for plugin: USART
2026-04-21 22:20:13,704 [INFO] BlockDiagram:2775 - set Specific Code input for plugin: TIM1_8F1
2026-04-21 22:20:13,704 [INFO] BlockDiagram:2775 - set Specific Code input for plugin: SYS
2026-04-21 22:20:13,704 [INFO] BlockDiagram:2775 - set Specific Code input for plugin: GPIO
2026-04-21 22:20:13,704 [INFO] BlockDiagram:2775 - set Specific Code input for plugin: ADC
2026-04-21 22:20:13,705 [INFO] BlockDiagram:2775 - set Specific Code input for plugin: RCC
2026-04-21 22:20:13,705 [INFO] CodeGenerator:892 - code generatio: config db path: C:\ST\STM32CubeIDE_1.19.0\STM32CubeIDE\plugins\com.st.stm32cube.common.mx_6.15.0.202507011659\\db\
2026-04-21 22:20:13,807 [INFO] CodeEngine:265 - oldGeneratedFile, C:\GIT\Aulas2026_1\ProjetosSTM32\Exemplo_PWM_C6T6\MXTmpFiles\license.tmp_save
2026-04-21 22:20:14,105 [INFO] CodeEngine:289 - Generated code: C:\GIT\Aulas2026_1\ProjetosSTM32\Exemplo_PWM_C6T6\MXTmpFiles\license.tmp
2026-04-21 22:20:14,159 [INFO] CodeEngine:265 - oldGeneratedFile, C:\GIT\Aulas2026_1\ProjetosSTM32\Exemplo_PWM_C6T6\MXTmpFiles\gpio.tmp_save
2026-04-21 22:20:14,301 [INFO] CodeEngine:289 - Generated code: C:\GIT\Aulas2026_1\ProjetosSTM32\Exemplo_PWM_C6T6\MXTmpFiles\gpio.tmp
2026-04-21 22:20:14,420 [INFO] CodeEngine:265 - oldGeneratedFile, C:\GIT\Aulas2026_1\ProjetosSTM32\Exemplo_PWM_C6T6\Core\Src\stm32f1xx_it.c_save
2026-04-21 22:20:14,698 [INFO] CodeEngine:289 - Generated code: C:\GIT\Aulas2026_1\ProjetosSTM32\Exemplo_PWM_C6T6\Core\Src\stm32f1xx_it.c
2026-04-21 22:20:14,707 [INFO] CodeEngine:265 - oldGeneratedFile, C:\GIT\Aulas2026_1\ProjetosSTM32\Exemplo_PWM_C6T6\Core\Inc\stm32f1xx_it.h_save
2026-04-21 22:20:14,803 [INFO] CodeEngine:289 - Generated code: C:\GIT\Aulas2026_1\ProjetosSTM32\Exemplo_PWM_C6T6\Core\Inc\stm32f1xx_it.h
2026-04-21 22:20:14,826 [INFO] CodeEngine:265 - oldGeneratedFile, C:\GIT\Aulas2026_1\ProjetosSTM32\Exemplo_PWM_C6T6\Core\Src\stm32f1xx_hal_msp.c_save
2026-04-21 22:20:15,030 [INFO] CodeEngine:289 - Generated code: C:\GIT\Aulas2026_1\ProjetosSTM32\Exemplo_PWM_C6T6\Core\Src\stm32f1xx_hal_msp.c
2026-04-21 22:20:15,039 [INFO] CodeEngine:265 - oldGeneratedFile, C:\GIT\Aulas2026_1\ProjetosSTM32\Exemplo_PWM_C6T6\MXTmpFiles\system.tmp_save
2026-04-21 22:20:15,132 [INFO] CodeEngine:289 - Generated code: C:\GIT\Aulas2026_1\ProjetosSTM32\Exemplo_PWM_C6T6\MXTmpFiles\system.tmp
2026-04-21 22:20:15,151 [INFO] CodeEngine:321 - oldGeneratedFile, C:\GIT\Aulas2026_1\ProjetosSTM32\Exemplo_PWM_C6T6\Core\Inc\stm32f1xx_hal_conf.h_save
2026-04-21 22:20:15,265 [INFO] CodeEngine:345 - Generated code: C:\GIT\Aulas2026_1\ProjetosSTM32\Exemplo_PWM_C6T6\Core\Inc\stm32f1xx_hal_conf.h
2026-04-21 22:20:15,307 [INFO] ApiDbMcu:532 - Load IP Config File for ADC1
2026-04-21 22:20:15,341 [INFO] ApiDbMcu:532 - Load IP Config File for TIM1
2026-04-21 22:20:15,351 [INFO] ApiDbMcu:532 - Load IP Config File for USART1
2026-04-21 22:20:15,355 [INFO] ApiDbMcu:532 - Load IP Config File for RCC
2026-04-21 22:20:15,356 [WARN] IPConfigManager:3811 - IP not found : TIM
2026-04-21 22:20:15,357 [WARN] CodeGenerator:4259 - IP not found : null
2026-04-21 22:20:15,369 [INFO] CodeEngine:265 - oldGeneratedFile, C:\GIT\Aulas2026_1\ProjetosSTM32\Exemplo_PWM_C6T6\Core\Inc\main.h_save
2026-04-21 22:20:15,522 [INFO] CodeEngine:289 - Generated code: C:\GIT\Aulas2026_1\ProjetosSTM32\Exemplo_PWM_C6T6\Core\Inc\main.h
2026-04-21 22:20:15,533 [INFO] CodeEngine:265 - oldGeneratedFile, C:\GIT\Aulas2026_1\ProjetosSTM32\Exemplo_PWM_C6T6\Core\Src\main.c_save
2026-04-21 22:20:15,715 [INFO] CodeEngine:289 - Generated code: C:\GIT\Aulas2026_1\ProjetosSTM32\Exemplo_PWM_C6T6\Core\Src\main.c
2026-04-21 22:20:16,200 [INFO] ProjectBuilder:3606 - Time for Copy HAL[1] : 167mS.
2026-04-21 22:20:16,205 [INFO] ProjectBuilder:5216 - Project Generator version: 4.7.0-B52
2026-04-21 22:20:16,304 [INFO] ConfigFileManager:1595 - The Die is : DIE410
2026-04-21 22:20:16,306 [INFO] ApiDbMcu:532 - Load IP Config File for FATFS
2026-04-21 22:20:16,312 [INFO] ApiDbMcu:532 - Load IP Config File for FREERTOS
2026-04-21 22:20:16,317 [INFO] ApiDbMcu:532 - Load IP Config File for USB_DEVICE
2026-04-21 22:20:18,417 [INFO] ProjectBuilder:5496 - Time for Generating toolchain IDE Files: 2212mS.
2026-04-21 22:20:18,418 [INFO] ProjectBuilder:3463 - Time for Copy CMSIS : 1mS.
2026-04-21 22:20:18,423 [INFO] ProjectBuilder:3463 - Time for Copy CMSIS : 0mS.
2026-04-21 22:20:19,218 [INFO] McuFinderGlobals:76 - Set McuFinderConnectedMode to true
2026-04-21 22:20:19,621 [INFO] ApiDb:448 - Save user favorites file C:\Users\User/.stm32cubeide/favorites.mcus.txt: 2 item(s)
2026-04-21 22:20:19,621 [INFO] ApiDb:452 - User favorites MCUs=[STM32F103C6T6A, STM32F103C8T6]
2026-04-21 22:20:20,153 [ERROR] LogOutputStream:75 - [STDERR_REDIRECT] Exception in thread "AWT-EventQueue-0" java.awt.IllegalComponentStateException: Native resources unavailable
2026-04-21 22:20:20,155 [ERROR] LogOutputStream:75 - [STDERR_REDIRECT] 	at java.desktop/sun.awt.windows.WWindowPeer.getScreenImOn(Native Method)
2026-04-21 22:20:20,158 [ERROR] LogOutputStream:75 - [STDERR_REDIRECT] 	at java.desktop/sun.awt.windows.WWindowPeer.updateGC(WWindowPeer.java:566)
2026-04-21 22:20:20,161 [ERROR] LogOutputStream:75 - [STDERR_REDIRECT] 	at java.desktop/java.awt.event.InvocationEvent.dispatch(InvocationEvent.java:318)
2026-04-21 22:20:20,163 [ERROR] LogOutputStream:75 - [STDERR_REDIRECT] 	at java.desktop/java.awt.EventQueue.dispatchEventImpl(EventQueue.java:773)
2026-04-21 22:20:20,165 [ERROR] LogOutputStream:75 - [STDERR_REDIRECT] 	at java.desktop/java.awt.EventQueue$4.run(EventQueue.java:720)
2026-04-21 22:20:20,167 [ERROR] LogOutputStream:75 - [STDERR_REDIRECT] 	at java.desktop/java.awt.EventQueue$4.run(EventQueue.java:714)
2026-04-21 22:20:20,170 [ERROR] LogOutputStream:75 - [STDERR_REDIRECT] 	at java.base/java.security.AccessController.doPrivileged(AccessController.java:400)
2026-04-21 22:20:20,180 [ERROR] LogOutputStream:75 - [STDERR_REDIRECT] 	at java.base/java.security.ProtectionDomain$JavaSecurityAccessImpl.doIntersectionPrivilege(ProtectionDomain.java:87)
2026-04-21 22:20:20,184 [ERROR] LogOutputStream:75 - [STDERR_REDIRECT] 	at java.base/java.security.ProtectionDomain$JavaSecurityAccessImpl.doIntersectionPrivilege(ProtectionDomain.java:98)
2026-04-21 22:20:20,186 [ERROR] LogOutputStream:75 - [STDERR_REDIRECT] 	at java.desktop/java.awt.EventQueue$5.run(EventQueue.java:747)
2026-04-21 22:20:20,188 [ERROR] LogOutputStream:75 - [STDERR_REDIRECT] 	at java.desktop/java.awt.EventQueue$5.run(EventQueue.java:745)
2026-04-21 22:20:20,192 [ERROR] LogOutputStream:75 - [STDERR_REDIRECT] 	at java.base/java.security.AccessController.doPrivileged(AccessController.java:400)
2026-04-21 22:20:20,197 [ERROR] LogOutputStream:75 - [STDERR_REDIRECT] 	at java.base/java.security.ProtectionDomain$JavaSecurityAccessImpl.doIntersectionPrivilege(ProtectionDomain.java:87)
2026-04-21 22:20:20,199 [ERROR] LogOutputStream:75 - [STDERR_REDIRECT] 	at java.desktop/java.awt.EventQueue.dispatchEvent(EventQueue.java:744)
2026-04-21 22:20:20,202 [ERROR] LogOutputStream:75 - [STDERR_REDIRECT] 	at java.desktop/java.awt.EventDispatchThread.pumpOneEventForFilters(EventDispatchThread.java:203)
2026-04-21 22:20:20,204 [ERROR] LogOutputStream:75 - [STDERR_REDIRECT] 	at java.desktop/java.awt.EventDispatchThread.pumpEventsForFilter(EventDispatchThread.java:124)
2026-04-21 22:20:20,207 [ERROR] LogOutputStream:75 - [STDERR_REDIRECT] 	at java.desktop/java.awt.EventDispatchThread.pumpEventsForHierarchy(EventDispatchThread.java:113)
2026-04-21 22:20:20,211 [ERROR] LogOutputStream:75 - [STDERR_REDIRECT] 	at java.desktop/java.awt.EventDispatchThread.pumpEvents(EventDispatchThread.java:109)
2026-04-21 22:20:20,213 [ERROR] LogOutputStream:75 - [STDERR_REDIRECT] 	at java.desktop/java.awt.EventDispatchThread.pumpEvents(EventDispatchThread.java:101)
2026-04-21 22:20:20,215 [ERROR] LogOutputStream:75 - [STDERR_REDIRECT] 	at java.desktop/java.awt.EventDispatchThread.run(EventDispatchThread.java:90)
2026-04-21 22:21:17,859 [INFO] ADCParametersView:116 -                Rank 1 : false
2026-04-21 22:21:17,898 [INFO] ADCParametersView:116 -                Rank 1 : false
2026-04-21 22:21:17,898 [INFO] ADCParametersView:116 -                Rank 1 : false
2026-04-21 22:21:17,898 [INFO] ADCParametersView:116 -                Rank 1 : false
2026-04-21 22:21:17,898 [INFO] ADCParametersView:116 -                Rank 1 : false
2026-04-21 22:21:17,898 [INFO] ADCParametersView:116 -                Rank 1 : false
2026-04-21 22:21:17,898 [INFO] ADCParametersView:116 -                Rank 1 : false
2026-04-21 22:21:17,899 [INFO] ADCParametersView:116 -                Rank 1 : false
2026-04-21 22:21:17,899 [INFO] ADCParametersView:116 -                Rank 1 : false
2026-04-21 22:21:17,899 [INFO] ADCParametersView:116 -                Rank 1 : false
2026-04-21 22:21:17,899 [INFO] ADCParametersView:116 -                Rank 1 : false
2026-04-21 22:21:17,906 [INFO] ADCParametersView:116 -                Rank 1 : false
2026-04-21 22:21:23,330 [INFO] ADCParametersView:116 -                Rank 1 : false
2026-04-21 22:21:23,331 [INFO] ADCParametersView:116 -                Rank 1 : false
2026-04-21 22:21:23,331 [INFO] ADCParametersView:116 -                Rank 1 : false
2026-04-21 22:21:23,331 [INFO] ADCParametersView:116 -                Rank 1 : false
2026-04-21 22:21:23,331 [INFO] ADCParametersView:116 -                Rank 1 : false
2026-04-21 22:21:23,332 [INFO] ADCParametersView:116 -                Rank 1 : false
2026-04-21 22:21:23,332 [INFO] ADCParametersView:116 -                Rank 1 : false
2026-04-21 22:21:23,332 [INFO] ADCParametersView:116 -                Rank 1 : false
2026-04-21 22:21:23,332 [INFO] ADCParametersView:116 -                Rank 1 : false
2026-04-21 22:21:23,334 [INFO] ADCParametersView:116 -                Rank 1 : false
2026-04-21 22:21:23,341 [INFO] ADCParametersView:116 -                Rank 1 : false
2026-04-21 22:21:28,098 [INFO] ADCParametersView:116 -                Rank 1 : true
2026-04-21 22:21:30,807 [INFO] ADCParametersView:116 -                Rank 1 : false
2026-04-21 22:21:31,713 [INFO] ADCParametersView:116 -                Rank 1 : false
2026-04-21 22:21:32,918 [INFO] ADCParametersView:116 -                Rank 1 : false
2026-04-21 22:21:52,295 [INFO] UtilMem:75 - End SaveConfig() Used Memory: 823726112 Bytes (1073741824)
2026-04-21 22:21:55,552 [INFO] UtilMem:75 - End SaveConfig() Used Memory: 912807840 Bytes (1073741824)
2026-04-21 22:21:56,132 [INFO] BlockDiagram:2775 - set Specific Code input for plugin: NVIC
2026-04-21 22:21:56,132 [INFO] BlockDiagram:2775 - set Specific Code input for plugin: USART
2026-04-21 22:21:56,132 [INFO] BlockDiagram:2775 - set Specific Code input for plugin: TIM1_8F1
2026-04-21 22:21:56,132 [INFO] BlockDiagram:2775 - set Specific Code input for plugin: SYS
2026-04-21 22:21:56,133 [INFO] BlockDiagram:2775 - set Specific Code input for plugin: GPIO
2026-04-21 22:21:56,133 [INFO] BlockDiagram:2775 - set Specific Code input for plugin: ADC
2026-04-21 22:21:56,133 [INFO] BlockDiagram:2775 - set Specific Code input for plugin: RCC
2026-04-21 22:21:56,134 [INFO] CodeGenerator:892 - code generatio: config db path: C:\ST\STM32CubeIDE_1.19.0\STM32CubeIDE\plugins\com.st.stm32cube.common.mx_6.15.0.202507011659\\db\
2026-04-21 22:21:56,242 [INFO] CodeEngine:265 - oldGeneratedFile, C:\GIT\Aulas2026_1\ProjetosSTM32\Exemplo_PWM_C6T6\MXTmpFiles\license.tmp_save
2026-04-21 22:21:56,413 [INFO] CodeEngine:289 - Generated code: C:\GIT\Aulas2026_1\ProjetosSTM32\Exemplo_PWM_C6T6\MXTmpFiles\license.tmp
2026-04-21 22:21:56,455 [INFO] CodeEngine:265 - oldGeneratedFile, C:\GIT\Aulas2026_1\ProjetosSTM32\Exemplo_PWM_C6T6\MXTmpFiles\gpio.tmp_save
2026-04-21 22:21:56,573 [INFO] CodeEngine:289 - Generated code: C:\GIT\Aulas2026_1\ProjetosSTM32\Exemplo_PWM_C6T6\MXTmpFiles\gpio.tmp
2026-04-21 22:21:56,827 [INFO] CodeEngine:265 - oldGeneratedFile, C:\GIT\Aulas2026_1\ProjetosSTM32\Exemplo_PWM_C6T6\Core\Src\stm32f1xx_it.c_save
2026-04-21 22:21:56,949 [INFO] CodeEngine:289 - Generated code: C:\GIT\Aulas2026_1\ProjetosSTM32\Exemplo_PWM_C6T6\Core\Src\stm32f1xx_it.c
2026-04-21 22:21:56,960 [INFO] CodeEngine:265 - oldGeneratedFile, C:\GIT\Aulas2026_1\ProjetosSTM32\Exemplo_PWM_C6T6\Core\Inc\stm32f1xx_it.h_save
2026-04-21 22:21:57,071 [INFO] CodeEngine:289 - Generated code: C:\GIT\Aulas2026_1\ProjetosSTM32\Exemplo_PWM_C6T6\Core\Inc\stm32f1xx_it.h
2026-04-21 22:21:57,095 [INFO] CodeEngine:265 - oldGeneratedFile, C:\GIT\Aulas2026_1\ProjetosSTM32\Exemplo_PWM_C6T6\Core\Src\stm32f1xx_hal_msp.c_save
2026-04-21 22:21:57,309 [INFO] CodeEngine:289 - Generated code: C:\GIT\Aulas2026_1\ProjetosSTM32\Exemplo_PWM_C6T6\Core\Src\stm32f1xx_hal_msp.c
2026-04-21 22:21:57,317 [INFO] CodeEngine:265 - oldGeneratedFile, C:\GIT\Aulas2026_1\ProjetosSTM32\Exemplo_PWM_C6T6\MXTmpFiles\system.tmp_save
2026-04-21 22:21:57,413 [INFO] CodeEngine:289 - Generated code: C:\GIT\Aulas2026_1\ProjetosSTM32\Exemplo_PWM_C6T6\MXTmpFiles\system.tmp
2026-04-21 22:21:57,432 [INFO] CodeEngine:321 - oldGeneratedFile, C:\GIT\Aulas2026_1\ProjetosSTM32\Exemplo_PWM_C6T6\Core\Inc\stm32f1xx_hal_conf.h_save
2026-04-21 22:21:57,524 [INFO] CodeEngine:345 - Generated code: C:\GIT\Aulas2026_1\ProjetosSTM32\Exemplo_PWM_C6T6\Core\Inc\stm32f1xx_hal_conf.h
2026-04-21 22:21:57,550 [WARN] IPConfigManager:3811 - IP not found : TIM
2026-04-21 22:21:57,552 [WARN] CodeGenerator:4259 - IP not found : null
2026-04-21 22:21:57,568 [INFO] CodeEngine:265 - oldGeneratedFile, C:\GIT\Aulas2026_1\ProjetosSTM32\Exemplo_PWM_C6T6\Core\Inc\main.h_save
2026-04-21 22:21:57,661 [INFO] CodeEngine:289 - Generated code: C:\GIT\Aulas2026_1\ProjetosSTM32\Exemplo_PWM_C6T6\Core\Inc\main.h
2026-04-21 22:21:57,672 [INFO] CodeEngine:265 - oldGeneratedFile, C:\GIT\Aulas2026_1\ProjetosSTM32\Exemplo_PWM_C6T6\Core\Src\main.c_save
2026-04-21 22:21:57,835 [INFO] CodeEngine:289 - Generated code: C:\GIT\Aulas2026_1\ProjetosSTM32\Exemplo_PWM_C6T6\Core\Src\main.c
2026-04-21 22:21:58,405 [INFO] ProjectBuilder:3606 - Time for Copy HAL[1] : 268mS.
2026-04-21 22:21:58,413 [INFO] ProjectBuilder:5216 - Project Generator version: 4.7.0-B52
2026-04-21 22:21:58,554 [INFO] ConfigFileManager:1595 - The Die is : DIE410
2026-04-21 22:22:00,151 [INFO] ProjectBuilder:5496 - Time for Generating toolchain IDE Files: 1738mS.
2026-04-21 22:22:00,153 [INFO] ProjectBuilder:3463 - Time for Copy CMSIS : 1mS.
2026-04-21 22:22:00,160 [INFO] ProjectBuilder:3463 - Time for Copy CMSIS : 0mS.
2026-04-21 22:30:16,398 [INFO] MainUpdater:2872 - connection check result : 10
2026-04-21 22:30:16,531 [INFO] McuFinderGlobals:76 - Set McuFinderConnectedMode to true
2026-04-21 22:30:16,533 [INFO] MultiScanPanel:200 - Auto-refresh data requested => check proxy status ongoing
2026-04-21 22:30:16,533 [INFO] FinderPluginLoader:96 - Searching for filters in installed packs
2026-04-21 22:30:19,048 [INFO] LoadUrlFilesThread:185 - End of LoadServerUrlFiles without Thread
2026-04-21 22:30:19,049 [INFO] DetailPanel:341 - Set advertising image to C:/Users/User/STM32Cube/Repository/\en.prom-stm32u3b5-u3c5-0426.jpg
2026-04-21 22:30:54,452 [INFO] MainUpdater:2872 - connection check result : 10
2026-04-21 22:30:54,452 [INFO] MainUpdater:2872 - connection check result : 10
2026-04-21 22:30:54,469 [ERROR] IocParser:57 - IOException caught: C:\GIT\Aulas2026_1\ProjetosSTM32\Exemplo_PWM_C6T6\Exemplo_PWM_C6T6.ioc (O sistema não pode encontrar o caminho especificado)
2026-04-21 22:30:54,470 [ERROR] PeripheralListParser:95 - Something went wrong with ioc file reading: C:\GIT\Aulas2026_1\ProjetosSTM32\Exemplo_PWM_C6T6\Exemplo_PWM_C6T6.ioc (O sistema não pode encontrar o caminho especificado)
2026-04-21 22:30:54,470 [ERROR] RegexParser:59 - Issue caught when parsing regex: C:\GIT\Aulas2026_1\ProjetosSTM32\Exemplo_PWM_C6T6\Exemplo_PWM_C6T6.ioc (O sistema não pode encontrar o caminho especificado)
2026-04-21 22:30:54,564 [INFO] MicroXplorer:468 - Change Database Path : 
2026-04-21 22:30:54,564 [INFO] MicroXplorer:498 - Change Database Version : DB.6.0.150
2026-04-21 22:30:54,597 [ERROR] ProjectManagerView:395 - 
java.lang.NullPointerException: Cannot invoke "javax.swing.JTextField.getText()" because the return value of "java.util.List.get(int)" is null
	at com.st.microxplorer.plugins.projectmanager.gui.ProjectChoiceTab$9.caretUpdate(ProjectChoiceTab.java:2706) ~[filemanager.jar:?]
	at javax.swing.text.JTextComponent.fireCaretUpdate(JTextComponent.java:408) ~[?:?]
	at javax.swing.text.JTextComponent$MutableCaretEvent.fire(JTextComponent.java:4484) ~[?:?]
	at javax.swing.text.JTextComponent$MutableCaretEvent.stateChanged(JTextComponent.java:4506) ~[?:?]
	at javax.swing.text.DefaultCaret.fireStateChanged(DefaultCaret.java:857) ~[?:?]
	at javax.swing.text.DefaultCaret.changeCaretPosition(DefaultCaret.java:1343) ~[?:?]
	at javax.swing.text.DefaultCaret.handleSetDot(DefaultCaret.java:1242) ~[?:?]
	at javax.swing.text.DefaultCaret.setDot(DefaultCaret.java:1223) ~[?:?]
	at javax.swing.text.DefaultCaret$Handler.insertUpdate(DefaultCaret.java:1819) ~[?:?]
	at javax.swing.text.AbstractDocument.fireInsertUpdate(AbstractDocument.java:227) ~[?:?]
	at javax.swing.text.AbstractDocument.handleInsertString(AbstractDocument.java:781) ~[?:?]
	at javax.swing.text.AbstractDocument.insertString(AbstractDocument.java:740) ~[?:?]
	at javax.swing.text.PlainDocument.insertString(PlainDocument.java:131) ~[?:?]
	at javax.swing.text.AbstractDocument.replace(AbstractDocument.java:699) ~[?:?]
	at javax.swing.text.JTextComponent.setText(JTextComponent.java:1725) ~[?:?]
	at com.st.microxplorer.plugins.projectmanager.gui.ProjectChoiceTab.createHeapStackFields(ProjectChoiceTab.java:993) ~[filemanager.jar:?]
	at com.st.microxplorer.plugins.projectmanager.gui.ProjectChoiceTab.buildLinkSettingsPanel(ProjectChoiceTab.java:3813) ~[filemanager.jar:?]
	at com.st.microxplorer.plugins.projectmanager.gui.ProjectChoiceTab.defineWindowsFields(ProjectChoiceTab.java:1987) ~[filemanager.jar:?]
	at com.st.microxplorer.plugins.projectmanager.gui.ProjectChoiceTab.updateSettings(ProjectChoiceTab.java:558) ~[filemanager.jar:?]
	at com.st.microxplorer.plugins.projectmanager.gui.ProjectSettingsPanel.UpdateDialog(ProjectSettingsPanel.java:247) ~[filemanager.jar:?]
	at com.st.microxplorer.plugins.projectmanager.ProjectManagerView.propertyChange(ProjectManagerView.java:392) ~[filemanager.jar:?]
	at java.beans.PropertyChangeSupport.fire(PropertyChangeSupport.java:343) ~[?:?]
	at java.beans.PropertyChangeSupport.firePropertyChange(PropertyChangeSupport.java:335) ~[?:?]
	at java.beans.PropertyChangeSupport.firePropertyChange(PropertyChangeSupport.java:268) ~[?:?]
	at com.st.microxplorer.util.MXPropertyChangeSupport.firePropertyChange(MXPropertyChangeSupport.java:54) ~[STM32CubeMX.jar:?]
	at com.st.microxplorer.mxsystem.MxSystem.closeConfig(MxSystem.java:899) ~[STM32CubeMX.jar:?]
	at com.st.microxplorer.maingui.MainPanel.closeConfig(MainPanel.java:792) ~[STM32CubeMX.jar:?]
	at com.st.microxplorer.plugins.filemanager.engine.OpenFileManager.loadConfigurationFile(OpenFileManager.java:288) ~[filemanager.jar:?]
	at com.st.microxplorer.plugins.filemanager.engine.MainFileManager.userLoadConfig(MainFileManager.java:364) ~[filemanager.jar:?]
	at com.st.microxplorer.plugins.filemanager.engine.MainFileManager.userLoadConfig(MainFileManager.java:342) ~[filemanager.jar:?]
	at com.st.microxplorer.plugins.filemanager.FileManagerView.getSpecificTask(FileManagerView.java:264) ~[filemanager.jar:?]
	at com.st.stm32cube.common.mx.editor.CubeMxEditor.getMxTabbedPaneInstance(CubeMxEditor.java:1198) ~[com.st.stm32cube.common.mx_6.15.0.202507011659/:?]
	at com.st.stm32cube.common.mx.editor.CubeMxEditor$12$1.createSwingComponent(CubeMxEditor.java:1068) ~[com.st.stm32cube.common.mx_6.15.0.202507011659/:?]
	at com.st.stm32cube.common.mx.oss.core.awtswtbridge.EmbeddedSwingComposite.doComponentCreation(EmbeddedSwingComposite.java:492) ~[com.st.stm32cube.common.mx.oss_6.15.0.202507011659/:?]
	at com.st.stm32cube.common.mx.oss.core.awtswtbridge.EmbeddedSwingComposite$4.run(EmbeddedSwingComposite.java:291) ~[com.st.stm32cube.common.mx.oss_6.15.0.202507011659/:?]
	at com.st.stm32cube.common.mx.oss.core.awtswtbridge.AwtEnvironment$2.run(AwtEnvironment.java:166) ~[com.st.stm32cube.common.mx.oss_6.15.0.202507011659/:?]
	at java.awt.event.InvocationEvent.dispatch(InvocationEvent.java:318) ~[?:?]
	at java.awt.EventQueue.dispatchEventImpl(EventQueue.java:773) ~[?:?]
	at java.awt.EventQueue$4.run(EventQueue.java:720) ~[?:?]
	at java.awt.EventQueue$4.run(EventQueue.java:714) ~[?:?]
	at java.security.AccessController.doPrivileged(AccessController.java:400) ~[?:?]
	at java.security.ProtectionDomain$JavaSecurityAccessImpl.doIntersectionPrivilege(ProtectionDomain.java:87) ~[?:?]
	at java.awt.EventQueue.dispatchEvent(EventQueue.java:742) ~[?:?]
	at java.awt.EventDispatchThread.pumpOneEventForFilters(EventDispatchThread.java:203) ~[?:?]
	at java.awt.EventDispatchThread.pumpEventsForFilter(EventDispatchThread.java:124) ~[?:?]
	at java.awt.EventDispatchThread.pumpEventsForHierarchy(EventDispatchThread.java:113) ~[?:?]
	at java.awt.EventDispatchThread.pumpEvents(EventDispatchThread.java:109) ~[?:?]
	at java.awt.EventDispatchThread.pumpEvents(EventDispatchThread.java:101) ~[?:?]
	at java.awt.EventDispatchThread.run(EventDispatchThread.java:90) ~[?:?]
2026-04-21 22:30:54,601 [WARN] ThirdParty:871 - waiting for thirdparty lock release [close project]
2026-04-21 22:30:54,602 [INFO] ThirdParty:873 - entering critical section [close project]
2026-04-21 22:30:54,602 [INFO] ThirdParty:883 - exiting critical section [close project]
2026-04-21 22:30:54,604 [INFO] PinOutPanel:1589 - setPackage(No Configuration,No Configuration)
2026-04-21 22:30:54,607 [INFO] UtilMem:75 - Begin LoadConfig() Used Memory: 878955352 Bytes (1073741824)
2026-04-21 22:30:54,607 [INFO] MicroXplorer:468 - Change Database Path : 
2026-04-21 22:30:54,608 [INFO] MicroXplorer:498 - Change Database Version : DB.6.0.150
2026-04-21 22:30:54,608 [INFO] OpenFileManager:355 - Change cursor
2026-04-21 22:30:54,657 [INFO] RulesReader:64 - Compatibility file has been processed (317 Rules)
2026-04-21 22:30:54,885 [INFO] Mcu:2029 - Initializing MCU STM32F103C6Tx STM32F103C6Tx STM32F103C6T6A
2026-04-21 22:30:55,500 [INFO] Context:786 - Trying to add GPIOservice into a context  which must be forbidden
2026-04-21 22:30:55,700 [INFO] ImportTextPane:234 - (OptionalMessage_ERROR) Unable to find key (Mcu.ThirdPartyNb) in loaded IOC file
2026-04-21 22:30:55,700 [INFO] ImportTextPane:234 - (OptionalMessage_ERROR) Unable to find key (Mcu.PinsNb) in loaded IOC file
2026-04-21 22:30:55,700 [INFO] ImportTextPane:234 - (OptionalMessage_ERROR) Pin0 (VP_RIF_VS_RIF1) cannot be retrieved for this MCU
2026-04-21 22:30:55,701 [INFO] ImportTextPane:234 - (OptionalMessage_ERROR) Unable to find key (Mcu.IPNb) in loaded IOC file
2026-04-21 22:30:55,855 [INFO] RtosManager:558 - Registered RTOS mode: class=CMSIS, group=RTOS, mode=CMSIS_V1, owner=FREERTOS
2026-04-21 22:30:55,856 [INFO] RtosManager:558 - Registered RTOS mode: class=CMSIS, group=RTOS2, mode=CMSIS_V2, owner=FREERTOS
2026-04-21 22:30:55,856 [INFO] RtosManager:558 - Registered RTOS mode: class=RTOS, group=Core, mode=CMSIS_V1, owner=FREERTOS
2026-04-21 22:30:55,856 [INFO] RtosManager:558 - Registered RTOS mode: class=RTOS, group=Core, mode=CMSIS_V2, owner=FREERTOS
2026-04-21 22:30:55,856 [WARN] ModelIntegratedComponent:184 - Missing modes for component STMicroelectronics:FreeRTOS:0.0.1:STMicroelectronics:RTOS:FreeRTOS:Core:::10.2.0:
2026-04-21 22:30:55,868 [WARN] ModelIntegratedComponent:63 - No mode defined for component null
2026-04-21 22:30:55,868 [WARN] ModelIntegratedComponent:63 - No mode defined for component null
2026-04-21 22:30:55,868 [WARN] ModelIntegratedComponent:63 - No mode defined for component null
2026-04-21 22:30:55,868 [WARN] ModelIntegratedComponent:63 - No mode defined for component null
2026-04-21 22:30:55,868 [WARN] ModelIntegratedComponent:63 - No mode defined for component null
2026-04-21 22:30:55,868 [WARN] ModelIntegratedComponent:63 - No mode defined for component null
2026-04-21 22:30:55,868 [WARN] ModelIntegratedComponent:63 - No mode defined for component null
2026-04-21 22:30:55,868 [WARN] ModelIntegratedComponent:63 - No mode defined for component null
2026-04-21 22:30:55,868 [WARN] ModelIntegratedComponent:63 - No mode defined for component null
2026-04-21 22:30:55,869 [WARN] ModelIntegratedComponent:63 - No mode defined for component null
2026-04-21 22:30:55,869 [WARN] ModelIntegratedComponent:63 - No mode defined for component null
2026-04-21 22:30:55,869 [WARN] ModelIntegratedComponent:63 - No mode defined for component null
2026-04-21 22:30:55,869 [WARN] ModelIntegratedComponent:63 - No mode defined for component null
2026-04-21 22:30:55,869 [WARN] ModelIntegratedComponent:63 - No mode defined for component null
2026-04-21 22:30:55,869 [WARN] ModelIntegratedComponent:63 - No mode defined for component null
2026-04-21 22:30:55,869 [WARN] ModelIntegratedComponent:63 - No mode defined for component null
2026-04-21 22:30:55,869 [WARN] ModelIntegratedComponent:63 - No mode defined for component null
2026-04-21 22:30:55,869 [WARN] ModelIntegratedComponent:63 - No mode defined for component null
2026-04-21 22:30:55,869 [WARN] ModelIntegratedComponent:63 - No mode defined for component null
2026-04-21 22:30:55,869 [WARN] ModelIntegratedComponent:63 - No mode defined for component null
2026-04-21 22:30:55,869 [WARN] ModelIntegratedComponent:63 - No mode defined for component null
2026-04-21 22:30:55,869 [WARN] ModelIntegratedComponent:63 - No mode defined for component null
2026-04-21 22:30:55,869 [WARN] ModelIntegratedComponent:63 - No mode defined for component null
2026-04-21 22:30:55,870 [WARN] ModelIntegratedComponent:63 - No mode defined for component null
2026-04-21 22:30:55,870 [WARN] ModelIntegratedComponent:63 - No mode defined for component null
2026-04-21 22:30:55,870 [WARN] ModelIntegratedComponent:63 - No mode defined for component null
2026-04-21 22:30:55,870 [WARN] ModelIntegratedComponent:63 - No mode defined for component null
2026-04-21 22:30:55,870 [WARN] ModelIntegratedComponent:63 - No mode defined for component null
2026-04-21 22:30:55,870 [WARN] ModelIntegratedComponent:63 - No mode defined for component null
2026-04-21 22:30:55,870 [WARN] ModelIntegratedComponent:63 - No mode defined for component null
2026-04-21 22:30:55,871 [WARN] ModelIntegratedComponent:63 - No mode defined for component null
2026-04-21 22:30:55,871 [WARN] ModelIntegratedComponent:63 - No mode defined for component null
2026-04-21 22:30:55,871 [WARN] ModelIntegratedComponent:63 - No mode defined for component null
2026-04-21 22:30:55,871 [WARN] ModelIntegratedComponent:63 - No mode defined for component null
2026-04-21 22:30:55,871 [WARN] ModelIntegratedComponent:63 - No mode defined for component null
2026-04-21 22:30:55,871 [WARN] ModelPack:524 - Component already loaded: STMicroelectronics:HAL Drivers:0.0.0:STMicroelectronics:Device:STMicro_Driver:XSPI:HAL::0.0.1:HAL_XSPI
2026-04-21 22:30:55,895 [INFO] ThirdPartyModel:298 - Start build external matchings
2026-04-21 22:30:56,586 [INFO] ThirdPartyModel:316 - End build external matchings
2026-04-21 22:30:56,811 [INFO] UtilMem:75 - End LoadConfig() Used Memory: 932052288 Bytes (1073741824)
2026-04-21 22:30:56,944 [WARN] ThirdParty:833 - waiting for thirdparty lock release [change project]
2026-04-21 22:30:56,945 [INFO] ThirdParty:835 - entering critical section [change project]
2026-04-21 22:30:56,946 [INFO] ThirdParty:1030 - CMSIS Pack Vendor :STMicroelectronics X-CUBE-AZRTOS-H7 3.5.0
2026-04-21 22:30:56,946 [INFO] ThirdParty:1030 - CMSIS Pack Vendor :STMicroelectronics X-CUBE-PM33A1 1.0.0
2026-04-21 22:30:56,946 [INFO] ThirdParty:1030 - CMSIS Pack Vendor :STMicroelectronics USBPD 4.1
2026-04-21 22:30:56,946 [INFO] ThirdParty:1030 - CMSIS Pack Vendor :STMicroelectronics X-CUBE-NFC9 1.0.0
2026-04-21 22:30:56,946 [INFO] ThirdParty:1030 - CMSIS Pack Vendor :STMicroelectronics USB_HOST 2.0.0
2026-04-21 22:30:56,946 [INFO] ThirdParty:1030 - CMSIS Pack Vendor :STMicroelectronics FP-SNS-MOTENVWB1 1.4.0
2026-04-21 22:30:56,946 [INFO] ThirdParty:1030 - CMSIS Pack Vendor :STMicroelectronics X-CUBE-AZRTOS-F4 1.1.0
2026-04-21 22:30:56,947 [INFO] ThirdParty:1030 - CMSIS Pack Vendor :STMicroelectronics LIBJPEG 8.0.0
2026-04-21 22:30:56,947 [INFO] ThirdParty:1030 - CMSIS Pack Vendor :STMicroelectronics FP-ATR-ASTRA1 2.0.2
2026-04-21 22:30:56,947 [INFO] ThirdParty:1030 - CMSIS Pack Vendor :STMicroelectronics X-CUBE-BLE1 7.1.0
2026-04-21 22:30:56,947 [INFO] ThirdParty:1030 - CMSIS Pack Vendor :STMicroelectronics X-CUBE-SMBUS 2.1.0
2026-04-21 22:30:56,947 [INFO] ThirdParty:1030 - CMSIS Pack Vendor :wolfSSL I-CUBE-wolfMQTT 1.19.2
2026-04-21 22:30:56,947 [INFO] ThirdParty:1030 - CMSIS Pack Vendor :STMicroelectronics USB_DEVICE 3.0.0
2026-04-21 22:30:56,947 [INFO] ThirdParty:1030 - CMSIS Pack Vendor :STMicroelectronics X-CUBE-ISPU 2.1.0
2026-04-21 22:30:56,947 [INFO] ThirdParty:1030 - CMSIS Pack Vendor :STMicroelectronics X-CUBE-FREERTOS 1.4.0
2026-04-21 22:30:56,947 [INFO] ThirdParty:1030 - CMSIS Pack Vendor :STMicroelectronics X-CUBE-EEPRMA1 5.2.0
2026-04-21 22:30:56,947 [INFO] ThirdParty:1030 - CMSIS Pack Vendor :STMicroelectronics X-CUBE-IPS 3.2.0
2026-04-21 22:30:56,947 [INFO] ThirdParty:1030 - CMSIS Pack Vendor :STMicroelectronics X-CUBE-BLEMGR 4.1.0
2026-04-21 22:30:56,947 [INFO] ThirdParty:1030 - CMSIS Pack Vendor :STMicroelectronics eDS-WB_DPC_TT-BIDIR 2.1.1
2026-04-21 22:30:56,947 [INFO] ThirdParty:1030 - CMSIS Pack Vendor :STMicroelectronics X-CUBE-AZRTOS-WB 2.0.0
2026-04-21 22:30:56,947 [INFO] ThirdParty:1030 - CMSIS Pack Vendor :wolfSSL I-CUBE-wolfSSL 5.8.4
2026-04-21 22:30:56,947 [INFO] ThirdParty:1030 - CMSIS Pack Vendor :Cesanta I-CUBE-Mongoose 7.20.0
2026-04-21 22:30:56,947 [INFO] ThirdParty:1030 - CMSIS Pack Vendor :STMicroelectronics X-CUBE-NFC12 1.0.0
2026-04-21 22:30:56,947 [INFO] ThirdParty:1030 - CMSIS Pack Vendor :STMicroelectronics X-CUBE-AZRTOS-F7 1.1.0
2026-04-21 22:30:56,947 [INFO] ThirdParty:1030 - CMSIS Pack Vendor :STMicroelectronics X-CUBE-AZRTOS-L5 2.0.0
2026-04-21 22:30:56,948 [INFO] ThirdParty:1030 - CMSIS Pack Vendor :STMicroelectronics USB_DEVICE 2.0.0
2026-04-21 22:30:56,948 [INFO] ThirdParty:1030 - CMSIS Pack Vendor :quantropi X-CUBE-qispace-sdk-base 2.1.0
2026-04-21 22:30:56,948 [INFO] ThirdParty:1030 - CMSIS Pack Vendor :STMicroelectronics X-CUBE-MEMS1 12.0.0
2026-04-21 22:30:56,948 [INFO] ThirdParty:1030 - CMSIS Pack Vendor :STMicroelectronics X-CUBE-STSE01 2.0.0
2026-04-21 22:30:56,948 [INFO] ThirdParty:1030 - CMSIS Pack Vendor :STMicroelectronics FP-SNS-MOTENV1 5.1.0
2026-04-21 22:30:56,948 [INFO] ThirdParty:1030 - CMSIS Pack Vendor :STMicroelectronics FreeRTOS 0.0.1
2026-04-21 22:30:56,949 [INFO] ThirdParty:1030 - CMSIS Pack Vendor :STMicroelectronics X-CUBE-AZRTOS-G0 1.1.0
2026-04-21 22:30:56,949 [INFO] ThirdParty:1030 - CMSIS Pack Vendor :STMicroelectronics X-CUBE-NFC4 3.0.0
2026-04-21 22:30:56,949 [INFO] ThirdParty:1030 - CMSIS Pack Vendor :STMicroelectronics X-CUBE-SUBG2 5.0.0
2026-04-21 22:30:56,949 [INFO] ThirdParty:1030 - CMSIS Pack Vendor :STMicroelectronics STM32_WPAN 1.0.0
2026-04-21 22:30:56,949 [INFO] ThirdParty:1030 - CMSIS Pack Vendor :STMicroelectronics eDS-WB_DPC_VIENNA 1.2.0
2026-04-21 22:30:56,949 [INFO] ThirdParty:1030 - CMSIS Pack Vendor :EmbeddedOffice I-CUBE-FS-RTOS 1.0.1
2026-04-21 22:30:56,949 [INFO] ThirdParty:1030 - CMSIS Pack Vendor :STMicroelectronics lwIP 2.0.3
2026-04-21 22:30:56,949 [INFO] ThirdParty:1030 - CMSIS Pack Vendor :WES I-CUBE-Cesium 1.4.0
2026-04-21 22:30:56,949 [INFO] ThirdParty:1030 - CMSIS Pack Vendor :STMicroelectronics eDS-WB_DPC_3PH2L-BIDIR 1.1.1
2026-04-21 22:30:56,949 [INFO] ThirdParty:1030 - CMSIS Pack Vendor :STMicroelectronics USB_HOST 1.0.0
2026-04-21 22:30:56,949 [INFO] ThirdParty:1030 - CMSIS Pack Vendor :STMicroelectronics X-CUBE-AZRTOS-G4 2.0.0
2026-04-21 22:30:56,949 [INFO] ThirdParty:1030 - CMSIS Pack Vendor :STMicroelectronics X-CUBE-WB05N 2.0.0
2026-04-21 22:30:56,949 [INFO] ThirdParty:1030 - CMSIS Pack Vendor :STMicroelectronics PDM2PCM 3.1.0
2026-04-21 22:30:56,950 [INFO] ThirdParty:1030 - CMSIS Pack Vendor :STMicroelectronics PDM2PCM 3.3.0
2026-04-21 22:30:56,950 [INFO] ThirdParty:1030 - CMSIS Pack Vendor :wolfSSL I-CUBE-wolfTPM 3.8.0
2026-04-21 22:30:56,950 [INFO] ThirdParty:1030 - CMSIS Pack Vendor :STMicroelectronics X-CUBE-AZRTOS-H7 3.4.0
2026-04-21 22:30:56,950 [INFO] ThirdParty:1030 - CMSIS Pack Vendor :STMicroelectronics X-CUBE-DISPLAY 3.0.0
2026-04-21 22:30:56,950 [INFO] ThirdParty:1030 - CMSIS Pack Vendor :wolfSSL I-CUBE-wolfSSH 1.4.20
2026-04-21 22:30:56,950 [INFO] ThirdParty:1030 - CMSIS Pack Vendor :STMicroelectronics X-CUBE-NFC7 2.0.0
2026-04-21 22:30:56,950 [INFO] ThirdParty:1030 - CMSIS Pack Vendor :STMicroelectronics FP-SNS-MOTENVWB1 1.5.0
2026-04-21 22:30:56,950 [INFO] ThirdParty:1030 - CMSIS Pack Vendor :STMicroelectronics X-CUBE-TCPP 4.2.0
2026-04-21 22:30:56,950 [INFO] ThirdParty:1030 - CMSIS Pack Vendor :RealThread X-CUBE-RT-Thread_Nano 4.1.1
2026-04-21 22:30:56,950 [INFO] ThirdParty:1030 - CMSIS Pack Vendor :STMicroelectronics FP-ATR-SIGFOX1 3.2.0
2026-04-21 22:30:56,951 [INFO] ThirdParty:1030 - CMSIS Pack Vendor :STMicroelectronics X-CUBE-NFC10 1.0.0
2026-04-21 22:30:56,951 [INFO] ThirdParty:1030 - CMSIS Pack Vendor :STMicroelectronics HAL Drivers 0.0.0
2026-04-21 22:30:56,951 [INFO] ThirdParty:1030 - CMSIS Pack Vendor :STMicroelectronics X-CUBE-FREERTOS 1.5.0
2026-04-21 22:30:56,951 [INFO] ThirdParty:1030 - CMSIS Pack Vendor :STMicroelectronics MBEDTLS 2.16.2
2026-04-21 22:30:56,951 [INFO] ThirdParty:1030 - CMSIS Pack Vendor :STMicroelectronics X-CUBE-ST60 1.1.0
2026-04-21 22:30:56,951 [INFO] ThirdParty:1030 - CMSIS Pack Vendor :STMicroelectronics X-CUBE-ALS 1.0.2
2026-04-21 22:30:56,951 [INFO] ThirdParty:1030 - CMSIS Pack Vendor :emotas I-CUBE-CANOPEN 1.3.0
2026-04-21 22:30:56,951 [INFO] ThirdParty:1030 - CMSIS Pack Vendor :STMicroelectronics MBEDTLS 2.14.1
2026-04-21 22:30:56,951 [INFO] ThirdParty:1030 - CMSIS Pack Vendor :STMicroelectronics X-CUBE-GNSS1 7.1.0
2026-04-21 22:30:56,952 [INFO] ThirdParty:1030 - CMSIS Pack Vendor :ITTIA_DB I-CUBE-ITTIADB 8.9.0
2026-04-21 22:30:56,952 [INFO] ThirdParty:1030 - CMSIS Pack Vendor :STMicroelectronics X-CUBE-TOUCHGFX 4.26.0
2026-04-21 22:30:56,952 [INFO] ThirdParty:1030 - CMSIS Pack Vendor :STMicroelectronics X-CUBE-TOUCHGFX 4.26.1
2026-04-21 22:30:56,952 [INFO] ThirdParty:1030 - CMSIS Pack Vendor :STMicroelectronics X-CUBE-NFC6 3.2.0
2026-04-21 22:30:56,952 [INFO] ThirdParty:1030 - CMSIS Pack Vendor :STMicroelectronics FP-SNS-STBOX1 2.1.0
2026-04-21 22:30:56,952 [INFO] ThirdParty:1030 - CMSIS Pack Vendor :STMicroelectronics X-CUBE-AI 10.2.0
2026-04-21 22:30:56,952 [INFO] ThirdParty:1030 - CMSIS Pack Vendor :STMicroelectronics FP-SNS-STAIOTCFT 1.0.0
2026-04-21 22:30:56,952 [INFO] ThirdParty:1030 - CMSIS Pack Vendor :STMicroelectronics ThreadX 1.0.0
2026-04-21 22:30:56,952 [INFO] ThirdParty:1030 - CMSIS Pack Vendor :STMicroelectronics FP-SNS-SMARTAG2 1.2.0
2026-04-21 22:30:56,952 [INFO] ThirdParty:1030 - CMSIS Pack Vendor :STMicroelectronics FP-SNS-FLIGHT1 5.1.0
2026-04-21 22:30:56,952 [INFO] ThirdParty:1030 - CMSIS Pack Vendor :STMicroelectronics X-CUBE-AZRTOS-WL 2.0.0
2026-04-21 22:30:56,953 [INFO] ThirdParty:1030 - CMSIS Pack Vendor :SEGGER I-CUBE-embOS 1.3.1
2026-04-21 22:30:56,953 [INFO] ThirdParty:1030 - CMSIS Pack Vendor :STMicroelectronics X-CUBE-ALGOBUILD 1.4.0
2026-04-21 22:30:56,953 [INFO] ThirdParty:1030 - CMSIS Pack Vendor :STMicroelectronics X-CUBE-DPower 1.3.0
2026-04-21 22:30:56,953 [INFO] ThirdParty:1030 - CMSIS Pack Vendor :STMicroelectronics USB_DEVICE 1.0.0
2026-04-21 22:30:56,953 [INFO] ThirdParty:1030 - CMSIS Pack Vendor :STMicroelectronics X-CUBE-AZRTOS-H7RS 1.2.0
2026-04-21 22:30:56,953 [INFO] ThirdParty:1030 - CMSIS Pack Vendor :STMicroelectronics X-CUBE-AZRTOS-L4 2.0.0
2026-04-21 22:30:56,953 [INFO] ThirdParty:1030 - CMSIS Pack Vendor :STMicroelectronics ThreadX 0.0.2
2026-04-21 22:30:56,953 [INFO] ThirdParty:1030 - CMSIS Pack Vendor :STMicroelectronics lwIP 2.1.2
2026-04-21 22:30:56,953 [INFO] ThirdParty:1030 - CMSIS Pack Vendor :STMicroelectronics X-CUBE-SFXS2LP1 4.0.0
2026-04-21 22:30:56,953 [INFO] ThirdParty:1030 - CMSIS Pack Vendor :STMicroelectronics X-CUBE-BLE2 3.3.0
2026-04-21 22:30:56,953 [INFO] ThirdParty:1030 - CMSIS Pack Vendor :Avnet-IOTCONNECT X-CUBE-iotc-st67-sdk 1.0.0
2026-04-21 22:30:56,953 [INFO] ThirdParty:1030 - CMSIS Pack Vendor :STMicroelectronics X-CUBE-TOF1 3.4.3
2026-04-21 22:30:56,953 [INFO] ThirdParty:1030 - CMSIS Pack Vendor :Infineon AIROC-Wi-Fi-Bluetooth-STM32 1.8.0
2026-04-21 22:30:56,954 [INFO] ThirdParty:1030 - CMSIS Pack Vendor :STMicroelectronics PDM2PCM 3.2.0
2026-04-21 22:30:56,954 [INFO] ThirdParty:1030 - CMSIS Pack Vendor :STMicroelectronics X-CUBE-WB05N 2.1.0
2026-04-21 22:30:56,954 [INFO] ThirdParty:1030 - CMSIS Pack Vendor :STMicroelectronics X-CUBE-ST67W61 1.2.0
2026-04-21 22:30:56,954 [INFO] ThirdParty:841 - exiting critical section [change project]
2026-04-21 22:30:57,071 [INFO] PinOutPanel:1589 - setPackage(No Configuration,No Configuration)
2026-04-21 22:30:57,072 [INFO] PinOutPanel:1589 - setPackage(STM32F103C6Tx,LQFP48)
2026-04-21 22:30:57,403 [INFO] UtilMem:75 - Before build in PCC Used Memory: 774990816 Bytes (1073741824)
2026-04-21 22:30:57,800 [INFO] UtilMem:75 - After build in PCC Used Memory: 819031008 Bytes (1073741824)
2026-04-21 22:30:57,818 [INFO] IPUIPlugin:80 - create IPUIPlugin
2026-04-21 22:30:57,818 [INFO] IPUIPlugin:80 - create IPUIPlugin
2026-04-21 22:30:57,818 [INFO] IPUIPlugin:80 - create IPUIPlugin
2026-04-21 22:30:57,818 [INFO] IPUIPlugin:80 - create IPUIPlugin
2026-04-21 22:30:57,818 [INFO] IPUIPlugin:80 - create IPUIPlugin
2026-04-21 22:30:57,819 [INFO] IPUIPlugin:80 - create IPUIPlugin
2026-04-21 22:30:57,819 [INFO] IPUIPlugin:80 - create IPUIPlugin
2026-04-21 22:30:57,819 [INFO] IPUIPlugin:80 - create IPUIPlugin
2026-04-21 22:30:57,819 [INFO] IPUIPlugin:80 - create IPUIPlugin
2026-04-21 22:30:57,819 [INFO] IPUIPlugin:80 - create IPUIPlugin
2026-04-21 22:30:57,819 [INFO] IPUIPlugin:80 - create IPUIPlugin
2026-04-21 22:30:57,819 [INFO] IPUIPlugin:80 - create IPUIPlugin
2026-04-21 22:30:57,820 [INFO] IPUIPlugin:80 - create IPUIPlugin
2026-04-21 22:30:57,820 [INFO] IPUIPlugin:80 - create IPUIPlugin
2026-04-21 22:30:57,820 [INFO] IPUIPlugin:80 - create IPUIPlugin
2026-04-21 22:30:57,820 [INFO] IPUIPlugin:80 - create IPUIPlugin
2026-04-21 22:30:57,820 [INFO] IPUIPlugin:80 - create IPUIPlugin
2026-04-21 22:30:57,821 [INFO] IPUIPlugin:80 - create IPUIPlugin
2026-04-21 22:30:57,821 [INFO] IPUIPlugin:80 - create IPUIPlugin
2026-04-21 22:30:57,821 [INFO] IPUIPlugin:80 - create IPUIPlugin
2026-04-21 22:30:57,822 [INFO] IPUIPlugin:80 - create IPUIPlugin
2026-04-21 22:30:57,822 [INFO] IPUIPlugin:80 - create IPUIPlugin
2026-04-21 22:30:57,823 [INFO] IPUIPlugin:80 - create IPUIPlugin
2026-04-21 22:30:57,862 [INFO] CADModel:165 - CPN selected for project levelSTM32F103C6T6A
2026-04-21 22:30:57,863 [INFO] CADModel:114 - Register for checkConnection events
2026-04-21 22:30:57,914 [INFO] OpenFileManager:386 - Restore cursor
2026-04-21 22:30:58,347 [INFO] UtilMem:75 - End SaveConfig() Used Memory: 876702688 Bytes (1073741824)
2026-04-21 22:30:58,452 [INFO] UtilMem:75 - End SaveConfig() Used Memory: 890334176 Bytes (1073741824)
2026-04-21 22:30:58,814 [INFO] BlockDiagram:2775 - set Specific Code input for plugin: NVIC
2026-04-21 22:30:58,814 [INFO] BlockDiagram:2775 - set Specific Code input for plugin: RCC
2026-04-21 22:30:58,815 [INFO] CodeGenerator:892 - code generatio: config db path: C:\ST\STM32CubeIDE_1.19.0\STM32CubeIDE\plugins\com.st.stm32cube.common.mx_6.15.0.202507011659\\db\
2026-04-21 22:30:58,902 [INFO] CodeEngine:265 - oldGeneratedFile, C:\GIT\Aulas2026_1\ProjetosSTM32\PWM_AND_ADC\MXTmpFiles\license.tmp_save
2026-04-21 22:30:59,201 [INFO] CodeEngine:289 - Generated code: C:\GIT\Aulas2026_1\ProjetosSTM32\PWM_AND_ADC\MXTmpFiles\license.tmp
2026-04-21 22:30:59,218 [INFO] CodeEngine:265 - oldGeneratedFile, C:\GIT\Aulas2026_1\ProjetosSTM32\PWM_AND_ADC\Core\Src\stm32f1xx_it.c_save
2026-04-21 22:30:59,634 [INFO] CodeEngine:289 - Generated code: C:\GIT\Aulas2026_1\ProjetosSTM32\PWM_AND_ADC\Core\Src\stm32f1xx_it.c
2026-04-21 22:30:59,641 [INFO] CodeEngine:265 - oldGeneratedFile, C:\GIT\Aulas2026_1\ProjetosSTM32\PWM_AND_ADC\Core\Inc\stm32f1xx_it.h_save
2026-04-21 22:30:59,793 [INFO] CodeEngine:289 - Generated code: C:\GIT\Aulas2026_1\ProjetosSTM32\PWM_AND_ADC\Core\Inc\stm32f1xx_it.h
2026-04-21 22:30:59,831 [INFO] CodeEngine:265 - oldGeneratedFile, C:\GIT\Aulas2026_1\ProjetosSTM32\PWM_AND_ADC\Core\Src\stm32f1xx_hal_msp.c_save
2026-04-21 22:30:59,999 [INFO] CodeEngine:289 - Generated code: C:\GIT\Aulas2026_1\ProjetosSTM32\PWM_AND_ADC\Core\Src\stm32f1xx_hal_msp.c
2026-04-21 22:31:00,009 [INFO] CodeEngine:265 - oldGeneratedFile, C:\GIT\Aulas2026_1\ProjetosSTM32\PWM_AND_ADC\MXTmpFiles\system.tmp_save
2026-04-21 22:31:00,107 [INFO] CodeEngine:289 - Generated code: C:\GIT\Aulas2026_1\ProjetosSTM32\PWM_AND_ADC\MXTmpFiles\system.tmp
2026-04-21 22:31:00,123 [INFO] CodeEngine:321 - oldGeneratedFile, C:\GIT\Aulas2026_1\ProjetosSTM32\PWM_AND_ADC\Core\Inc\stm32f1xx_hal_conf.h_save
2026-04-21 22:31:00,226 [INFO] CodeEngine:345 - Generated code: C:\GIT\Aulas2026_1\ProjetosSTM32\PWM_AND_ADC\Core\Inc\stm32f1xx_hal_conf.h
2026-04-21 22:31:00,251 [INFO] ApiDbMcu:532 - Load IP Config File for RCC
2026-04-21 22:31:00,262 [INFO] CodeEngine:265 - oldGeneratedFile, C:\GIT\Aulas2026_1\ProjetosSTM32\PWM_AND_ADC\Core\Inc\main.h_save
2026-04-21 22:31:00,382 [INFO] CodeEngine:289 - Generated code: C:\GIT\Aulas2026_1\ProjetosSTM32\PWM_AND_ADC\Core\Inc\main.h
2026-04-21 22:31:00,390 [INFO] CodeEngine:265 - oldGeneratedFile, C:\GIT\Aulas2026_1\ProjetosSTM32\PWM_AND_ADC\Core\Src\main.c_save
2026-04-21 22:31:00,504 [INFO] CodeEngine:289 - Generated code: C:\GIT\Aulas2026_1\ProjetosSTM32\PWM_AND_ADC\Core\Src\main.c
2026-04-21 22:31:01,029 [INFO] ProjectBuilder:3606 - Time for Copy HAL[1] : 195mS.
2026-04-21 22:31:01,036 [INFO] ProjectBuilder:5216 - Project Generator version: 4.7.0-B52
2026-04-21 22:31:01,185 [INFO] ConfigFileManager:1595 - The Die is : DIE412
2026-04-21 22:31:01,188 [INFO] ApiDbMcu:532 - Load IP Config File for FATFS
2026-04-21 22:31:01,195 [INFO] ApiDbMcu:532 - Load IP Config File for FREERTOS
2026-04-21 22:31:01,202 [INFO] ApiDbMcu:532 - Load IP Config File for USB_DEVICE
2026-04-21 22:31:03,664 [INFO] ProjectBuilder:5496 - Time for Generating toolchain IDE Files: 2627mS.
2026-04-21 22:31:03,665 [INFO] ProjectBuilder:3463 - Time for Copy CMSIS : 1mS.
2026-04-21 22:31:03,669 [INFO] ProjectBuilder:3463 - Time for Copy CMSIS : 0mS.
2026-04-21 22:31:04,664 [INFO] McuFinderGlobals:76 - Set McuFinderConnectedMode to true
2026-04-21 22:31:04,676 [INFO] ApiDb:448 - Save user favorites file C:\Users\User/.stm32cubeide/favorites.mcus.txt: 2 item(s)
2026-04-21 22:31:04,676 [INFO] ApiDb:452 - User favorites MCUs=[STM32F103C6T6A, STM32F103C8T6]
2026-04-21 22:31:05,142 [ERROR] LogOutputStream:75 - [STDERR_REDIRECT] Exception in thread "AWT-EventQueue-0" java.awt.IllegalComponentStateException: Native resources unavailable
2026-04-21 22:31:05,145 [ERROR] LogOutputStream:75 - [STDERR_REDIRECT] 	at java.desktop/sun.awt.windows.WWindowPeer.getScreenImOn(Native Method)
2026-04-21 22:31:05,147 [ERROR] LogOutputStream:75 - [STDERR_REDIRECT] 	at java.desktop/sun.awt.windows.WWindowPeer.updateGC(WWindowPeer.java:566)
2026-04-21 22:31:05,149 [ERROR] LogOutputStream:75 - [STDERR_REDIRECT] 	at java.desktop/java.awt.event.InvocationEvent.dispatch(InvocationEvent.java:318)
2026-04-21 22:31:05,150 [ERROR] LogOutputStream:75 - [STDERR_REDIRECT] 	at java.desktop/java.awt.EventQueue.dispatchEventImpl(EventQueue.java:773)
2026-04-21 22:31:05,155 [ERROR] LogOutputStream:75 - [STDERR_REDIRECT] 	at java.desktop/java.awt.EventQueue$4.run(EventQueue.java:720)
2026-04-21 22:31:05,157 [ERROR] LogOutputStream:75 - [STDERR_REDIRECT] 	at java.desktop/java.awt.EventQueue$4.run(EventQueue.java:714)
2026-04-21 22:31:05,161 [ERROR] LogOutputStream:75 - [STDERR_REDIRECT] 	at java.base/java.security.AccessController.doPrivileged(AccessController.java:400)
2026-04-21 22:31:05,164 [ERROR] LogOutputStream:75 - [STDERR_REDIRECT] 	at java.base/java.security.ProtectionDomain$JavaSecurityAccessImpl.doIntersectionPrivilege(ProtectionDomain.java:87)
2026-04-21 22:31:05,167 [ERROR] LogOutputStream:75 - [STDERR_REDIRECT] 	at java.base/java.security.ProtectionDomain$JavaSecurityAccessImpl.doIntersectionPrivilege(ProtectionDomain.java:98)
2026-04-21 22:31:05,169 [ERROR] LogOutputStream:75 - [STDERR_REDIRECT] 	at java.desktop/java.awt.EventQueue$5.run(EventQueue.java:747)
2026-04-21 22:31:05,171 [ERROR] LogOutputStream:75 - [STDERR_REDIRECT] 	at java.desktop/java.awt.EventQueue$5.run(EventQueue.java:745)
2026-04-21 22:31:05,173 [ERROR] LogOutputStream:75 - [STDERR_REDIRECT] 	at java.base/java.security.AccessController.doPrivileged(AccessController.java:400)
2026-04-21 22:31:05,177 [ERROR] LogOutputStream:75 - [STDERR_REDIRECT] 	at java.base/java.security.ProtectionDomain$JavaSecurityAccessImpl.doIntersectionPrivilege(ProtectionDomain.java:87)
2026-04-21 22:31:05,179 [ERROR] LogOutputStream:75 - [STDERR_REDIRECT] 	at java.desktop/java.awt.EventQueue.dispatchEvent(EventQueue.java:744)
2026-04-21 22:31:05,181 [ERROR] LogOutputStream:75 - [STDERR_REDIRECT] 	at java.desktop/java.awt.EventDispatchThread.pumpOneEventForFilters(EventDispatchThread.java:203)
2026-04-21 22:31:05,183 [ERROR] LogOutputStream:75 - [STDERR_REDIRECT] 	at java.desktop/java.awt.EventDispatchThread.pumpEventsForFilter(EventDispatchThread.java:124)
2026-04-21 22:31:05,186 [ERROR] LogOutputStream:75 - [STDERR_REDIRECT] 	at java.desktop/java.awt.EventDispatchThread.pumpEventsForHierarchy(EventDispatchThread.java:113)
2026-04-21 22:31:05,188 [ERROR] LogOutputStream:75 - [STDERR_REDIRECT] 	at java.desktop/java.awt.EventDispatchThread.pumpEvents(EventDispatchThread.java:109)
2026-04-21 22:31:05,191 [ERROR] LogOutputStream:75 - [STDERR_REDIRECT] 	at java.desktop/java.awt.EventDispatchThread.pumpEvents(EventDispatchThread.java:101)
2026-04-21 22:31:05,192 [ERROR] LogOutputStream:75 - [STDERR_REDIRECT] 	at java.desktop/java.awt.EventDispatchThread.run(EventDispatchThread.java:90)
2026-04-21 22:31:54,744 [INFO] ADCParametersView:116 -                Rank 1 : false
2026-04-21 22:31:54,782 [INFO] ADCParametersView:116 -                Rank 1 : false
2026-04-21 22:31:54,782 [INFO] ADCParametersView:116 -                Rank 1 : false
2026-04-21 22:31:54,782 [INFO] ADCParametersView:116 -                Rank 1 : false
2026-04-21 22:31:54,782 [INFO] ADCParametersView:116 -                Rank 1 : false
2026-04-21 22:31:54,782 [INFO] ADCParametersView:116 -                Rank 1 : false
2026-04-21 22:31:54,782 [INFO] ADCParametersView:116 -                Rank 1 : false
2026-04-21 22:31:54,782 [INFO] ADCParametersView:116 -                Rank 1 : false
2026-04-21 22:31:54,783 [INFO] ADCParametersView:116 -                Rank 1 : false
2026-04-21 22:31:54,783 [INFO] ADCParametersView:116 -                Rank 1 : false
2026-04-21 22:31:54,783 [INFO] ADCParametersView:116 -                Rank 1 : false
2026-04-21 22:31:54,788 [INFO] ADCParametersView:116 -                Rank 1 : false
2026-04-21 22:31:54,856 [INFO] NvicIntPanel:101 - NVIC parent = com.st.microxplorer.plugins.ip.nvic.MultiNvicIntPanel[,0,0,0x0,invalid,layout=javax.swing.BoxLayout,alignmentX=0.0,alignmentY=0.0,border=,flags=9,maximumSize=,minimumSize=,preferredSize=]
2026-04-21 22:31:54,949 [INFO] NvicIntPanel:101 - NVIC parent = com.st.microxplorer.plugins.ip.nvic.MultiNvicIntPanel[,0,0,0x0,invalid,layout=javax.swing.BoxLayout,alignmentX=0.0,alignmentY=0.0,border=,flags=9,maximumSize=,minimumSize=,preferredSize=]
2026-04-21 22:31:55,021 [INFO] NvicIntPanel:101 - NVIC parent = com.st.microxplorer.plugins.ip.nvic.MultiNvicIntPanel[,0,0,0x0,invalid,layout=javax.swing.BoxLayout,alignmentX=0.0,alignmentY=0.0,border=,flags=9,maximumSize=,minimumSize=,preferredSize=]
2026-04-21 22:31:55,072 [INFO] ADCParametersView:116 -                Rank 1 : false
2026-04-21 22:31:55,072 [INFO] ADCParametersView:116 -                Rank 1 : false
2026-04-21 22:31:55,072 [INFO] ADCParametersView:116 -                Rank 1 : false
2026-04-21 22:31:55,073 [INFO] ADCParametersView:116 -                Rank 1 : false
2026-04-21 22:31:55,074 [INFO] ADCParametersView:116 -                Rank 1 : false
2026-04-21 22:31:55,074 [INFO] ADCParametersView:116 -                Rank 1 : false
2026-04-21 22:31:55,075 [INFO] ADCParametersView:116 -                Rank 1 : false
2026-04-21 22:31:55,075 [INFO] ADCParametersView:116 -                Rank 1 : false
2026-04-21 22:31:55,075 [INFO] ADCParametersView:116 -                Rank 1 : false
2026-04-21 22:31:55,076 [INFO] ADCParametersView:116 -                Rank 1 : false
2026-04-21 22:31:55,080 [INFO] ADCParametersView:116 -                Rank 1 : false
2026-04-21 22:31:55,096 [INFO] ADCParametersView:116 -                Rank 1 : false
2026-04-21 22:31:55,096 [INFO] ADCParametersView:116 -                Rank 1 : false
2026-04-21 22:31:55,096 [INFO] ADCParametersView:116 -                Rank 1 : false
2026-04-21 22:31:55,096 [INFO] ADCParametersView:116 -                Rank 1 : false
2026-04-21 22:31:55,097 [INFO] ADCParametersView:116 -                Rank 1 : false
2026-04-21 22:31:55,097 [INFO] ADCParametersView:116 -                Rank 1 : false
2026-04-21 22:31:55,097 [INFO] ADCParametersView:116 -                Rank 1 : false
2026-04-21 22:31:55,097 [INFO] ADCParametersView:116 -                Rank 1 : false
2026-04-21 22:31:55,097 [INFO] ADCParametersView:116 -                Rank 1 : false
2026-04-21 22:31:55,098 [INFO] ADCParametersView:116 -                Rank 1 : false
2026-04-21 22:31:55,105 [INFO] ADCParametersView:116 -                Rank 1 : false
2026-04-21 22:32:13,181 [INFO] ADCParametersView:116 -                Rank 1 : true
2026-04-21 22:32:16,007 [INFO] ADCParametersView:116 -                Rank 1 : true
2026-04-21 22:32:16,011 [INFO] ADCParametersView:116 -                Rank 1 : true
2026-04-21 22:32:16,011 [INFO] ADCParametersView:116 -                Rank 1 : true
2026-04-21 22:32:16,011 [INFO] ADCParametersView:116 -                Rank 1 : true
2026-04-21 22:32:16,011 [INFO] ADCParametersView:116 -                Rank 1 : true
2026-04-21 22:32:16,011 [INFO] ADCParametersView:116 -                Rank 1 : true
2026-04-21 22:32:16,012 [INFO] ADCParametersView:116 -                Rank 1 : true
2026-04-21 22:32:16,012 [INFO] ADCParametersView:116 -                Rank 1 : true
2026-04-21 22:32:16,012 [INFO] ADCParametersView:116 -                Rank 1 : true
2026-04-21 22:32:16,012 [INFO] ADCParametersView:116 -                Rank 1 : true
2026-04-21 22:32:16,017 [INFO] ADCParametersView:116 -                Rank 1 : true
2026-04-21 22:32:16,032 [INFO] ADCParametersView:116 -                Rank 1 : true
2026-04-21 22:32:16,034 [INFO] ADCParametersView:116 -                Rank 1 : true
2026-04-21 22:32:16,034 [INFO] ADCParametersView:116 -                Rank 1 : true
2026-04-21 22:32:16,034 [INFO] ADCParametersView:116 -                Rank 1 : true
2026-04-21 22:32:16,034 [INFO] ADCParametersView:116 -                Rank 1 : true
2026-04-21 22:32:16,034 [INFO] ADCParametersView:116 -                Rank 1 : true
2026-04-21 22:32:16,035 [INFO] ADCParametersView:116 -                Rank 1 : true
2026-04-21 22:32:16,035 [INFO] ADCParametersView:116 -                Rank 1 : true
2026-04-21 22:32:16,035 [INFO] ADCParametersView:116 -                Rank 1 : true
2026-04-21 22:32:16,035 [INFO] ADCParametersView:116 -                Rank 1 : true
2026-04-21 22:32:16,039 [INFO] ADCParametersView:116 -                Rank 1 : true
2026-04-21 22:32:16,074 [INFO] ADCParametersView:116 -                Rank 1 : true
2026-04-21 22:32:16,075 [INFO] ADCParametersView:116 -                Rank 1 : true
2026-04-21 22:32:16,077 [INFO] ADCParametersView:116 -                Rank 1 : true
2026-04-21 22:32:16,077 [INFO] ADCParametersView:116 -                Rank 1 : true
2026-04-21 22:32:16,077 [INFO] ADCParametersView:116 -                Rank 1 : true
2026-04-21 22:32:16,077 [INFO] ADCParametersView:116 -                Rank 1 : true
2026-04-21 22:32:16,077 [INFO] ADCParametersView:116 -                Rank 1 : true
2026-04-21 22:32:16,077 [INFO] ADCParametersView:116 -                Rank 1 : true
2026-04-21 22:32:16,077 [INFO] ADCParametersView:116 -                Rank 1 : true
2026-04-21 22:32:16,077 [INFO] ADCParametersView:116 -                Rank 1 : true
2026-04-21 22:32:16,081 [INFO] ADCParametersView:116 -                Rank 1 : true
2026-04-21 22:35:17,386 [INFO] UtilMem:75 - End SaveConfig() Used Memory: 767821016 Bytes (1073741824)
2026-04-21 22:35:21,431 [INFO] UtilMem:75 - End SaveConfig() Used Memory: 869010648 Bytes (1073741824)
2026-04-21 22:35:22,032 [INFO] BlockDiagram:2775 - set Specific Code input for plugin: NVIC
2026-04-21 22:35:22,032 [INFO] BlockDiagram:2775 - set Specific Code input for plugin: USART
2026-04-21 22:35:22,032 [INFO] BlockDiagram:2775 - set Specific Code input for plugin: TIM1_8F1
2026-04-21 22:35:22,032 [INFO] BlockDiagram:2775 - set Specific Code input for plugin: SYS
2026-04-21 22:35:22,033 [INFO] BlockDiagram:2775 - set Specific Code input for plugin: GPIO
2026-04-21 22:35:22,033 [INFO] BlockDiagram:2775 - set Specific Code input for plugin: ADC
2026-04-21 22:35:22,033 [INFO] BlockDiagram:2775 - set Specific Code input for plugin: RCC
2026-04-21 22:35:22,034 [INFO] CodeGenerator:892 - code generatio: config db path: C:\ST\STM32CubeIDE_1.19.0\STM32CubeIDE\plugins\com.st.stm32cube.common.mx_6.15.0.202507011659\\db\
2026-04-21 22:35:22,132 [INFO] CodeEngine:265 - oldGeneratedFile, C:\GIT\Aulas2026_1\ProjetosSTM32\PWM_AND_ADC\MXTmpFiles\license.tmp_save
2026-04-21 22:35:22,426 [INFO] CodeEngine:289 - Generated code: C:\GIT\Aulas2026_1\ProjetosSTM32\PWM_AND_ADC\MXTmpFiles\license.tmp
2026-04-21 22:35:22,481 [INFO] CodeEngine:265 - oldGeneratedFile, C:\GIT\Aulas2026_1\ProjetosSTM32\PWM_AND_ADC\MXTmpFiles\gpio.tmp_save
2026-04-21 22:35:22,641 [INFO] CodeEngine:289 - Generated code: C:\GIT\Aulas2026_1\ProjetosSTM32\PWM_AND_ADC\MXTmpFiles\gpio.tmp
2026-04-21 22:35:22,878 [INFO] CodeEngine:265 - oldGeneratedFile, C:\GIT\Aulas2026_1\ProjetosSTM32\PWM_AND_ADC\Core\Src\stm32f1xx_it.c_save
2026-04-21 22:35:23,259 [INFO] CodeEngine:289 - Generated code: C:\GIT\Aulas2026_1\ProjetosSTM32\PWM_AND_ADC\Core\Src\stm32f1xx_it.c
2026-04-21 22:35:23,272 [INFO] CodeEngine:265 - oldGeneratedFile, C:\GIT\Aulas2026_1\ProjetosSTM32\PWM_AND_ADC\Core\Inc\stm32f1xx_it.h_save
2026-04-21 22:35:23,379 [INFO] CodeEngine:289 - Generated code: C:\GIT\Aulas2026_1\ProjetosSTM32\PWM_AND_ADC\Core\Inc\stm32f1xx_it.h
2026-04-21 22:35:23,404 [INFO] CodeEngine:265 - oldGeneratedFile, C:\GIT\Aulas2026_1\ProjetosSTM32\PWM_AND_ADC\Core\Src\stm32f1xx_hal_msp.c_save
2026-04-21 22:35:23,617 [INFO] CodeEngine:289 - Generated code: C:\GIT\Aulas2026_1\ProjetosSTM32\PWM_AND_ADC\Core\Src\stm32f1xx_hal_msp.c
2026-04-21 22:35:23,628 [INFO] CodeEngine:265 - oldGeneratedFile, C:\GIT\Aulas2026_1\ProjetosSTM32\PWM_AND_ADC\MXTmpFiles\system.tmp_save
2026-04-21 22:35:23,729 [INFO] CodeEngine:289 - Generated code: C:\GIT\Aulas2026_1\ProjetosSTM32\PWM_AND_ADC\MXTmpFiles\system.tmp
2026-04-21 22:35:23,748 [INFO] CodeEngine:321 - oldGeneratedFile, C:\GIT\Aulas2026_1\ProjetosSTM32\PWM_AND_ADC\Core\Inc\stm32f1xx_hal_conf.h_save
2026-04-21 22:35:23,861 [INFO] CodeEngine:345 - Generated code: C:\GIT\Aulas2026_1\ProjetosSTM32\PWM_AND_ADC\Core\Inc\stm32f1xx_hal_conf.h
2026-04-21 22:35:23,892 [INFO] ApiDbMcu:532 - Load IP Config File for ADC1
2026-04-21 22:35:23,911 [INFO] ApiDbMcu:532 - Load IP Config File for TIM1
2026-04-21 22:35:23,915 [INFO] ApiDbMcu:532 - Load IP Config File for USART1
2026-04-21 22:35:23,923 [WARN] IPConfigManager:3811 - IP not found : TIM
2026-04-21 22:35:23,925 [WARN] CodeGenerator:4259 - IP not found : null
2026-04-21 22:35:23,943 [INFO] CodeEngine:265 - oldGeneratedFile, C:\GIT\Aulas2026_1\ProjetosSTM32\PWM_AND_ADC\Core\Inc\main.h_save
2026-04-21 22:35:24,149 [INFO] CodeEngine:289 - Generated code: C:\GIT\Aulas2026_1\ProjetosSTM32\PWM_AND_ADC\Core\Inc\main.h
2026-04-21 22:35:24,164 [INFO] CodeEngine:265 - oldGeneratedFile, C:\GIT\Aulas2026_1\ProjetosSTM32\PWM_AND_ADC\Core\Src\main.c_save
2026-04-21 22:35:24,413 [INFO] CodeEngine:289 - Generated code: C:\GIT\Aulas2026_1\ProjetosSTM32\PWM_AND_ADC\Core\Src\main.c
2026-04-21 22:35:25,030 [INFO] ProjectBuilder:3606 - Time for Copy HAL[1] : 262mS.
2026-04-21 22:35:25,039 [INFO] ProjectBuilder:5216 - Project Generator version: 4.7.0-B52
2026-04-21 22:35:25,164 [INFO] ConfigFileManager:1595 - The Die is : DIE412
2026-04-21 22:35:26,712 [INFO] ProjectBuilder:5496 - Time for Generating toolchain IDE Files: 1672mS.
2026-04-21 22:35:26,713 [INFO] ProjectBuilder:3463 - Time for Copy CMSIS : 1mS.
2026-04-21 22:35:26,727 [INFO] ProjectBuilder:3463 - Time for Copy CMSIS : 0mS.
2026-04-21 22:47:18,437 [ERROR] LogOutputStream:75 - [STDERR_REDIRECT] 
