2026-04-26 19:08:56,884 [INFO] Activator:176 - 


2026-04-26 19:08:56,892 [INFO] Activator:177 - !SESSION log4j initialized
2026-04-26 19:09:04,474 [INFO] LogOutputStream:77 - [STDOUT_REDIRECT] 
2026-04-26 19:09:06,319 [INFO] ApplicationProperties:184 - Using Application install path: C:\ST\STM32CubeIDE_1.19.0\STM32CubeIDE\plugins\com.st.stm32cube.common.mx_6.15.0.202507011659
2026-04-26 19:09:06,342 [INFO] DbMcusXml:78 - Set database path to: C:\ST\STM32CubeIDE_1.19.0\STM32CubeIDE\plugins\com.st.stm32cube.common.mx_6.15.0.202507011659\\db\/mcu/
2026-04-26 19:09:06,343 [INFO] ApiDb:274 - Set plugin database path to: C:\ST\STM32CubeIDE_1.19.0\STM32CubeIDE\plugins\com.st.stm32cube.common.mx_6.15.0.202507011659\\db\/plugins/boardmanager/
2026-04-26 19:09:06,344 [WARN] ApiDb:259 - Overriding images path with different value:  => C:\ST\STM32CubeIDE_1.19.0\STM32CubeIDE\plugins\com.st.stm32cube.common.mx_6.15.0.202507011659\\db\/plugins/mcufinder/images/
2026-04-26 19:09:06,364 [INFO] ApiDb:250 - Set database path to: C:\Users\User\.stmcufinder\plugins\mcufinder//mcu/
2026-04-26 19:09:06,365 [INFO] DbMcusAds:125 - Set database path to: C:\Users\User\.stmcufinder\plugins\mcufinder//mcu/
2026-04-26 19:09:06,369 [INFO] CrossReferenceDbSqlite:203 - Set database path to: C:\Users\User\.stmcufinder\plugins\mcufinder//mcu/cs/
2026-04-26 19:09:06,506 [INFO] RulesReader:64 - Compatibility file has been processed (317 Rules)
2026-04-26 19:09:06,644 [INFO] DbMcusXml:78 - Set database path to: C:\ST\STM32CubeIDE_1.19.0\STM32CubeIDE\plugins\com.st.stm32cube.common.mx_6.15.0.202507011659\\db\/mcu/
2026-04-26 19:09:06,645 [INFO] ApiDb:274 - Set plugin database path to: C:\ST\STM32CubeIDE_1.19.0\STM32CubeIDE\plugins\com.st.stm32cube.common.mx_6.15.0.202507011659\\db\/plugins/boardmanager/
2026-04-26 19:09:06,645 [INFO] ApiDb:261 - Set plugin images path to: C:\ST\STM32CubeIDE_1.19.0\STM32CubeIDE\plugins\com.st.stm32cube.common.mx_6.15.0.202507011659\\db\/plugins/mcufinder/images/
2026-04-26 19:09:06,645 [WARN] DbFile:41 - Overriding database path with different value: C:\Users\User\.stmcufinder\plugins\mcufinder/ => C:\Users\User\.stmcufinder\plugins\mcufinder
2026-04-26 19:09:06,645 [INFO] ApiDb:250 - Set database path to: C:\Users\User\.stmcufinder\plugins\mcufinder//mcu/
2026-04-26 19:09:06,645 [WARN] DbFile:41 - Overriding database path with different value: C:\Users\User\.stmcufinder\plugins\mcufinder/ => C:\Users\User\.stmcufinder\plugins\mcufinder
2026-04-26 19:09:06,645 [INFO] DbMcusAds:125 - Set database path to: C:\Users\User\.stmcufinder\plugins\mcufinder//mcu/
2026-04-26 19:09:06,645 [WARN] DbFile:41 - Overriding database path with different value: C:\Users\User\.stmcufinder\plugins\mcufinder/ => C:\Users\User\.stmcufinder\plugins\mcufinder
2026-04-26 19:09:06,645 [WARN] DbFile:41 - Overriding database path with different value: C:\Users\User\.stmcufinder\plugins\mcufinder/ => C:\Users\User\.stmcufinder\plugins\mcufinder
2026-04-26 19:09:06,646 [INFO] CrossReferenceDbSqlite:203 - Set database path to: C:\Users\User\.stmcufinder\plugins\mcufinder//mcu/cs/
2026-04-26 19:09:06,788 [INFO] MainPanel:274 - HeapMemory: 268435456
2026-04-26 19:09:06,962 [INFO] DbMcusXml:78 - Set database path to: C:\ST\STM32CubeIDE_1.19.0\STM32CubeIDE\plugins\com.st.stm32cube.common.mx_6.15.0.202507011659\\db\/mcu/
2026-04-26 19:09:06,962 [INFO] ApiDb:274 - Set plugin database path to: C:\ST\STM32CubeIDE_1.19.0\STM32CubeIDE\plugins\com.st.stm32cube.common.mx_6.15.0.202507011659\\db\/plugins/boardmanager/
2026-04-26 19:09:06,962 [INFO] ApiDb:261 - Set plugin images path to: C:\ST\STM32CubeIDE_1.19.0\STM32CubeIDE\plugins\com.st.stm32cube.common.mx_6.15.0.202507011659\\db\/plugins/mcufinder/images/
2026-04-26 19:09:06,962 [WARN] DbFile:41 - Overriding database path with different value: C:\Users\User\.stmcufinder\plugins\mcufinder/ => C:\Users\User\.stmcufinder\plugins\mcufinder
2026-04-26 19:09:06,962 [INFO] ApiDb:250 - Set database path to: C:\Users\User\.stmcufinder\plugins\mcufinder//mcu/
2026-04-26 19:09:06,962 [WARN] DbFile:41 - Overriding database path with different value: C:\Users\User\.stmcufinder\plugins\mcufinder/ => C:\Users\User\.stmcufinder\plugins\mcufinder
2026-04-26 19:09:06,963 [INFO] DbMcusAds:125 - Set database path to: C:\Users\User\.stmcufinder\plugins\mcufinder//mcu/
2026-04-26 19:09:06,963 [WARN] DbFile:41 - Overriding database path with different value: C:\Users\User\.stmcufinder\plugins\mcufinder/ => C:\Users\User\.stmcufinder\plugins\mcufinder
2026-04-26 19:09:06,963 [WARN] DbFile:41 - Overriding database path with different value: C:\Users\User\.stmcufinder\plugins\mcufinder/ => C:\Users\User\.stmcufinder\plugins\mcufinder
2026-04-26 19:09:06,963 [INFO] CrossReferenceDbSqlite:203 - Set database path to: C:\Users\User\.stmcufinder\plugins\mcufinder//mcu/cs/
2026-04-26 19:09:06,989 [INFO] ApplicationProperties:184 - Using Application install path: C:\ST\STM32CubeIDE_1.19.0\STM32CubeIDE\plugins\com.st.stm32cube.common.mx_6.15.0.202507011659
2026-04-26 19:09:06,990 [INFO] PluginManage:196 - Search for loadable plugins [exclusion list=, ]
2026-04-26 19:09:06,992 [INFO] PluginManage:310 - Check plugin analytics
2026-04-26 19:09:07,250 [INFO] AnalyticsPlugin:253 - Accepted Software Licenses: STM32CubeMX.6.16.1,STM32CubeMX.6.17.0
2026-04-26 19:09:07,250 [INFO] AnalyticsPlugin:255 - Accepted CMSIS Pack Licenses: 
2026-04-26 19:09:07,250 [INFO] AnalyticsPlugin:257 - Accepted Firmware Licenses: FW.C0.1.1.0
2026-04-26 19:09:07,254 [INFO] PluginManage:359 - Loaded plugin analytics (category:tool,tabindex:-1)
2026-04-26 19:09:07,254 [INFO] PluginManage:310 - Check plugin cadmodel
2026-04-26 19:09:07,261 [INFO] CADModel:105 - Init CAD model plugin
2026-04-26 19:09:07,261 [INFO] PluginManage:359 - Loaded plugin cadmodel (category:power,tabindex:5)
2026-04-26 19:09:07,262 [INFO] PluginManage:310 - Check plugin clock
2026-04-26 19:09:07,280 [INFO] PluginManage:359 - Loaded plugin clock (category:base,tabindex:2)
2026-04-26 19:09:07,281 [INFO] PluginManage:310 - Check plugin ddr
2026-04-26 19:09:07,283 [INFO] PluginManage:359 - Loaded plugin ddr (category:tool,tabindex:6)
2026-04-26 19:09:07,285 [INFO] PluginManage:310 - Check plugin filemanager
2026-04-26 19:09:07,451 [INFO] PluginManage:359 - Loaded plugin filemanager (category:base,tabindex:10)
2026-04-26 19:09:07,452 [INFO] PluginManage:310 - Check plugin ipmanager
2026-04-26 19:09:07,460 [INFO] PluginManage:359 - Loaded plugin ipmanager (category:base,tabindex:5)
2026-04-26 19:09:07,460 [INFO] PluginManage:310 - Check plugin lpbam
2026-04-26 19:09:07,471 [INFO] PluginManage:359 - Loaded plugin lpbam (category:base,tabindex:0)
2026-04-26 19:09:07,471 [INFO] PluginManage:310 - Check plugin memorymap
2026-04-26 19:09:07,491 [INFO] PluginManage:359 - Loaded plugin memorymap (category:base,tabindex:4)
2026-04-26 19:09:07,491 [INFO] PluginManage:310 - Check plugin pinoutandconfiguration
2026-04-26 19:09:07,503 [INFO] PluginManage:359 - Loaded plugin pinoutandconfiguration (category:base,tabindex:1)
2026-04-26 19:09:07,503 [INFO] PluginManage:310 - Check plugin pinoutconfig
2026-04-26 19:09:07,635 [WARN] SupportedApi:132 - Cannot load RTOS API schema: s4s-elt-must-match.1: The content of 'definitions' must match (annotation?, (simpleType | complexType)?, (unique | key | keyref)*)). A problem was found starting at: attribute.
2026-04-26 19:09:07,823 [INFO] PluginManage:359 - Loaded plugin pinoutconfig (category:base,tabindex:0)
2026-04-26 19:09:07,823 [INFO] PluginManage:310 - Check plugin power
2026-04-26 19:09:07,845 [INFO] PluginManage:359 - Loaded plugin power (category:power,tabindex:4)
2026-04-26 19:09:07,845 [INFO] PluginManage:310 - Check plugin projectmanager
2026-04-26 19:09:07,865 [INFO] PluginManage:359 - Loaded plugin projectmanager (category:projectmanager,tabindex:4)
2026-04-26 19:09:07,865 [INFO] PluginManage:310 - Check plugin rif
2026-04-26 19:09:07,886 [INFO] PluginManage:359 - Loaded plugin rif (category:base,tabindex:3)
2026-04-26 19:09:07,886 [INFO] PluginManage:310 - Check plugin thirdparty
2026-04-26 19:09:08,103 [WARN] IntegrityCheckThread:84 - waiting for thirdparty lock release [integrity check]
2026-04-26 19:09:08,103 [INFO] PluginManage:359 - Loaded plugin thirdparty (category:base,tabindex:-1)
2026-04-26 19:09:08,103 [INFO] IntegrityCheckThread:86 - entering critical section [integrity check]
2026-04-26 19:09:08,103 [INFO] PluginManage:310 - Check plugin tools
2026-04-26 19:09:08,104 [INFO] ThirdPartyUpdaterWithRetryManager:70 - Updater plugin not ready yet. [1/15]
2026-04-26 19:09:08,108 [INFO] PluginManage:359 - Loaded plugin tools (category:base,tabindex:7)
2026-04-26 19:09:08,108 [INFO] PluginManage:310 - Check plugin tutovideos
2026-04-26 19:09:08,379 [INFO] PluginManage:359 - Loaded plugin tutovideos (category:base,tabindex:-1)
2026-04-26 19:09:08,380 [INFO] PluginManage:310 - Check plugin updater
2026-04-26 19:09:08,404 [INFO] PluginManage:359 - Loaded plugin updater (category:base,tabindex:12)
2026-04-26 19:09:08,405 [INFO] PluginManage:310 - Check plugin userauth
2026-04-26 19:09:08,410 [INFO] UserAuth:118 - Init User Auth plugin
2026-04-26 19:09:08,411 [INFO] PluginManage:359 - Loaded plugin userauth (category:base,tabindex:14)
2026-04-26 19:09:08,412 [INFO] PluginManage:283 - PluginManage : Loaded plugins [18]
2026-04-26 19:09:08,712 [INFO] PinOutPanel:1589 - setPackage(No Configuration,No Configuration)
2026-04-26 19:09:08,851 [INFO] CADModel:165 - CPN selected for project level
2026-04-26 19:09:08,851 [INFO] CADModel:114 - Register for checkConnection events
2026-04-26 19:09:08,875 [INFO] IPUIPlugin:80 - create IPUIPlugin
2026-04-26 19:09:08,875 [INFO] PluginManager:220 - loadIPPluginJar : add adc
2026-04-26 19:09:08,882 [INFO] IPUIPlugin:80 - create IPUIPlugin
2026-04-26 19:09:08,883 [INFO] PluginManager:220 - loadIPPluginJar : add aes
2026-04-26 19:09:08,890 [INFO] IPUIPlugin:80 - create IPUIPlugin
2026-04-26 19:09:08,891 [INFO] PluginManager:220 - loadIPPluginJar : add can
2026-04-26 19:09:08,893 [INFO] IPUIPlugin:80 - create IPUIPlugin
2026-04-26 19:09:08,893 [INFO] PluginManager:220 - loadIPPluginJar : add comp
2026-04-26 19:09:08,896 [INFO] IPUIPlugin:80 - create IPUIPlugin
2026-04-26 19:09:08,896 [INFO] PluginManager:220 - loadIPPluginJar : add cryp
2026-04-26 19:09:08,900 [INFO] IPUIPlugin:80 - create IPUIPlugin
2026-04-26 19:09:08,901 [INFO] PluginManager:220 - loadIPPluginJar : add ddr_ctrl_phy
2026-04-26 19:09:08,904 [INFO] IPUIPlugin:80 - create IPUIPlugin
2026-04-26 19:09:08,905 [INFO] PluginManager:220 - loadIPPluginJar : add dfsdm
2026-04-26 19:09:08,911 [INFO] IPUIPlugin:80 - create IPUIPlugin
2026-04-26 19:09:08,911 [INFO] PluginManager:220 - loadIPPluginJar : add dma
2026-04-26 19:09:08,915 [INFO] IPUIPlugin:80 - create IPUIPlugin
2026-04-26 19:09:08,915 [INFO] PluginManager:220 - loadIPPluginJar : add dma3
2026-04-26 19:09:08,919 [INFO] IPUIPlugin:80 - create IPUIPlugin
2026-04-26 19:09:08,919 [INFO] PluginManager:220 - loadIPPluginJar : add extmemmanager
2026-04-26 19:09:08,922 [INFO] IPUIPlugin:80 - create IPUIPlugin
2026-04-26 19:09:08,922 [INFO] PluginManager:220 - loadIPPluginJar : add fatfs
2026-04-26 19:09:08,927 [INFO] IPUIPlugin:80 - create IPUIPlugin
2026-04-26 19:09:08,927 [INFO] PluginManager:220 - loadIPPluginJar : add fmc
2026-04-26 19:09:08,935 [INFO] IPUIPlugin:80 - create IPUIPlugin
2026-04-26 19:09:08,936 [INFO] PluginManager:220 - loadIPPluginJar : add freertos
2026-04-26 19:09:08,938 [INFO] IPUIPlugin:80 - create IPUIPlugin
2026-04-26 19:09:08,938 [INFO] PluginManager:220 - loadIPPluginJar : add genericplugin
2026-04-26 19:09:08,942 [INFO] IPUIPlugin:80 - create IPUIPlugin
2026-04-26 19:09:08,942 [INFO] PluginManager:220 - loadIPPluginJar : add gfxmmu
2026-04-26 19:09:08,948 [INFO] IPUIPlugin:80 - create IPUIPlugin
2026-04-26 19:09:08,948 [INFO] PluginManager:220 - loadIPPluginJar : add gic
2026-04-26 19:09:08,954 [INFO] IPUIPlugin:80 - create IPUIPlugin
2026-04-26 19:09:08,954 [INFO] PluginManager:220 - loadIPPluginJar : add gpio
2026-04-26 19:09:08,958 [INFO] IPUIPlugin:80 - create IPUIPlugin
2026-04-26 19:09:08,959 [INFO] PluginManager:220 - loadIPPluginJar : add gtzc
2026-04-26 19:09:08,962 [INFO] IPUIPlugin:80 - create IPUIPlugin
2026-04-26 19:09:08,962 [INFO] PluginManager:220 - loadIPPluginJar : add hash
2026-04-26 19:09:08,966 [INFO] IPUIPlugin:80 - create IPUIPlugin
2026-04-26 19:09:08,967 [INFO] PluginManager:220 - loadIPPluginJar : add i2c
2026-04-26 19:09:08,970 [INFO] IPUIPlugin:80 - create IPUIPlugin
2026-04-26 19:09:08,971 [INFO] PluginManager:220 - loadIPPluginJar : add i2s
2026-04-26 19:09:08,975 [INFO] IPUIPlugin:80 - create IPUIPlugin
2026-04-26 19:09:08,975 [INFO] PluginManager:220 - loadIPPluginJar : add i3c
2026-04-26 19:09:08,979 [INFO] IPUIPlugin:80 - create IPUIPlugin
2026-04-26 19:09:08,979 [INFO] PluginManager:220 - loadIPPluginJar : add ipddr
2026-04-26 19:09:08,989 [INFO] IPUIPlugin:80 - create IPUIPlugin
2026-04-26 19:09:08,989 [INFO] PluginManager:220 - loadIPPluginJar : add linkedlist
2026-04-26 19:09:08,993 [INFO] IPUIPlugin:80 - create IPUIPlugin
2026-04-26 19:09:08,993 [INFO] PluginManager:220 - loadIPPluginJar : add lorawan
2026-04-26 19:09:08,995 [INFO] IPUIPlugin:80 - create IPUIPlugin
2026-04-26 19:09:08,995 [INFO] PluginManager:220 - loadIPPluginJar : add ltdc
2026-04-26 19:09:09,002 [INFO] IPUIPlugin:80 - create IPUIPlugin
2026-04-26 19:09:09,003 [INFO] PluginManager:220 - loadIPPluginJar : add mdma
2026-04-26 19:09:09,009 [INFO] IPUIPlugin:80 - create IPUIPlugin
2026-04-26 19:09:09,009 [INFO] PluginManager:220 - loadIPPluginJar : add nvic
2026-04-26 19:09:09,013 [INFO] IPUIPlugin:80 - create IPUIPlugin
2026-04-26 19:09:09,013 [INFO] PluginManager:220 - loadIPPluginJar : add opamp
2026-04-26 19:09:09,018 [INFO] IPUIPlugin:80 - create IPUIPlugin
2026-04-26 19:09:09,019 [INFO] PluginManager:220 - loadIPPluginJar : add openamp
2026-04-26 19:09:09,023 [INFO] IPUIPlugin:80 - create IPUIPlugin
2026-04-26 19:09:09,023 [INFO] PluginManager:220 - loadIPPluginJar : add pdm2pcm
2026-04-26 19:09:09,030 [INFO] IPUIPlugin:80 - create IPUIPlugin
2026-04-26 19:09:09,033 [INFO] PluginManager:220 - loadIPPluginJar : add plateformsettings
2026-04-26 19:09:09,035 [INFO] IPUIPlugin:80 - create IPUIPlugin
2026-04-26 19:09:09,035 [INFO] PluginManager:220 - loadIPPluginJar : add quadspi
2026-04-26 19:09:09,038 [INFO] IPUIPlugin:80 - create IPUIPlugin
2026-04-26 19:09:09,039 [INFO] PluginManager:220 - loadIPPluginJar : add radio
2026-04-26 19:09:09,045 [INFO] IPUIPlugin:80 - create IPUIPlugin
2026-04-26 19:09:09,045 [INFO] PluginManager:220 - loadIPPluginJar : add resmgrutility
2026-04-26 19:09:09,050 [INFO] IPUIPlugin:80 - create IPUIPlugin
2026-04-26 19:09:09,050 [INFO] PluginManager:220 - loadIPPluginJar : add sai
2026-04-26 19:09:09,054 [INFO] IPUIPlugin:80 - create IPUIPlugin
2026-04-26 19:09:09,054 [INFO] PluginManager:220 - loadIPPluginJar : add spi
2026-04-26 19:09:09,061 [INFO] IPUIPlugin:80 - create IPUIPlugin
2026-04-26 19:09:09,062 [INFO] PluginManager:220 - loadIPPluginJar : add stm32_wpan
2026-04-26 19:09:09,064 [INFO] IPUIPlugin:80 - create IPUIPlugin
2026-04-26 19:09:09,064 [INFO] PluginManager:220 - loadIPPluginJar : add tim
2026-04-26 19:09:09,068 [INFO] IPUIPlugin:80 - create IPUIPlugin
2026-04-26 19:09:09,069 [INFO] PluginManager:220 - loadIPPluginJar : add touchsensing
2026-04-26 19:09:09,071 [INFO] IPUIPlugin:80 - create IPUIPlugin
2026-04-26 19:09:09,072 [INFO] PluginManager:220 - loadIPPluginJar : add tracer_emb
2026-04-26 19:09:09,075 [INFO] IPUIPlugin:80 - create IPUIPlugin
2026-04-26 19:09:09,075 [INFO] PluginManager:220 - loadIPPluginJar : add ts
2026-04-26 19:09:09,077 [INFO] IPUIPlugin:80 - create IPUIPlugin
2026-04-26 19:09:09,077 [INFO] PluginManager:220 - loadIPPluginJar : add tsc
2026-04-26 19:09:09,080 [INFO] IPUIPlugin:80 - create IPUIPlugin
2026-04-26 19:09:09,080 [INFO] PluginManager:220 - loadIPPluginJar : add ucpd
2026-04-26 19:09:09,084 [INFO] IPUIPlugin:80 - create IPUIPlugin
2026-04-26 19:09:09,084 [INFO] PluginManager:220 - loadIPPluginJar : add usart
2026-04-26 19:09:09,088 [INFO] IPUIPlugin:80 - create IPUIPlugin
2026-04-26 19:09:09,088 [INFO] PluginManager:220 - loadIPPluginJar : add usbx
2026-04-26 19:09:09,230 [FATAL] Updater:351 - Updater called before beeing initialized
2026-04-26 19:09:09,260 [INFO] RulesReader:64 - Compatibility file has been processed (317 Rules)
2026-04-26 19:09:09,272 [INFO] RulesReader:64 - Compatibility file has been processed (317 Rules)
2026-04-26 19:09:09,282 [INFO] CADModel:165 - CPN selected for project level
2026-04-26 19:09:09,282 [INFO] CADModel:114 - Register for checkConnection events
2026-04-26 19:09:09,282 [FATAL] Updater:351 - Updater called before beeing initialized
2026-04-26 19:09:09,282 [ERROR] CADModel:125 - Updater not yet initialized, retry later 
2026-04-26 19:09:09,449 [FATAL] Updater:351 - Updater called before beeing initialized
2026-04-26 19:09:09,451 [INFO] CADModel:165 - CPN selected for project level
2026-04-26 19:09:09,451 [INFO] CADModel:114 - Register for checkConnection events
2026-04-26 19:09:09,452 [FATAL] Updater:351 - Updater called before beeing initialized
2026-04-26 19:09:09,452 [ERROR] CADModel:125 - Updater not yet initialized, retry later 
2026-04-26 19:09:09,455 [FATAL] Updater:351 - Updater called before beeing initialized
2026-04-26 19:09:09,590 [FATAL] Updater:351 - Updater called before beeing initialized
2026-04-26 19:09:09,593 [INFO] DbMcusAds:53 - JSON generation date=Fri Apr 10 06:19:02 BRT 2026 (1775812742261)
2026-04-26 19:09:09,594 [FATAL] Updater:351 - Updater called before beeing initialized
2026-04-26 19:09:09,657 [WARN] DetailPanel:346 - Failed to get advertising image, set to default
2026-04-26 19:09:09,757 [FATAL] Updater:351 - Updater called before beeing initialized
2026-04-26 19:09:09,759 [FATAL] Updater:351 - Updater called before beeing initialized
2026-04-26 19:09:09,759 [FATAL] Updater:351 - Updater called before beeing initialized
2026-04-26 19:09:09,759 [WARN] DetailPanel:346 - Failed to get advertising image, set to default
2026-04-26 19:09:09,760 [FATAL] Updater:351 - Updater called before beeing initialized
2026-04-26 19:09:09,811 [ERROR] Updater:1198 - MainUpdater not yet initialized. External WinMGr cannot be set.
2026-04-26 19:09:09,813 [INFO] Updater:1134 - Updater Version found : 6.15.0
2026-04-26 19:09:09,831 [INFO] ApplicationProperties:184 - Using Application install path: C:\ST\STM32CubeIDE_1.19.0\STM32CubeIDE\plugins\com.st.stm32cube.common.mx_6.15.0.202507011659
2026-04-26 19:09:10,191 [INFO] MainUpdater:2872 - connection check result : 10
2026-04-26 19:09:10,191 [INFO] MainUpdater:3604 - Updater definition file requires update
2026-04-26 19:09:10,193 [INFO] MainUpdater:289 - Updater Check For Update Now.
2026-04-26 19:09:10,194 [INFO] MicroXplorer:498 - Change Database Version : DB.6.0.150
2026-04-26 19:09:10,201 [INFO] McuFinderGlobals:63 - Set McuFinder mode to 2 (CubeIDE integrated)
2026-04-26 19:09:10,201 [INFO] UserAuth:487 - Internet connection configuration mode: 1
2026-04-26 19:09:10,221 [INFO] JxBrowserEngine:152 - Initiate JxBrowser Engine with user profile folder
2026-04-26 19:09:10,238 [INFO] ServerAccessManage:452 - Complete download http(s) 200
2026-04-26 19:09:10,239 [INFO] ServerAccessManage:509 - Download File updaters.zip
2026-04-26 19:09:10,319 [INFO] FileExtend:248 - Unzip File : updaters.zip
2026-04-26 19:09:10,320 [INFO] FileExtend:263 - Standard Zip Deflate
2026-04-26 19:09:11,105 [WARN] MainUpdater:1193 - Updater busy. Cannot search thirdparties
2026-04-26 19:09:11,105 [INFO] ThirdPartyUpdaterWithRetryManager:96 - Updater plugin is busy. [1/15]
2026-04-26 19:09:11,580 [INFO] ServerAccessManage:452 - Complete download http(s) 200
2026-04-26 19:09:11,580 [INFO] ServerAccessManage:509 - Download File PacksControlFlags.xml
2026-04-26 19:09:11,672 [INFO] ServerAccessManage:452 - Complete download http(s) 200
2026-04-26 19:09:11,673 [INFO] ServerAccessManage:509 - Download File cubemx.pidx
2026-04-26 19:09:12,558 [INFO] ServerAccessManage:452 - Complete download http(s) 200
2026-04-26 19:09:12,558 [INFO] ServerAccessManage:509 - Download File STMicroelectronics.FP-SNS-STAIOTCFT.pdsc
2026-04-26 19:09:12,677 [INFO] WebApp:169 - Instantiating new browser for Auth
2026-04-26 19:09:14,106 [WARN] MainUpdater:1193 - Updater busy. Cannot search thirdparties
2026-04-26 19:09:14,106 [INFO] ThirdPartyUpdaterWithRetryManager:96 - Updater plugin is busy. [2/15]
2026-04-26 19:09:14,613 [INFO] WebApp:463 - Apply proxy settings
2026-04-26 19:09:14,614 [INFO] WebApp:548 - Chromium requires no authentication
2026-04-26 19:09:14,673 [INFO] WebApp:491 - Direct internet connection detected
2026-04-26 19:09:14,702 [WARN] PackLoader:240 - Cannot read IP mode file for STMicroelectronics.FP-SNS-STAIOTCFT.1.1.0
2026-04-26 19:09:14,708 [INFO] PopulateThirdPartyThread:66 - Ending populate Thread
2026-04-26 19:09:14,715 [INFO] ThirdParty:1030 - CMSIS Pack Vendor :STMicroelectronics FP-SNS-STAIOTCFT 1.1.0
2026-04-26 19:09:14,716 [INFO] LoadServerUpdatesThread:375 - End of LoadServerUpdate Thread
2026-04-26 19:09:14,746 [INFO] CheckServerUpdateThread:120 - End of CheckServer Thread
2026-04-26 19:09:14,811 [INFO] WebApp:900 - Register for checkConnection events
2026-04-26 19:09:14,811 [INFO] WebApp:463 - Apply proxy settings
2026-04-26 19:09:14,811 [INFO] WebApp:548 - Chromium requires no authentication
2026-04-26 19:09:14,812 [INFO] WebApp:491 - Direct internet connection detected
2026-04-26 19:09:15,246 [INFO] WebApp:225 - Starting web application
2026-04-26 19:09:15,246 [INFO] WebApp:593 - Web application path used C:\ST\STM32CubeIDE_1.19.0\STM32CubeIDE\plugins\com.st.stm32cube.common.mx_6.15.0.202507011659\db\plugins\mcufinder\reactClient1\index.html
2026-04-26 19:09:15,447 [INFO] UserAuth:487 - Internet connection configuration mode: 1
2026-04-26 19:09:16,863 [INFO] WebApp:191 - Connection restablished
2026-04-26 19:09:17,784 [WARN] PackLoader:240 - Cannot read IP mode file for STMicroelectronics.X-CUBE-AZRTOS-H7.3.5.0
2026-04-26 19:09:17,807 [WARN] PackLoader:240 - Cannot read IP mode file for STMicroelectronics.FP-SNS-MOTENVWB1.1.4.0
2026-04-26 19:09:17,816 [WARN] PackLoader:240 - Cannot read IP mode file for STMicroelectronics.FP-ATR-ASTRA1.2.0.2
2026-04-26 19:09:17,831 [WARN] PackLoader:240 - Cannot read IP mode file for STMicroelectronics.X-CUBE-SMBUS.2.1.0
2026-04-26 19:09:17,857 [WARN] PackLoader:240 - Cannot read IP mode file for STMicroelectronics.X-CUBE-AZRTOS-F7.1.1.0
2026-04-26 19:09:17,871 [WARN] PackLoader:240 - Cannot read IP mode file for STMicroelectronics.FP-SNS-MOTENV1.5.1.0
2026-04-26 19:09:17,886 [WARN] PackLoader:240 - Cannot read IP mode file for WES.I-CUBE-Cesium.1.4.0
2026-04-26 19:09:17,923 [WARN] PackLoader:240 - Cannot read IP mode file for STMicroelectronics.X-CUBE-AZRTOS-H7.3.4.0
2026-04-26 19:09:17,943 [WARN] PackLoader:240 - Cannot read IP mode file for STMicroelectronics.X-CUBE-DISPLAY.3.0.0
2026-04-26 19:09:17,954 [WARN] PackLoader:240 - Cannot read IP mode file for STMicroelectronics.FP-SNS-MOTENVWB1.1.5.0
2026-04-26 19:09:17,966 [WARN] PackLoader:240 - Cannot read IP mode file for STMicroelectronics.X-CUBE-NFC10.1.0.0
2026-04-26 19:09:17,975 [WARN] PackLoader:240 - Cannot read IP mode file for STMicroelectronics.X-CUBE-ST60.1.1.0
2026-04-26 19:09:17,984 [WARN] PackLoader:240 - Cannot read IP mode file for emotas.I-CUBE-CANOPEN.1.3.0
2026-04-26 19:09:17,996 [WARN] PackLoader:240 - Cannot read IP mode file for STMicroelectronics.X-CUBE-GNSS1.7.1.0
2026-04-26 19:09:18,010 [WARN] PackLoader:240 - Cannot read IP mode file for STMicroelectronics.FP-SNS-STBOX1.2.1.0
2026-04-26 19:09:18,024 [WARN] PackLoader:240 - Cannot read IP mode file for STMicroelectronics.FP-SNS-SMARTAG2.1.2.0
2026-04-26 19:09:18,030 [WARN] PackLoader:240 - Cannot read IP mode file for STMicroelectronics.FP-SNS-FLIGHT1.5.1.0
2026-04-26 19:09:18,044 [INFO] LogOutputStream:77 - [STDOUT_REDIRECT] 1 : Invalid condition id : UX_CORESTACK_Condition cause : null
2026-04-26 19:09:18,045 [INFO] LogOutputStream:77 - [STDOUT_REDIRECT] 1 : Invalid condition id : UX_CORESTACK_Condition cause : null
2026-04-26 19:09:18,046 [INFO] LogOutputStream:77 - [STDOUT_REDIRECT] 1 : Invalid condition id : UX_CORESTACK_Condition cause : null
2026-04-26 19:09:18,047 [INFO] LogOutputStream:77 - [STDOUT_REDIRECT] 1 : Invalid condition id : UX_CORESTACK_Condition cause : null
2026-04-26 19:09:18,049 [INFO] LogOutputStream:77 - [STDOUT_REDIRECT] 1 : Invalid condition id : UX_CORESTACK_Condition cause : null
2026-04-26 19:09:18,056 [WARN] PackLoader:240 - Cannot read IP mode file for STMicroelectronics.X-CUBE-AZRTOS-WL.2.0.0
2026-04-26 19:09:18,087 [WARN] PackLoader:240 - Cannot read IP mode file for STMicroelectronics.X-CUBE-AZRTOS-H7RS.1.2.0
2026-04-26 19:09:18,098 [WARN] PackLoader:240 - Cannot read IP mode file for STMicroelectronics.X-CUBE-BLE2.3.3.0
2026-04-26 19:09:18,164 [WARN] PackLoader:240 - Cannot read IP mode file for Infineon.AIROC-Wi-Fi-Bluetooth-STM32.1.8.0
2026-04-26 19:09:18,183 [WARN] PackLoader:240 - Cannot read IP mode file for STMicroelectronics.X-CUBE-NFC9.1.0.0
2026-04-26 19:09:18,211 [WARN] PackLoader:240 - Cannot read IP mode file for STMicroelectronics.X-CUBE-BLE1.7.1.0
2026-04-26 19:09:18,219 [WARN] PackLoader:240 - Cannot read IP mode file for wolfSSL.I-CUBE-wolfMQTT.1.19.2
2026-04-26 19:09:18,231 [WARN] PackLoader:240 - Cannot read IP mode file for STMicroelectronics.X-CUBE-FREERTOS.1.4.0
2026-04-26 19:09:18,245 [WARN] PackLoader:240 - Cannot read IP mode file for STMicroelectronics.X-CUBE-EEPRMA1.5.2.0
2026-04-26 19:09:18,256 [WARN] PackLoader:240 - Cannot read IP mode file for wolfSSL.I-CUBE-wolfSSL.5.8.4
2026-04-26 19:09:18,264 [WARN] PackLoader:240 - Cannot read IP mode file for Cesanta.I-CUBE-Mongoose.7.20.0
2026-04-26 19:09:18,274 [WARN] PackLoader:240 - Cannot read IP mode file for STMicroelectronics.FP-SNS-STAIOTCFT.1.1.0
2026-04-26 19:09:18,342 [WARN] PackLoader:240 - Cannot read IP mode file for STMicroelectronics.X-CUBE-MEMS1.12.0.0
2026-04-26 19:09:18,464 [WARN] PackLoader:240 - Cannot read IP mode file for STMicroelectronics.X-CUBE-AZRTOS-G0.1.1.0
2026-04-26 19:09:18,477 [WARN] PackLoader:240 - Cannot read IP mode file for STMicroelectronics.X-CUBE-NFC4.3.0.0
2026-04-26 19:09:18,492 [WARN] PackLoader:240 - Cannot read IP mode file for EmbeddedOffice.I-CUBE-FS-RTOS.1.0.1
2026-04-26 19:09:18,500 [WARN] PackLoader:240 - Cannot read IP mode file for STMicroelectronics.X-CUBE-WB05N.2.0.0
2026-04-26 19:09:18,510 [WARN] PackLoader:240 - Cannot read IP mode file for wolfSSL.I-CUBE-wolfTPM.3.8.0
2026-04-26 19:09:18,518 [WARN] PackLoader:240 - Cannot read IP mode file for STMicroelectronics.X-CUBE-TCPP.4.2.0
2026-04-26 19:09:18,527 [WARN] PackLoader:240 - Cannot read IP mode file for RealThread.X-CUBE-RT-Thread_Nano.4.1.1
2026-04-26 19:09:18,532 [WARN] PackLoader:240 - Cannot read IP mode file for STMicroelectronics.FP-ATR-SIGFOX1.3.2.0
2026-04-26 19:09:18,539 [WARN] PackLoader:240 - Cannot read IP mode file for STMicroelectronics.X-CUBE-FREERTOS.1.5.0
2026-04-26 19:09:18,549 [WARN] PackLoader:240 - Cannot read IP mode file for ITTIA_DB.I-CUBE-ITTIADB.8.9.0
2026-04-26 19:09:18,561 [WARN] PackLoader:240 - Cannot read IP mode file for STMicroelectronics.X-CUBE-NFC6.3.2.0
2026-04-26 19:09:18,575 [WARN] PackLoader:240 - Cannot read IP mode file for STMicroelectronics.X-CUBE-AI.10.2.0
2026-04-26 19:09:18,606 [WARN] PackLoader:240 - Cannot read IP mode file for SEGGER.I-CUBE-embOS.1.3.1
2026-04-26 19:09:18,657 [WARN] PackLoader:240 - Cannot read IP mode file for STMicroelectronics.X-CUBE-ALGOBUILD.1.4.0
2026-04-26 19:09:18,664 [WARN] PackLoader:240 - Cannot read IP mode file for STMicroelectronics.X-CUBE-PM33A1.1.0.0
2026-04-26 19:09:18,681 [WARN] PackLoader:240 - Cannot read IP mode file for STMicroelectronics.X-CUBE-AZRTOS-F4.1.1.0
2026-04-26 19:09:18,697 [WARN] PackLoader:240 - Cannot read IP mode file for STMicroelectronics.X-CUBE-ISPU.2.1.0
2026-04-26 19:09:18,712 [WARN] PackLoader:240 - Cannot read IP mode file for STMicroelectronics.X-CUBE-IPS.3.2.0
2026-04-26 19:09:18,730 [WARN] PackLoader:240 - Cannot read IP mode file for STMicroelectronics.eDS-WB_DPC_TT-BIDIR.2.1.1
2026-04-26 19:09:18,744 [WARN] PackLoader:240 - Cannot read IP mode file for STMicroelectronics.X-CUBE-NFC12.1.0.0
2026-04-26 19:09:18,767 [WARN] PackLoader:240 - Cannot read IP mode file for STMicroelectronics.X-CUBE-AZRTOS-L5.2.0.0
2026-04-26 19:09:18,774 [WARN] PackLoader:240 - Cannot read IP mode file for STMicroelectronics.eDS-WB_DPC_VIENNA.1.2.0
2026-04-26 19:09:18,788 [WARN] PackLoader:240 - Cannot read IP mode file for STMicroelectronics.eDS-WB_DPC_3PH2L-BIDIR.1.1.1
2026-04-26 19:09:18,793 [ERROR] Engine:466 - C:\Users\User\.stm32cubemx\thirdparties\pdsc\STMicroelectronics.X-CUBE-ST67W61.1.3.0.pdsc: PDSC version is not supported
2026-04-26 19:09:18,804 [WARN] PackLoader:240 - Cannot read IP mode file for STMicroelectronics.X-CUBE-TOUCHGFX.4.26.0
2026-04-26 19:09:18,812 [WARN] PackLoader:240 - Cannot read IP mode file for STMicroelectronics.X-CUBE-TOUCHGFX.4.26.1
2026-04-26 19:09:18,819 [WARN] PackLoader:240 - Cannot read IP mode file for STMicroelectronics.FP-SNS-STAIOTCFT.1.0.0
2026-04-26 19:09:18,829 [WARN] PackLoader:240 - Cannot read IP mode file for STMicroelectronics.X-CUBE-DPower.1.3.0
2026-04-26 19:09:18,855 [WARN] ConditionMgr:438 - getConditionDescription Invalid condition id : LAN8742 Phy interface Condition cause : null
2026-04-26 19:09:18,856 [WARN] PackLoader:240 - Cannot read IP mode file for STMicroelectronics.X-CUBE-AZRTOS-L4.2.0.0
2026-04-26 19:09:18,857 [WARN] ConditionMgr:1044 - genDependencies : Invalid condition id : LAN8742 Phy interface Condition cause : null
2026-04-26 19:09:18,857 [WARN] ConditionMgr:1044 - genDependencies : Invalid condition id : LAN8742 Phy interface Condition cause : null
2026-04-26 19:09:18,857 [WARN] ConditionMgr:1044 - genDependencies : Invalid condition id : LAN8742 Phy interface Condition cause : null
2026-04-26 19:09:18,868 [WARN] PackLoader:240 - Cannot read IP mode file for STMicroelectronics.X-CUBE-SFXS2LP1.4.0.0
2026-04-26 19:09:18,876 [WARN] PackLoader:240 - Cannot read IP mode file for STMicroelectronics.X-CUBE-WB05N.2.1.0
2026-04-26 19:09:18,888 [WARN] PackLoader:240 - Cannot read IP mode file for STMicroelectronics.X-CUBE-ST67W61.1.2.0
2026-04-26 19:09:18,906 [WARN] PackLoader:240 - Cannot read IP mode file for STMicroelectronics.X-CUBE-BLEMGR.4.1.0
2026-04-26 19:09:18,933 [WARN] ConditionMgr:438 - getConditionDescription Invalid condition id : UX DEVICE CLASS RTOS Condition cause : null
2026-04-26 19:09:18,933 [WARN] ConditionMgr:438 - getConditionDescription Invalid condition id : UX DEVICE CLASS RTOS Condition cause : null
2026-04-26 19:09:18,936 [WARN] PackLoader:240 - Cannot read IP mode file for STMicroelectronics.X-CUBE-AZRTOS-WB.2.0.0
2026-04-26 19:09:18,938 [WARN] ConditionMgr:1044 - genDependencies : Invalid condition id : UX DEVICE CLASS RTOS Condition cause : null
2026-04-26 19:09:18,938 [WARN] ConditionMgr:1044 - genDependencies : Invalid condition id : UX DEVICE CLASS RTOS Condition cause : null
2026-04-26 19:09:18,939 [WARN] ConditionMgr:1044 - genDependencies : Invalid condition id : UX DEVICE CLASS RTOS Condition cause : null
2026-04-26 19:09:18,940 [WARN] ConditionMgr:1044 - genDependencies : Invalid condition id : UX DEVICE CLASS RTOS Condition cause : null
2026-04-26 19:09:18,940 [WARN] ConditionMgr:1044 - genDependencies : Invalid condition id : UX DEVICE CLASS RTOS Condition cause : null
2026-04-26 19:09:18,953 [WARN] ConditionMgr:438 - getConditionDescription Invalid condition id : Cortex-A Device cause : null
2026-04-26 19:09:18,963 [WARN] ConditionMgr:1044 - genDependencies : Invalid condition id : Cortex-A Device cause : null
2026-04-26 19:09:18,963 [WARN] ConditionMgr:1044 - genDependencies : Invalid condition id : Cortex-A Device cause : null
2026-04-26 19:09:18,963 [WARN] ConditionMgr:1044 - genDependencies : Invalid condition id : Cortex-A Device cause : null
2026-04-26 19:09:18,974 [WARN] PackLoader:240 - Cannot read IP mode file for STMicroelectronics.X-CUBE-STSE01.2.0.0
2026-04-26 19:09:18,995 [WARN] PackLoader:240 - Cannot read IP mode file for STMicroelectronics.X-CUBE-SUBG2.5.0.0
2026-04-26 19:09:19,021 [WARN] PackLoader:240 - Cannot read IP mode file for STMicroelectronics.X-CUBE-AZRTOS-G4.2.0.0
2026-04-26 19:09:19,031 [WARN] PackLoader:240 - Cannot read IP mode file for wolfSSL.I-CUBE-wolfSSH.1.4.20
2026-04-26 19:09:19,041 [WARN] PackLoader:240 - Cannot read IP mode file for STMicroelectronics.X-CUBE-NFC7.2.0.0
2026-04-26 19:09:19,054 [WARN] PackLoader:240 - Cannot read IP mode file for STMicroelectronics.X-CUBE-ALS.1.0.2
2026-04-26 19:09:19,071 [WARN] PackLoader:240 - Cannot read IP mode file for STMicroelectronics.X-CUBE-TOF1.3.4.3
2026-04-26 19:09:19,081 [INFO] ThirdParty:978 - Integrity check success = true
2026-04-26 19:09:19,081 [INFO] IntegrityCheckThread:100 - exiting critical section [integrity check]
2026-04-26 19:09:19,081 [INFO] IntegrityCheckThread:103 - End integrity checks thread
2026-04-26 19:14:50,659 [INFO] McuFinderGlobals:63 - Set McuFinder mode to 2 (CubeIDE integrated)
2026-04-26 19:14:50,684 [INFO] MainUpdater:2872 - connection check result : 10
2026-04-26 19:14:50,687 [INFO] McuFinderGlobals:76 - Set McuFinderConnectedMode to true
2026-04-26 19:14:51,071 [INFO] ServerAccessManage:452 - Complete download http(s) 200
2026-04-26 19:14:51,072 [INFO] ServerAccessManage:509 - Download File mcusAds.json._tmp_
2026-04-26 19:14:51,185 [INFO] LoadUrlFilesThread:156 - End of LoadUrlFiles Thread
2026-04-26 19:14:51,363 [INFO] ServerAccessManage:452 - Complete download http(s) 200
2026-04-26 19:14:51,364 [INFO] ServerAccessManage:509 - Download File cube-finder-db.zip
2026-04-26 19:14:52,266 [INFO] FileExtend:248 - Unzip File : cube-finder-db.zip
2026-04-26 19:14:52,266 [INFO] FileExtend:263 - Standard Zip Deflate
2026-04-26 19:14:53,244 [INFO] LoadUrlFilesThread:156 - End of LoadUrlFiles Thread
2026-04-26 19:14:54,616 [INFO] ServerAccessManage:452 - Complete download http(s) 200
2026-04-26 19:14:54,616 [INFO] ServerAccessManage:509 - Download File crdb.zip
2026-04-26 19:14:55,713 [INFO] FileExtend:248 - Unzip File : crdb.zip
2026-04-26 19:14:55,713 [INFO] FileExtend:263 - Standard Zip Deflate
2026-04-26 19:14:55,842 [INFO] LoadUrlFilesThread:156 - End of LoadUrlFiles Thread
2026-04-26 19:14:55,978 [INFO] ServerAccessManage:452 - Complete download http(s) 200
2026-04-26 19:14:55,978 [INFO] ServerAccessManage:509 - Download File tutoVideoDB.zip
2026-04-26 19:14:55,984 [INFO] FileExtend:248 - Unzip File : tutoVideoDB.zip
2026-04-26 19:14:55,984 [INFO] FileExtend:263 - Standard Zip Deflate
2026-04-26 19:14:56,099 [INFO] LoadUrlFilesThread:156 - End of LoadUrlFiles Thread
2026-04-26 19:14:56,101 [WARN] DbFile:41 - Overriding database path with different value: C:\Users\User\.stmcufinder\plugins\mcufinder/ => C:\Users\User\.stmcufinder\plugins\mcufinder
2026-04-26 19:14:56,279 [INFO] ServerAccessManage:452 - Complete download http(s) 200
2026-04-26 19:14:56,279 [INFO] ServerAccessManage:509 - Download File api_config.json
2026-04-26 19:14:56,392 [INFO] LoadUrlFilesThread:156 - End of LoadUrlFiles Thread
2026-04-26 19:14:56,396 [INFO] DbMcusAds:53 - JSON generation date=Fri Apr 10 06:19:02 BRT 2026 (1775812742261)
2026-04-26 19:14:56,444 [INFO] LoadUrlFilesThread:185 - End of LoadServerUrlFiles without Thread
2026-04-26 19:14:56,445 [INFO] TargetSelectorAdapter:259 - Refresh data is successful
2026-04-26 19:14:56,664 [INFO] ApiDb:581 - Connected to CubeFinder SQLite database (C:\Users\User\.stmcufinder\plugins\mcufinder\mcu\cube-finder-db.db)
2026-04-26 19:14:56,749 [INFO] ApiDb:668 - CubeFinder database Data Model version=2.1
2026-04-26 19:14:56,749 [INFO] ApiDb:669 - CubeFinder database Configuration version=3.0.42
2026-04-26 19:14:56,749 [INFO] ApiDb:670 - CubeFinder database generation date=2026-03-11 (1773229989)
2026-04-26 19:14:56,750 [INFO] ApiDb:671 - CubeFinder database FW Pack versions=[FP-ATR-ASTRA1_V2.0.0, FP-SNS-FLIGHT1_V5.1.0, FP-SNS-MOTENV1_V5.1.0, FP-SNS-MOTENVWB1_V1.5.0, FP-SNS-SMARTAG2_V1.2.0, FP-SNS-STBOX1_V2.1.0, STM32Cube_FW_C0_V1.4.0, STM32Cube_FW_F4_V1.28.3, STM32Cube_FW_F7_V1.17.4, STM32Cube_FW_G0_V1.6.3, STM32Cube_FW_G4_V1.6.2, STM32Cube_FW_H5_V1.6.0, STM32Cube_FW_H7RS_V1.3.0, STM32Cube_FW_H7_V1.13.0, STM32Cube_FW_L0_V1.12.2, STM32Cube_FW_L4_V1.18.2, STM32Cube_FW_L5_V1.6.0, STM32Cube_FW_N6_V1.3.0, STM32Cube_FW_U0_V1.3.0, STM32Cube_FW_U3_V1.3.0, STM32Cube_FW_U5_V1.8.0, STM32Cube_FW_WB0_V1.4.0, STM32Cube_FW_WBA_V1.9.0, STM32Cube_FW_WB_V1.24.0, STM32Cube_FW_WL3_V1.4.0, STM32Cube_FW_WL_V1.5.0, X-CUBE-ALGOBUILD_V1.4.0, X-CUBE-ALS_V1.0.2, X-CUBE-AZRTOS-F4_V1.1.0, X-CUBE-AZRTOS-F7_V1.1.0, X-CUBE-AZRTOS-G0_V1.1.0, X-CUBE-AZRTOS-G4_V2.0.0, X-CUBE-AZRTOS-H7RS_V1.1.0, X-CUBE-AZRTOS-H7_V3.4.0, X-CUBE-AZRTOS-L4_V2.0.0, X-CUBE-AZRTOS-L5_V2.0.0, X-CUBE-AZRTOS-WB_V2.0.0, X-CUBE-AZRTOS-WL_V2.0.0, X-CUBE-BLE1_V7.1.0, X-CUBE-BLE2_V3.3.0, X-CUBE-BLEMGR_V4.1.0, X-CUBE-EEPRMA1_V5.2.0, X-CUBE-FREERTOS_V1.5.0, X-CUBE-GNSS1_V6.0.0, X-CUBE-MEMS1_V12.0.0, X-CUBE-NFC4_V3.0.0, X-CUBE-NFC7_V2.0.0, X-CUBE-SFXS2LP1_V4.0.0, X-CUBE-ST67W61_V1.2.0, X-CUBE-SUBG2_V5.0.0, X-CUBE-TOF1_V3.4.3]
2026-04-26 19:14:59,854 [INFO] ApiDb:240 - Found 880 in-development CPN: [B-G473E-ZEST1S, B-WB1M-WPAN1, B-WBA5M-WPAN, B-WL5M-SUBG1, NUCLEO-C031C6, NUCLEO-C051C8, NUCLEO-C071RB, NUCLEO-C092RC, NUCLEO-H503RB, NUCLEO-H533RE, NUCLEO-H563ZI, NUCLEO-H7S3L8, NUCLEO-N657X0-Q, NUCLEO-U031R8, NUCLEO-U083RC, NUCLEO-U385RG-Q, NUCLEO-U545RE-Q, NUCLEO-U5A5ZJ-Q, NUCLEO-WB05KZ, NUCLEO-WB07CC, NUCLEO-WB09KE, NUCLEO-WBA52CG, NUCLEO-WBA55CG, NUCLEO-WL33CC1, NUCLEO-WL33CC2, STEVAL-PROTEUS1, STEVAL-SMARTAG2, STEVAL-STWINBX1, STM320518-EVAL, STM32C0116-DK, STM32C011D6Y3TR, STM32C011D6Y6TR, STM32C011F4P3, STM32C011F4P6, STM32C011F4U3, STM32C011F4U6TR, STM32C011F6P3, STM32C011F6P6, STM32C011F6U3, STM32C011F6U6TR, STM32C011J4M3, STM32C011J4M6, STM32C011J6M3, STM32C011J6M6, STM32C0316-DK, STM32C031C4T3, STM32C031C4T6, STM32C031C4U3, STM32C031C4U6, STM32C031C6T3, STM32C031C6T6, STM32C031C6U3, STM32C031C6U6, STM32C031F4P3, STM32C031F4P6, STM32C031F6P3, STM32C031F6P6, STM32C031G4U3, STM32C031G4U6, STM32C031G6U3, STM32C031G6U6, STM32C031K4T3, STM32C031K4T6, STM32C031K4U3, STM32C031K4U6, STM32C031K6T3, STM32C031K6T6, STM32C031K6U3, STM32C031K6U6, STM32C051C6T6, STM32C051C6U6, STM32C051C8T6, STM32C051C8U6, STM32C051D8Y6TR, STM32C051F6P6, STM32C051F8P6, STM32C051G6U6, STM32C051G8U6, STM32C051K6T6, STM32C051K6U6, STM32C051K8T6, STM32C071C8T6, STM32C071C8T6N, STM32C071C8U6, STM32C071C8U6N, STM32C071CBT6, STM32C071CBT6N, STM32C071CBU6, STM32C071CBU6N, STM32C071F8P6, STM32C071F8P6N, STM32C071FBP6, STM32C071FBP6N, STM32C071FBY6TR, STM32C071G8U6, STM32C071G8U6N, STM32C071GBU6, STM32C071GBU6N, STM32C071K8T6, STM32C071K8T6N, STM32C071K8U6, STM32C071K8U6N, STM32C071KBT6, STM32C071KBT6N, STM32C071KBU6, STM32C071KBU6N, STM32C071R8T6, STM32C071R8T6N, STM32C071RBI6N, STM32C071RBT6, STM32C071RBT6N, STM32C091CBT6, STM32C091CBU6, STM32C091CCT6, STM32C091CCU6, STM32C091ECY6TR, STM32C091FBP6, STM32C091FCP6, STM32C091GBU6, STM32C091GCU6, STM32C091KBT6, STM32C091KBU6, STM32C091KCT6, STM32C091KCU6, STM32C091RBT6, STM32C091RCI6, STM32C091RCT6, STM32C092CBT6, STM32C092CBU6, STM32C092CCT6, STM32C092CCU6, STM32C092ECY6TR, STM32C092FBP6, STM32C092FCP6, STM32C092GBU6, STM32C092GCU6, STM32C092KBT6, STM32C092KBU6, STM32C092KCT6, STM32C092KCU6, STM32C092RBT6, STM32C092RCI6, STM32C092RCT6, STM32G071K8TXN, STM32G071K8UXN, STM32G081GBU6N, STM32G081KBT6N, STM32G081KBUXN, STM32G0B1CCT6N, STM32G0B1KCT6, STM32G0B1NEY6TR, STM32G0B1RCT6N, STM32G0C1CCT6, STM32G0C1CCT6N, STM32G0C1CCU6N, STM32G0C1CET6N, STM32G0C1CEU6N, STM32G0C1KCT6, STM32G0C1NEY6TR, STM32G0C1RCI6N, STM32G0C1RCT6N, STM32G0C1REI6N, STM32G0C1RET6N, STM32G0C1VCI6, STM32G0C1VEI6, STM32G411C6T3, STM32G411C6T6, STM32G411C6U3, STM32G411C6U6, STM32G411C8T3, STM32G411C8T6, STM32G411C8U3, STM32G411C8U6, STM32G411CBT3, STM32G411CBT6, STM32G411CBU3, STM32G411CBU6, STM32G411K6T3, STM32G411K6T6, STM32G411K6U3, STM32G411K6U6, STM32G411K8T3, STM32G411K8T6, STM32G411K8U3, STM32G411K8U6, STM32G411KBT3, STM32G411KBT6, STM32G411KBU3, STM32G411KBU6, STM32G411M6T3, STM32G411M6T6, STM32G411M8T3, STM32G411M8T6, STM32G411MBT3, STM32G411MBT6, STM32G411R6T3, STM32G411R6T6, STM32G411R8T3, STM32G411R8T6, STM32G411RBT3, STM32G411RBT6, STM32G414CBT3, STM32G414CBT6, STM32G414CBU3, STM32G414CBU6, STM32G414CCT3, STM32G414CCT6, STM32G414CCU3, STM32G414CCU6, STM32G414MBT3, STM32G414MBT6, STM32G414MCT3, STM32G414MCT6, STM32G414RBT3, STM32G414RBT6, STM32G414RCT3, STM32G414RCT6, STM32G414VBT3, STM32G414VBT6, STM32G414VCT3, STM32G414VCT6, STM32G431CBT3Z, STM32G431RBT3Z, STM32G471CCT6, STM32G471CCU6, STM32G471CET3, STM32G471CET6, STM32G471CEU3, STM32G471CEU6, STM32G471MCT6, STM32G471MET3, STM32G471MET6, STM32G471MEY6TR, STM32G471QCT6, STM32G471QET3, STM32G471RCT6, STM32G471RET3, STM32G471RET6, STM32G471VCH6, STM32G471VCI6, STM32G471VCT6, STM32G471VEH3, STM32G471VEH6, STM32G471VEI3, STM32G471VEI6, STM32G471VET3, STM32G471VET6, STM32G473QET3Z, STM32G473RET3Z, STM32G474CCT6, STM32G491RET3Z, STM32H503CBT6, STM32H503CBU6, STM32H503EBY6TR, STM32H503KBU6, STM32H503RBT6, STM32H523CCT6, STM32H523CCU6, STM32H523CET6, STM32H523CEU6, STM32H523HEY6TR, STM32H523RCT6, STM32H523RET6, STM32H523VCI6, STM32H523VCT6, STM32H523VEI6, STM32H523VET6, STM32H523ZCJ6, STM32H523ZCT6, STM32H523ZEJ6, STM32H523ZET6, STM32H533CET6, STM32H533CEU6, STM32H533HEY6TR, STM32H533RET6, STM32H533VEI6, STM32H533VET6, STM32H533ZEJ6, STM32H533ZET6, STM32H562AGI6, STM32H562AII6, STM32H562IGK6, STM32H562IGT6, STM32H562IIK6, STM32H562IIT6, STM32H562RGT6, STM32H562RGV6, STM32H562RIT6, STM32H562RIV6, STM32H562VGT6, STM32H562VIT6, STM32H562ZGT6, STM32H562ZIT6, STM32H563AGI6, STM32H563AII3Q, STM32H563AII6, STM32H563IGK6, STM32H563IGT6, STM32H563IIK3Q, STM32H563IIK6, STM32H563IIT3Q, STM32H563IIT6, STM32H563MIY3QTR, STM32H563RGT6, STM32H563RGV6, STM32H563RIT6, STM32H563RIV6, STM32H563VGT6, STM32H563VIT3Q, STM32H563VIT6, STM32H563ZGT6, STM32H563ZIT3Q, STM32H563ZIT6, STM32H573AII3Q, STM32H573AII6, STM32H573I-DK, STM32H573IIK3Q, STM32H573IIK6, STM32H573IIT3Q, STM32H573IIT6, STM32H573MIY3QTR, STM32H573RIT6, STM32H573RIV6, STM32H573VIT3Q, STM32H573VIT6, STM32H573ZIT3Q, STM32H573ZIT6, STM32H7R3A8I6, STM32H7R3I8K6, STM32H7R3I8T6, STM32H7R3L8H6, STM32H7R3L8H6H, STM32H7R3R8V6, STM32H7R3V8H6, STM32H7R3V8T6, STM32H7R3V8Y6TR, STM32H7R3Z8J6, STM32H7R3Z8T6, STM32H7R7A8I6, STM32H7R7I8K6, STM32H7R7I8T6, STM32H7R7L8H6, STM32H7R7L8H6H, STM32H7R7Z8J6, STM32H7S3A8I6, STM32H7S3I8K6, STM32H7S3I8T6, STM32H7S3L8H6, STM32H7S3L8H6H, STM32H7S3R8V6, STM32H7S3V8H6, STM32H7S3V8T6, STM32H7S3V8Y6TR, STM32H7S3Z8J6, STM32H7S3Z8T6, STM32H7S78-DK, STM32H7S7A8I6, STM32H7S7I8K6, STM32H7S7I8T6, STM32H7S7L8H6, STM32H7S7L8H6H, STM32H7S7Z8J6, STM32L4R5QGI6STR, STM32MP131AAE3, STM32MP131AAF3, STM32MP131AAG3, STM32MP131CAE3, STM32MP131CAF3, STM32MP131CAG3, STM32MP131DAE7, STM32MP131DAF7, STM32MP131DAG7, STM32MP131FAE7, STM32MP131FAF7, STM32MP131FAG7, STM32MP133AAE3, STM32MP133AAF3, STM32MP133AAG3, STM32MP133CAE3, STM32MP133CAF3, STM32MP133CAG3, STM32MP133DAE7, STM32MP133DAF7, STM32MP133DAG7, STM32MP133FAE7, STM32MP133FAF7, STM32MP133FAG7, STM32MP135AAE3, STM32MP135AAF3, STM32MP135AAG3, STM32MP135CAE3, STM32MP135CAF3, STM32MP135CAG3, STM32MP135DAE7, STM32MP135DAF7, STM32MP135DAG7, STM32MP135F-DK, STM32MP135FAE7, STM32MP135FAF7, STM32MP135FAF7T, STM32MP135FAF7U, STM32MP135FAG7, STM32MP211AAL3, STM32MP211AAM3, STM32MP211AAN3, STM32MP211AAO3, STM32MP211CAL3, STM32MP211CAM3, STM32MP211CAN3, STM32MP211CAO3, STM32MP211DAL3, STM32MP211DAM3, STM32MP211DAN3, STM32MP211DAO3, STM32MP211FAL3, STM32MP211FAM3, STM32MP211FAN3, STM32MP211FAO3, STM32MP213AAL3, STM32MP213AAM3, STM32MP213AAN3, STM32MP213AAO3, STM32MP213CAL3, STM32MP213CAM3, STM32MP213CAN3, STM32MP213CAO3, STM32MP213DAL3, STM32MP213DAM3, STM32MP213DAN3, STM32MP213DAO3, STM32MP213FAL3, STM32MP213FAM3, STM32MP213FAN3, STM32MP213FAO3, STM32MP215AAL3, STM32MP215AAM3, STM32MP215AAN3, STM32MP215AAO3, STM32MP215CAL3, STM32MP215CAM3, STM32MP215CAN3, STM32MP215CAO3, STM32MP215DAL3, STM32MP215DAM3, STM32MP215DAN3, STM32MP215DAO3, STM32MP215F-DK, STM32MP215FAL3, STM32MP215FAM3, STM32MP215FAN3, STM32MP215FAO3, STM32MP231AAJ3, STM32MP231AAK3, STM32MP231AAL3, STM32MP231CAJ3, STM32MP231CAK3, STM32MP231CAL3, STM32MP231DAJ3, STM32MP231DAK3, STM32MP231DAL3, STM32MP231FAJ3, STM32MP231FAK3, STM32MP231FAL3, STM32MP233AAJ3, STM32MP233AAK3, STM32MP233AAL3, STM32MP233CAJ3, STM32MP233CAK3, STM32MP233CAL3, STM32MP233DAJ3, STM32MP233DAK3, STM32MP233DAL3, STM32MP233FAJ3, STM32MP233FAK3, STM32MP233FAL3, STM32MP235AAJ3, STM32MP235AAK3, STM32MP235AAL3, STM32MP235CAJ3, STM32MP235CAK3, STM32MP235CAL3, STM32MP235DAJ3, STM32MP235DAK3, STM32MP235DAL3, STM32MP235FAJ3, STM32MP235FAK3, STM32MP235FAL3, STM32MP251AAI3, STM32MP251AAK3, STM32MP251AAL3, STM32MP251CAI3, STM32MP251CAK3, STM32MP251CAL3, STM32MP251DAI3, STM32MP251DAK3, STM32MP251DAL3, STM32MP251FAI3, STM32MP251FAK3, STM32MP251FAL3, STM32MP253AAI3, STM32MP253AAK3, STM32MP253AAL3, STM32MP253CAI3, STM32MP253CAK3, STM32MP253CAL3, STM32MP253DAI3, STM32MP253DAK3, STM32MP253DAL3, STM32MP253FAI3, STM32MP253FAK3, STM32MP253FAL3, STM32MP255AAI3, STM32MP255AAK3, STM32MP255AAL3, STM32MP255CAI3, STM32MP255CAK3, STM32MP255CAL3, STM32MP255DAI3, STM32MP255DAK3, STM32MP255DAL3, STM32MP255FAI3, STM32MP255FAK3, STM32MP255FAL3, STM32MP257AAI3, STM32MP257AAK3, STM32MP257AAL3, STM32MP257CAI3, STM32MP257CAK3, STM32MP257CAL3, STM32MP257DAI3, STM32MP257DAK3, STM32MP257DAL3, STM32MP257F-DK, STM32MP257F-EV1, STM32MP257FAI3, STM32MP257FAK3, STM32MP257FAL3, STM32N645A0H3Q, STM32N645B0H3Q, STM32N645I0H3Q, STM32N645L0H3Q, STM32N645X0H3Q, STM32N645Z0H3Q, STM32N647A0H3Q, STM32N647B0H3Q, STM32N647I0H3Q, STM32N647L0H3Q, STM32N647X0H3Q, STM32N647Z0H3Q, STM32N655A0H3Q, STM32N655B0H3Q, STM32N655I0H3Q, STM32N655L0H3Q, STM32N655X0H3Q, STM32N655Z0H3Q, STM32N6570-DK, STM32N657A0H3Q, STM32N657B0H3Q, STM32N657I0H3Q, STM32N657L0H3Q, STM32N657X0H3Q, STM32N657Z0H3Q, STM32U031C6T6, STM32U031C6U6, STM32U031C8T6, STM32U031C8U6, STM32U031F4P6, STM32U031F6P6, STM32U031F8P6, STM32U031G6Y6TR, STM32U031G8Y6TR, STM32U031K4U6, STM32U031K6U6, STM32U031K8U6, STM32U031R6I6, STM32U031R6T6, STM32U031R8I6, STM32U031R8T6, STM32U073C8T6, STM32U073C8U6, STM32U073CBT6, STM32U073CBU6, STM32U073CCT6, STM32U073CCU6, STM32U073H8Y6TR, STM32U073HBY6TR, STM32U073HCY6TR, STM32U073K8U6, STM32U073KBU6, STM32U073KCU6, STM32U073M8I6, STM32U073M8T6, STM32U073MBI6, STM32U073MBT6, STM32U073MCI6, STM32U073MCT6, STM32U073R8I6, STM32U073R8T6, STM32U073RBI6, STM32U073RBT6, STM32U073RCI6, STM32U073RCT6, STM32U083C-DK, STM32U083CCT6, STM32U083CCU6, STM32U083HCY6TR, STM32U083KCU6, STM32U083MCI6, STM32U083MCT6, STM32U083RCI6, STM32U083RCT6, STM32U375CET6, STM32U375CET6Q, STM32U375CEU6, STM32U375CEU6Q, STM32U375CEY6QTR, STM32U375CGT6, STM32U375CGT6Q, STM32U375CGU6, STM32U375CGU6Q, STM32U375CGY6QTR, STM32U375KEU6, STM32U375KGU6, STM32U375REI6, STM32U375REI6Q, STM32U375RET6, STM32U375RET6Q, STM32U375REY6GTR, STM32U375REY6QTR, STM32U375RGI6, STM32U375RGI6Q, STM32U375RGT6, STM32U375RGT6Q, STM32U375RGY6GTR, STM32U375RGY6QTR, STM32U375VEI6, STM32U375VEI6Q, STM32U375VET6, STM32U375VET6Q, STM32U375VGI6, STM32U375VGI6Q, STM32U375VGT6, STM32U375VGT6Q, STM32U385CGT6, STM32U385CGT6Q, STM32U385CGU6, STM32U385CGU6Q, STM32U385CGY6QTR, STM32U385KGU6, STM32U385RGI6, STM32U385RGI6Q, STM32U385RGT6, STM32U385RGT6Q, STM32U385RGY6GTR, STM32U385RGY6QTR, STM32U385VGI6, STM32U385VGI6Q, STM32U385VGT6, STM32U385VGT6Q, STM32U535CBT6, STM32U535CBT6Q, STM32U535CBU6, STM32U535CBU6Q, STM32U535CCT6, STM32U535CCT6Q, STM32U535CCU6, STM32U535CCU6Q, STM32U535CET6, STM32U535CET6Q, STM32U535CEU6, STM32U535CEU6Q, STM32U535JEY6QTR, STM32U535NCY6QTR, STM32U535NEY6QTR, STM32U535RBI6, STM32U535RBI6Q, STM32U535RBT6, STM32U535RBT6Q, STM32U535RCI6, STM32U535RCI6Q, STM32U535RCT6, STM32U535RCT6Q, STM32U535REI6, STM32U535REI6Q, STM32U535RET6, STM32U535RET6Q, STM32U535VCI6, STM32U535VCI6Q, STM32U535VCT6, STM32U535VCT6Q, STM32U535VEI6, STM32U535VEI6Q, STM32U535VET6, STM32U535VET6Q, STM32U545CET6, STM32U545CET6Q, STM32U545CEU6, STM32U545CEU6Q, STM32U545JEY6QTR, STM32U545NEY6QTR, STM32U545REI6, STM32U545REI6Q, STM32U545RET6, STM32U545RET6Q, STM32U545VEI6, STM32U545VEI6Q, STM32U545VET6, STM32U545VET6Q, STM32U595AIH6, STM32U595AIH6Q, STM32U595AJH6, STM32U595AJH6Q, STM32U595QII6, STM32U595QII6Q, STM32U595QJI6, STM32U595QJI6Q, STM32U595RIT6, STM32U595RIT6Q, STM32U595RJT6, STM32U595RJT6Q, STM32U595VIT6, STM32U595VIT6Q, STM32U595VJT6, STM32U595VJT6Q, STM32U595ZIT6, STM32U595ZIT6Q, STM32U595ZIY6QTR, STM32U595ZJT6, STM32U595ZJT6Q, STM32U595ZJY6QTR, STM32U599BJY6QTR, STM32U599NIH6Q, STM32U599NJH6Q, STM32U599VIT6Q, STM32U599VJT6, STM32U599VJT6Q, STM32U599ZIT6Q, STM32U599ZIY6QTR, STM32U599ZJT6Q, STM32U599ZJY6QTR, STM32U5A5AJH6, STM32U5A5AJH6Q, STM32U5A5QII3Q , STM32U5A5QJI6, STM32U5A5QJI6Q, STM32U5A5RJT6, STM32U5A5RJT6Q, STM32U5A5VJT6, STM32U5A5VJT6Q, STM32U5A5ZJT6, STM32U5A5ZJT6Q, STM32U5A5ZJY6QTR, STM32U5A9BJY6QTR, STM32U5A9J-DK, STM32U5A9NJH6Q, STM32U5A9VJT6Q, STM32U5A9ZJT6Q, STM32U5A9ZJY6QTR, STM32U5F7VIT6, STM32U5F7VIT6Q, STM32U5F7VJT6, STM32U5F7VJT6Q, STM32U5F9BJY6QTR, STM32U5F9NJH6Q, STM32U5F9VIT6Q, STM32U5F9VJT6Q, STM32U5F9ZIJ6QTR, STM32U5F9ZIT6Q, STM32U5F9ZJJ6QTR, STM32U5F9ZJT6Q, STM32U5G7VJT6, STM32U5G7VJT6Q, STM32U5G9BJY6QTR, STM32U5G9J-DK1, STM32U5G9J-DK2, STM32U5G9NJH6Q, STM32U5G9VJT6Q, STM32U5G9ZJJ6QTR, STM32U5G9ZJT6Q, STM32WB05KZV6TR, STM32WB05KZV7TR, STM32WB05TZF6TR, STM32WB05TZF7TR, STM32WB06CCF6TR, STM32WB06CCF7TR, STM32WB06CCV6TR, STM32WB06CCV7TR, STM32WB06KCV6TR, STM32WB06KCV7TR, STM32WB07CCF6TR, STM32WB07CCF7TR, STM32WB07CCV6TR, STM32WB07CCV7TR, STM32WB07KCV6TR, STM32WB07KCV7TR, STM32WB09KEV6TR, STM32WB09KEV7TR, STM32WB09TEF6TR, STM32WB09TEF7TR, STM32WB1MMCH6, STM32WBA50KGU6, STM32WBA50KGU6TR, STM32WBA52CEU6, STM32WBA52CEU6TR, STM32WBA52CEU7, STM32WBA52CEU7TR, STM32WBA52CGU6, STM32WBA52CGU6TR, STM32WBA52CGU6U, STM32WBA52CGU7, STM32WBA52CGU7TR, STM32WBA52KEU6, STM32WBA52KEU6TR, STM32WBA52KGU6, STM32WBA52KGU6TR, STM32WBA54CEU6, STM32WBA54CEU6TR, STM32WBA54CEU7, STM32WBA54CEU7TR, STM32WBA54CGU6, STM32WBA54CGU6TR, STM32WBA54CGU7, STM32WBA54CGU7TR, STM32WBA54KEU6, STM32WBA54KEU6TR, STM32WBA54KEU7, STM32WBA54KEU7TR, STM32WBA54KGU6, STM32WBA54KGU6TR, STM32WBA54KGU7, STM32WBA54KGU7TR, STM32WBA55CEU6, STM32WBA55CEU6TR, STM32WBA55CEU7, STM32WBA55CEU7TR, STM32WBA55CGU6, STM32WBA55CGU6TR, STM32WBA55CGU6U, STM32WBA55CGU7, STM32WBA55CGU7TR, STM32WBA55G-DK1, STM32WBA55HEF6, STM32WBA55HEF7, STM32WBA55HGF6, STM32WBA55HGF7, STM32WBA55UEI6, STM32WBA55UEI6TR, STM32WBA55UEI7, STM32WBA55UEI7TR, STM32WBA55UGI6, STM32WBA55UGI6TR, STM32WBA55UGI7, STM32WBA55UGI7TR, STM32WBA5MMGH6TR, STM32WBA62MGF6, STM32WBA62MIF6, STM32WBA65MGF7, STM32WBA65MIF6, STM32WBA65MIF7, STM32WL30K8V6, STM32WL30KBV6, STM32WL31C8V6, STM32WL31CBV6, STM32WL31K8V6, STM32WL31KBV6, STM32WL33C8V6, STM32WL33C8V6X, STM32WL33CBV6, STM32WL33CBV6X, STM32WL33CCV6, STM32WL33CCV6A, STM32WL33CCV6X, STM32WL33K8V7, STM32WL33K8V7X, STM32WL33KBV7 , STM32WL33KBV7X, STM32WL33KCV7, STM32WL33KCV7X, STM32WL5MOCH6, STM32WL5MOCH6TR]
2026-04-26 19:14:59,861 [INFO] DbMcus:218 - Found 5055 MCUs, 4968 are supported
2026-04-26 19:14:59,864 [INFO] ApiDb:423 - Load user favorites file C:\Users\User/.stm32cubeide/favorites.mcus.txt: 2 item(s)
2026-04-26 19:14:59,864 [INFO] ApiDb:427 - User favorites MCUs=[STM32F103C6T6A, STM32F103C8T6]
2026-04-26 19:14:59,864 [INFO] DbMcus:224 - Set 2 / 2 favorites MCUs
2026-04-26 19:15:00,505 [INFO] ApiDb:668 - CubeFinder database Data Model version=2.1
2026-04-26 19:15:00,505 [INFO] ApiDb:669 - CubeFinder database Configuration version=3.0.42
2026-04-26 19:15:00,506 [INFO] ApiDb:670 - CubeFinder database generation date=2026-03-11 (1773229989)
2026-04-26 19:15:00,506 [INFO] ApiDb:671 - CubeFinder database FW Pack versions=[FP-ATR-ASTRA1_V2.0.0, FP-SNS-FLIGHT1_V5.1.0, FP-SNS-MOTENV1_V5.1.0, FP-SNS-MOTENVWB1_V1.5.0, FP-SNS-SMARTAG2_V1.2.0, FP-SNS-STBOX1_V2.1.0, STM32Cube_FW_C0_V1.4.0, STM32Cube_FW_F4_V1.28.3, STM32Cube_FW_F7_V1.17.4, STM32Cube_FW_G0_V1.6.3, STM32Cube_FW_G4_V1.6.2, STM32Cube_FW_H5_V1.6.0, STM32Cube_FW_H7RS_V1.3.0, STM32Cube_FW_H7_V1.13.0, STM32Cube_FW_L0_V1.12.2, STM32Cube_FW_L4_V1.18.2, STM32Cube_FW_L5_V1.6.0, STM32Cube_FW_N6_V1.3.0, STM32Cube_FW_U0_V1.3.0, STM32Cube_FW_U3_V1.3.0, STM32Cube_FW_U5_V1.8.0, STM32Cube_FW_WB0_V1.4.0, STM32Cube_FW_WBA_V1.9.0, STM32Cube_FW_WB_V1.24.0, STM32Cube_FW_WL3_V1.4.0, STM32Cube_FW_WL_V1.5.0, X-CUBE-ALGOBUILD_V1.4.0, X-CUBE-ALS_V1.0.2, X-CUBE-AZRTOS-F4_V1.1.0, X-CUBE-AZRTOS-F7_V1.1.0, X-CUBE-AZRTOS-G0_V1.1.0, X-CUBE-AZRTOS-G4_V2.0.0, X-CUBE-AZRTOS-H7RS_V1.1.0, X-CUBE-AZRTOS-H7_V3.4.0, X-CUBE-AZRTOS-L4_V2.0.0, X-CUBE-AZRTOS-L5_V2.0.0, X-CUBE-AZRTOS-WB_V2.0.0, X-CUBE-AZRTOS-WL_V2.0.0, X-CUBE-BLE1_V7.1.0, X-CUBE-BLE2_V3.3.0, X-CUBE-BLEMGR_V4.1.0, X-CUBE-EEPRMA1_V5.2.0, X-CUBE-FREERTOS_V1.5.0, X-CUBE-GNSS1_V6.0.0, X-CUBE-MEMS1_V12.0.0, X-CUBE-NFC4_V3.0.0, X-CUBE-NFC7_V2.0.0, X-CUBE-SFXS2LP1_V4.0.0, X-CUBE-ST67W61_V1.2.0, X-CUBE-SUBG2_V5.0.0, X-CUBE-TOF1_V3.4.3]
2026-04-26 19:15:00,560 [INFO] DbBoardsSqlite:226 - include board P-NUCLEO-WB55-NUCLEO as a kit item of type 'Nucleo-64'
2026-04-26 19:15:00,560 [INFO] DbBoardsSqlite:226 - include board P-NUCLEO-WB55-USBDONGLE as a kit item of type 'Nucleo USB Dongle'
2026-04-26 19:15:00,560 [INFO] DbBoardsSqlite:226 - include board STEVAL-IDP005V1 as a kit item of type 'Evaluation Board'
2026-04-26 19:15:00,560 [INFO] DbBoardsSqlite:226 - include board STEVAL-IDP005V2 as a kit item of type 'Evaluation Board'
2026-04-26 19:15:00,636 [INFO] ApiDb:240 - Found 880 in-development CPN: [B-G473E-ZEST1S, B-WB1M-WPAN1, B-WBA5M-WPAN, B-WL5M-SUBG1, NUCLEO-C031C6, NUCLEO-C051C8, NUCLEO-C071RB, NUCLEO-C092RC, NUCLEO-H503RB, NUCLEO-H533RE, NUCLEO-H563ZI, NUCLEO-H7S3L8, NUCLEO-N657X0-Q, NUCLEO-U031R8, NUCLEO-U083RC, NUCLEO-U385RG-Q, NUCLEO-U545RE-Q, NUCLEO-U5A5ZJ-Q, NUCLEO-WB05KZ, NUCLEO-WB07CC, NUCLEO-WB09KE, NUCLEO-WBA52CG, NUCLEO-WBA55CG, NUCLEO-WL33CC1, NUCLEO-WL33CC2, STEVAL-PROTEUS1, STEVAL-SMARTAG2, STEVAL-STWINBX1, STM320518-EVAL, STM32C0116-DK, STM32C011D6Y3TR, STM32C011D6Y6TR, STM32C011F4P3, STM32C011F4P6, STM32C011F4U3, STM32C011F4U6TR, STM32C011F6P3, STM32C011F6P6, STM32C011F6U3, STM32C011F6U6TR, STM32C011J4M3, STM32C011J4M6, STM32C011J6M3, STM32C011J6M6, STM32C0316-DK, STM32C031C4T3, STM32C031C4T6, STM32C031C4U3, STM32C031C4U6, STM32C031C6T3, STM32C031C6T6, STM32C031C6U3, STM32C031C6U6, STM32C031F4P3, STM32C031F4P6, STM32C031F6P3, STM32C031F6P6, STM32C031G4U3, STM32C031G4U6, STM32C031G6U3, STM32C031G6U6, STM32C031K4T3, STM32C031K4T6, STM32C031K4U3, STM32C031K4U6, STM32C031K6T3, STM32C031K6T6, STM32C031K6U3, STM32C031K6U6, STM32C051C6T6, STM32C051C6U6, STM32C051C8T6, STM32C051C8U6, STM32C051D8Y6TR, STM32C051F6P6, STM32C051F8P6, STM32C051G6U6, STM32C051G8U6, STM32C051K6T6, STM32C051K6U6, STM32C051K8T6, STM32C071C8T6, STM32C071C8T6N, STM32C071C8U6, STM32C071C8U6N, STM32C071CBT6, STM32C071CBT6N, STM32C071CBU6, STM32C071CBU6N, STM32C071F8P6, STM32C071F8P6N, STM32C071FBP6, STM32C071FBP6N, STM32C071FBY6TR, STM32C071G8U6, STM32C071G8U6N, STM32C071GBU6, STM32C071GBU6N, STM32C071K8T6, STM32C071K8T6N, STM32C071K8U6, STM32C071K8U6N, STM32C071KBT6, STM32C071KBT6N, STM32C071KBU6, STM32C071KBU6N, STM32C071R8T6, STM32C071R8T6N, STM32C071RBI6N, STM32C071RBT6, STM32C071RBT6N, STM32C091CBT6, STM32C091CBU6, STM32C091CCT6, STM32C091CCU6, STM32C091ECY6TR, STM32C091FBP6, STM32C091FCP6, STM32C091GBU6, STM32C091GCU6, STM32C091KBT6, STM32C091KBU6, STM32C091KCT6, STM32C091KCU6, STM32C091RBT6, STM32C091RCI6, STM32C091RCT6, STM32C092CBT6, STM32C092CBU6, STM32C092CCT6, STM32C092CCU6, STM32C092ECY6TR, STM32C092FBP6, STM32C092FCP6, STM32C092GBU6, STM32C092GCU6, STM32C092KBT6, STM32C092KBU6, STM32C092KCT6, STM32C092KCU6, STM32C092RBT6, STM32C092RCI6, STM32C092RCT6, STM32G071K8TXN, STM32G071K8UXN, STM32G081GBU6N, STM32G081KBT6N, STM32G081KBUXN, STM32G0B1CCT6N, STM32G0B1KCT6, STM32G0B1NEY6TR, STM32G0B1RCT6N, STM32G0C1CCT6, STM32G0C1CCT6N, STM32G0C1CCU6N, STM32G0C1CET6N, STM32G0C1CEU6N, STM32G0C1KCT6, STM32G0C1NEY6TR, STM32G0C1RCI6N, STM32G0C1RCT6N, STM32G0C1REI6N, STM32G0C1RET6N, STM32G0C1VCI6, STM32G0C1VEI6, STM32G411C6T3, STM32G411C6T6, STM32G411C6U3, STM32G411C6U6, STM32G411C8T3, STM32G411C8T6, STM32G411C8U3, STM32G411C8U6, STM32G411CBT3, STM32G411CBT6, STM32G411CBU3, STM32G411CBU6, STM32G411K6T3, STM32G411K6T6, STM32G411K6U3, STM32G411K6U6, STM32G411K8T3, STM32G411K8T6, STM32G411K8U3, STM32G411K8U6, STM32G411KBT3, STM32G411KBT6, STM32G411KBU3, STM32G411KBU6, STM32G411M6T3, STM32G411M6T6, STM32G411M8T3, STM32G411M8T6, STM32G411MBT3, STM32G411MBT6, STM32G411R6T3, STM32G411R6T6, STM32G411R8T3, STM32G411R8T6, STM32G411RBT3, STM32G411RBT6, STM32G414CBT3, STM32G414CBT6, STM32G414CBU3, STM32G414CBU6, STM32G414CCT3, STM32G414CCT6, STM32G414CCU3, STM32G414CCU6, STM32G414MBT3, STM32G414MBT6, STM32G414MCT3, STM32G414MCT6, STM32G414RBT3, STM32G414RBT6, STM32G414RCT3, STM32G414RCT6, STM32G414VBT3, STM32G414VBT6, STM32G414VCT3, STM32G414VCT6, STM32G431CBT3Z, STM32G431RBT3Z, STM32G471CCT6, STM32G471CCU6, STM32G471CET3, STM32G471CET6, STM32G471CEU3, STM32G471CEU6, STM32G471MCT6, STM32G471MET3, STM32G471MET6, STM32G471MEY6TR, STM32G471QCT6, STM32G471QET3, STM32G471RCT6, STM32G471RET3, STM32G471RET6, STM32G471VCH6, STM32G471VCI6, STM32G471VCT6, STM32G471VEH3, STM32G471VEH6, STM32G471VEI3, STM32G471VEI6, STM32G471VET3, STM32G471VET6, STM32G473QET3Z, STM32G473RET3Z, STM32G474CCT6, STM32G491RET3Z, STM32H503CBT6, STM32H503CBU6, STM32H503EBY6TR, STM32H503KBU6, STM32H503RBT6, STM32H523CCT6, STM32H523CCU6, STM32H523CET6, STM32H523CEU6, STM32H523HEY6TR, STM32H523RCT6, STM32H523RET6, STM32H523VCI6, STM32H523VCT6, STM32H523VEI6, STM32H523VET6, STM32H523ZCJ6, STM32H523ZCT6, STM32H523ZEJ6, STM32H523ZET6, STM32H533CET6, STM32H533CEU6, STM32H533HEY6TR, STM32H533RET6, STM32H533VEI6, STM32H533VET6, STM32H533ZEJ6, STM32H533ZET6, STM32H562AGI6, STM32H562AII6, STM32H562IGK6, STM32H562IGT6, STM32H562IIK6, STM32H562IIT6, STM32H562RGT6, STM32H562RGV6, STM32H562RIT6, STM32H562RIV6, STM32H562VGT6, STM32H562VIT6, STM32H562ZGT6, STM32H562ZIT6, STM32H563AGI6, STM32H563AII3Q, STM32H563AII6, STM32H563IGK6, STM32H563IGT6, STM32H563IIK3Q, STM32H563IIK6, STM32H563IIT3Q, STM32H563IIT6, STM32H563MIY3QTR, STM32H563RGT6, STM32H563RGV6, STM32H563RIT6, STM32H563RIV6, STM32H563VGT6, STM32H563VIT3Q, STM32H563VIT6, STM32H563ZGT6, STM32H563ZIT3Q, STM32H563ZIT6, STM32H573AII3Q, STM32H573AII6, STM32H573I-DK, STM32H573IIK3Q, STM32H573IIK6, STM32H573IIT3Q, STM32H573IIT6, STM32H573MIY3QTR, STM32H573RIT6, STM32H573RIV6, STM32H573VIT3Q, STM32H573VIT6, STM32H573ZIT3Q, STM32H573ZIT6, STM32H7R3A8I6, STM32H7R3I8K6, STM32H7R3I8T6, STM32H7R3L8H6, STM32H7R3L8H6H, STM32H7R3R8V6, STM32H7R3V8H6, STM32H7R3V8T6, STM32H7R3V8Y6TR, STM32H7R3Z8J6, STM32H7R3Z8T6, STM32H7R7A8I6, STM32H7R7I8K6, STM32H7R7I8T6, STM32H7R7L8H6, STM32H7R7L8H6H, STM32H7R7Z8J6, STM32H7S3A8I6, STM32H7S3I8K6, STM32H7S3I8T6, STM32H7S3L8H6, STM32H7S3L8H6H, STM32H7S3R8V6, STM32H7S3V8H6, STM32H7S3V8T6, STM32H7S3V8Y6TR, STM32H7S3Z8J6, STM32H7S3Z8T6, STM32H7S78-DK, STM32H7S7A8I6, STM32H7S7I8K6, STM32H7S7I8T6, STM32H7S7L8H6, STM32H7S7L8H6H, STM32H7S7Z8J6, STM32L4R5QGI6STR, STM32MP131AAE3, STM32MP131AAF3, STM32MP131AAG3, STM32MP131CAE3, STM32MP131CAF3, STM32MP131CAG3, STM32MP131DAE7, STM32MP131DAF7, STM32MP131DAG7, STM32MP131FAE7, STM32MP131FAF7, STM32MP131FAG7, STM32MP133AAE3, STM32MP133AAF3, STM32MP133AAG3, STM32MP133CAE3, STM32MP133CAF3, STM32MP133CAG3, STM32MP133DAE7, STM32MP133DAF7, STM32MP133DAG7, STM32MP133FAE7, STM32MP133FAF7, STM32MP133FAG7, STM32MP135AAE3, STM32MP135AAF3, STM32MP135AAG3, STM32MP135CAE3, STM32MP135CAF3, STM32MP135CAG3, STM32MP135DAE7, STM32MP135DAF7, STM32MP135DAG7, STM32MP135F-DK, STM32MP135FAE7, STM32MP135FAF7, STM32MP135FAF7T, STM32MP135FAF7U, STM32MP135FAG7, STM32MP211AAL3, STM32MP211AAM3, STM32MP211AAN3, STM32MP211AAO3, STM32MP211CAL3, STM32MP211CAM3, STM32MP211CAN3, STM32MP211CAO3, STM32MP211DAL3, STM32MP211DAM3, STM32MP211DAN3, STM32MP211DAO3, STM32MP211FAL3, STM32MP211FAM3, STM32MP211FAN3, STM32MP211FAO3, STM32MP213AAL3, STM32MP213AAM3, STM32MP213AAN3, STM32MP213AAO3, STM32MP213CAL3, STM32MP213CAM3, STM32MP213CAN3, STM32MP213CAO3, STM32MP213DAL3, STM32MP213DAM3, STM32MP213DAN3, STM32MP213DAO3, STM32MP213FAL3, STM32MP213FAM3, STM32MP213FAN3, STM32MP213FAO3, STM32MP215AAL3, STM32MP215AAM3, STM32MP215AAN3, STM32MP215AAO3, STM32MP215CAL3, STM32MP215CAM3, STM32MP215CAN3, STM32MP215CAO3, STM32MP215DAL3, STM32MP215DAM3, STM32MP215DAN3, STM32MP215DAO3, STM32MP215F-DK, STM32MP215FAL3, STM32MP215FAM3, STM32MP215FAN3, STM32MP215FAO3, STM32MP231AAJ3, STM32MP231AAK3, STM32MP231AAL3, STM32MP231CAJ3, STM32MP231CAK3, STM32MP231CAL3, STM32MP231DAJ3, STM32MP231DAK3, STM32MP231DAL3, STM32MP231FAJ3, STM32MP231FAK3, STM32MP231FAL3, STM32MP233AAJ3, STM32MP233AAK3, STM32MP233AAL3, STM32MP233CAJ3, STM32MP233CAK3, STM32MP233CAL3, STM32MP233DAJ3, STM32MP233DAK3, STM32MP233DAL3, STM32MP233FAJ3, STM32MP233FAK3, STM32MP233FAL3, STM32MP235AAJ3, STM32MP235AAK3, STM32MP235AAL3, STM32MP235CAJ3, STM32MP235CAK3, STM32MP235CAL3, STM32MP235DAJ3, STM32MP235DAK3, STM32MP235DAL3, STM32MP235FAJ3, STM32MP235FAK3, STM32MP235FAL3, STM32MP251AAI3, STM32MP251AAK3, STM32MP251AAL3, STM32MP251CAI3, STM32MP251CAK3, STM32MP251CAL3, STM32MP251DAI3, STM32MP251DAK3, STM32MP251DAL3, STM32MP251FAI3, STM32MP251FAK3, STM32MP251FAL3, STM32MP253AAI3, STM32MP253AAK3, STM32MP253AAL3, STM32MP253CAI3, STM32MP253CAK3, STM32MP253CAL3, STM32MP253DAI3, STM32MP253DAK3, STM32MP253DAL3, STM32MP253FAI3, STM32MP253FAK3, STM32MP253FAL3, STM32MP255AAI3, STM32MP255AAK3, STM32MP255AAL3, STM32MP255CAI3, STM32MP255CAK3, STM32MP255CAL3, STM32MP255DAI3, STM32MP255DAK3, STM32MP255DAL3, STM32MP255FAI3, STM32MP255FAK3, STM32MP255FAL3, STM32MP257AAI3, STM32MP257AAK3, STM32MP257AAL3, STM32MP257CAI3, STM32MP257CAK3, STM32MP257CAL3, STM32MP257DAI3, STM32MP257DAK3, STM32MP257DAL3, STM32MP257F-DK, STM32MP257F-EV1, STM32MP257FAI3, STM32MP257FAK3, STM32MP257FAL3, STM32N645A0H3Q, STM32N645B0H3Q, STM32N645I0H3Q, STM32N645L0H3Q, STM32N645X0H3Q, STM32N645Z0H3Q, STM32N647A0H3Q, STM32N647B0H3Q, STM32N647I0H3Q, STM32N647L0H3Q, STM32N647X0H3Q, STM32N647Z0H3Q, STM32N655A0H3Q, STM32N655B0H3Q, STM32N655I0H3Q, STM32N655L0H3Q, STM32N655X0H3Q, STM32N655Z0H3Q, STM32N6570-DK, STM32N657A0H3Q, STM32N657B0H3Q, STM32N657I0H3Q, STM32N657L0H3Q, STM32N657X0H3Q, STM32N657Z0H3Q, STM32U031C6T6, STM32U031C6U6, STM32U031C8T6, STM32U031C8U6, STM32U031F4P6, STM32U031F6P6, STM32U031F8P6, STM32U031G6Y6TR, STM32U031G8Y6TR, STM32U031K4U6, STM32U031K6U6, STM32U031K8U6, STM32U031R6I6, STM32U031R6T6, STM32U031R8I6, STM32U031R8T6, STM32U073C8T6, STM32U073C8U6, STM32U073CBT6, STM32U073CBU6, STM32U073CCT6, STM32U073CCU6, STM32U073H8Y6TR, STM32U073HBY6TR, STM32U073HCY6TR, STM32U073K8U6, STM32U073KBU6, STM32U073KCU6, STM32U073M8I6, STM32U073M8T6, STM32U073MBI6, STM32U073MBT6, STM32U073MCI6, STM32U073MCT6, STM32U073R8I6, STM32U073R8T6, STM32U073RBI6, STM32U073RBT6, STM32U073RCI6, STM32U073RCT6, STM32U083C-DK, STM32U083CCT6, STM32U083CCU6, STM32U083HCY6TR, STM32U083KCU6, STM32U083MCI6, STM32U083MCT6, STM32U083RCI6, STM32U083RCT6, STM32U375CET6, STM32U375CET6Q, STM32U375CEU6, STM32U375CEU6Q, STM32U375CEY6QTR, STM32U375CGT6, STM32U375CGT6Q, STM32U375CGU6, STM32U375CGU6Q, STM32U375CGY6QTR, STM32U375KEU6, STM32U375KGU6, STM32U375REI6, STM32U375REI6Q, STM32U375RET6, STM32U375RET6Q, STM32U375REY6GTR, STM32U375REY6QTR, STM32U375RGI6, STM32U375RGI6Q, STM32U375RGT6, STM32U375RGT6Q, STM32U375RGY6GTR, STM32U375RGY6QTR, STM32U375VEI6, STM32U375VEI6Q, STM32U375VET6, STM32U375VET6Q, STM32U375VGI6, STM32U375VGI6Q, STM32U375VGT6, STM32U375VGT6Q, STM32U385CGT6, STM32U385CGT6Q, STM32U385CGU6, STM32U385CGU6Q, STM32U385CGY6QTR, STM32U385KGU6, STM32U385RGI6, STM32U385RGI6Q, STM32U385RGT6, STM32U385RGT6Q, STM32U385RGY6GTR, STM32U385RGY6QTR, STM32U385VGI6, STM32U385VGI6Q, STM32U385VGT6, STM32U385VGT6Q, STM32U535CBT6, STM32U535CBT6Q, STM32U535CBU6, STM32U535CBU6Q, STM32U535CCT6, STM32U535CCT6Q, STM32U535CCU6, STM32U535CCU6Q, STM32U535CET6, STM32U535CET6Q, STM32U535CEU6, STM32U535CEU6Q, STM32U535JEY6QTR, STM32U535NCY6QTR, STM32U535NEY6QTR, STM32U535RBI6, STM32U535RBI6Q, STM32U535RBT6, STM32U535RBT6Q, STM32U535RCI6, STM32U535RCI6Q, STM32U535RCT6, STM32U535RCT6Q, STM32U535REI6, STM32U535REI6Q, STM32U535RET6, STM32U535RET6Q, STM32U535VCI6, STM32U535VCI6Q, STM32U535VCT6, STM32U535VCT6Q, STM32U535VEI6, STM32U535VEI6Q, STM32U535VET6, STM32U535VET6Q, STM32U545CET6, STM32U545CET6Q, STM32U545CEU6, STM32U545CEU6Q, STM32U545JEY6QTR, STM32U545NEY6QTR, STM32U545REI6, STM32U545REI6Q, STM32U545RET6, STM32U545RET6Q, STM32U545VEI6, STM32U545VEI6Q, STM32U545VET6, STM32U545VET6Q, STM32U595AIH6, STM32U595AIH6Q, STM32U595AJH6, STM32U595AJH6Q, STM32U595QII6, STM32U595QII6Q, STM32U595QJI6, STM32U595QJI6Q, STM32U595RIT6, STM32U595RIT6Q, STM32U595RJT6, STM32U595RJT6Q, STM32U595VIT6, STM32U595VIT6Q, STM32U595VJT6, STM32U595VJT6Q, STM32U595ZIT6, STM32U595ZIT6Q, STM32U595ZIY6QTR, STM32U595ZJT6, STM32U595ZJT6Q, STM32U595ZJY6QTR, STM32U599BJY6QTR, STM32U599NIH6Q, STM32U599NJH6Q, STM32U599VIT6Q, STM32U599VJT6, STM32U599VJT6Q, STM32U599ZIT6Q, STM32U599ZIY6QTR, STM32U599ZJT6Q, STM32U599ZJY6QTR, STM32U5A5AJH6, STM32U5A5AJH6Q, STM32U5A5QII3Q , STM32U5A5QJI6, STM32U5A5QJI6Q, STM32U5A5RJT6, STM32U5A5RJT6Q, STM32U5A5VJT6, STM32U5A5VJT6Q, STM32U5A5ZJT6, STM32U5A5ZJT6Q, STM32U5A5ZJY6QTR, STM32U5A9BJY6QTR, STM32U5A9J-DK, STM32U5A9NJH6Q, STM32U5A9VJT6Q, STM32U5A9ZJT6Q, STM32U5A9ZJY6QTR, STM32U5F7VIT6, STM32U5F7VIT6Q, STM32U5F7VJT6, STM32U5F7VJT6Q, STM32U5F9BJY6QTR, STM32U5F9NJH6Q, STM32U5F9VIT6Q, STM32U5F9VJT6Q, STM32U5F9ZIJ6QTR, STM32U5F9ZIT6Q, STM32U5F9ZJJ6QTR, STM32U5F9ZJT6Q, STM32U5G7VJT6, STM32U5G7VJT6Q, STM32U5G9BJY6QTR, STM32U5G9J-DK1, STM32U5G9J-DK2, STM32U5G9NJH6Q, STM32U5G9VJT6Q, STM32U5G9ZJJ6QTR, STM32U5G9ZJT6Q, STM32WB05KZV6TR, STM32WB05KZV7TR, STM32WB05TZF6TR, STM32WB05TZF7TR, STM32WB06CCF6TR, STM32WB06CCF7TR, STM32WB06CCV6TR, STM32WB06CCV7TR, STM32WB06KCV6TR, STM32WB06KCV7TR, STM32WB07CCF6TR, STM32WB07CCF7TR, STM32WB07CCV6TR, STM32WB07CCV7TR, STM32WB07KCV6TR, STM32WB07KCV7TR, STM32WB09KEV6TR, STM32WB09KEV7TR, STM32WB09TEF6TR, STM32WB09TEF7TR, STM32WB1MMCH6, STM32WBA50KGU6, STM32WBA50KGU6TR, STM32WBA52CEU6, STM32WBA52CEU6TR, STM32WBA52CEU7, STM32WBA52CEU7TR, STM32WBA52CGU6, STM32WBA52CGU6TR, STM32WBA52CGU6U, STM32WBA52CGU7, STM32WBA52CGU7TR, STM32WBA52KEU6, STM32WBA52KEU6TR, STM32WBA52KGU6, STM32WBA52KGU6TR, STM32WBA54CEU6, STM32WBA54CEU6TR, STM32WBA54CEU7, STM32WBA54CEU7TR, STM32WBA54CGU6, STM32WBA54CGU6TR, STM32WBA54CGU7, STM32WBA54CGU7TR, STM32WBA54KEU6, STM32WBA54KEU6TR, STM32WBA54KEU7, STM32WBA54KEU7TR, STM32WBA54KGU6, STM32WBA54KGU6TR, STM32WBA54KGU7, STM32WBA54KGU7TR, STM32WBA55CEU6, STM32WBA55CEU6TR, STM32WBA55CEU7, STM32WBA55CEU7TR, STM32WBA55CGU6, STM32WBA55CGU6TR, STM32WBA55CGU6U, STM32WBA55CGU7, STM32WBA55CGU7TR, STM32WBA55G-DK1, STM32WBA55HEF6, STM32WBA55HEF7, STM32WBA55HGF6, STM32WBA55HGF7, STM32WBA55UEI6, STM32WBA55UEI6TR, STM32WBA55UEI7, STM32WBA55UEI7TR, STM32WBA55UGI6, STM32WBA55UGI6TR, STM32WBA55UGI7, STM32WBA55UGI7TR, STM32WBA5MMGH6TR, STM32WBA62MGF6, STM32WBA62MIF6, STM32WBA65MGF7, STM32WBA65MIF6, STM32WBA65MIF7, STM32WL30K8V6, STM32WL30KBV6, STM32WL31C8V6, STM32WL31CBV6, STM32WL31K8V6, STM32WL31KBV6, STM32WL33C8V6, STM32WL33C8V6X, STM32WL33CBV6, STM32WL33CBV6X, STM32WL33CCV6, STM32WL33CCV6A, STM32WL33CCV6X, STM32WL33K8V7, STM32WL33K8V7X, STM32WL33KBV7 , STM32WL33KBV7X, STM32WL33KCV7, STM32WL33KCV7X, STM32WL5MOCH6, STM32WL5MOCH6TR]
2026-04-26 19:15:00,861 [INFO] BoardInfo:889 - No configuration file found for board NUCLEO-H5E5ZJ
2026-04-26 19:15:00,862 [INFO] DbBoards:161 - Board is not supported: NUCLEO-H5E5ZJ
2026-04-26 19:15:00,958 [INFO] BoardInfo:889 - No configuration file found for board NUCLEO-U3C5ZI-Q
2026-04-26 19:15:00,960 [INFO] DbBoards:161 - Board is not supported: NUCLEO-U3C5ZI-Q
2026-04-26 19:15:00,985 [INFO] BoardInfo:889 - No configuration file found for board NUCLEO-WBA25CE1
2026-04-26 19:15:00,986 [INFO] DbBoards:161 - Board is not supported: NUCLEO-WBA25CE1
2026-04-26 19:15:01,003 [INFO] BoardInfo:889 - No configuration file found for board NUCLEO-WL3RKB1
2026-04-26 19:15:01,004 [INFO] DbBoards:161 - Board is not supported: NUCLEO-WL3RKB1
2026-04-26 19:15:01,006 [INFO] BoardInfo:889 - No configuration file found for board NUCLEO-WL3RKB2
2026-04-26 19:15:01,007 [INFO] DbBoards:161 - Board is not supported: NUCLEO-WL3RKB2
2026-04-26 19:15:01,021 [INFO] BoardInfo:889 - No configuration file found for board P-NUCLEO-WB55
2026-04-26 19:15:01,023 [INFO] DbBoards:161 - Kit is not supported: P-NUCLEO-WB55
2026-04-26 19:15:01,033 [INFO] BoardInfo:889 - No configuration file found for board STEVAL-BFA001V1B
2026-04-26 19:15:01,035 [INFO] DbBoards:161 - Kit is not supported: STEVAL-BFA001V1B
2026-04-26 19:15:01,037 [INFO] BoardInfo:889 - No configuration file found for board STEVAL-BFA001V2B
2026-04-26 19:15:01,039 [INFO] DbBoards:161 - Kit is not supported: STEVAL-BFA001V2B
2026-04-26 19:15:01,219 [INFO] BoardInfo:889 - No configuration file found for board STM32H5F5J-DK
2026-04-26 19:15:01,221 [INFO] DbBoards:161 - Board is not supported: STM32H5F5J-DK
2026-04-26 19:15:01,358 [INFO] DbBoards:168 - Found 218 boards, 209 are supported
2026-04-26 19:15:01,359 [INFO] DbBoards:169 - Found 218 boards, 43 of them is supported for  Bsp
2026-04-26 19:15:01,362 [INFO] ApiDb:423 - Load user favorites file C:\Users\User/.stm32cubeide/favorites.boards.txt: 0 item(s)
2026-04-26 19:15:01,362 [INFO] ApiDb:427 - User favorites Boards=[]
2026-04-26 19:15:01,362 [INFO] DbBoards:198 - Set 0 / 0 favorites Boards
2026-04-26 19:15:01,364 [INFO] ApiDb:668 - CubeFinder database Data Model version=2.1
2026-04-26 19:15:01,364 [INFO] ApiDb:669 - CubeFinder database Configuration version=3.0.42
2026-04-26 19:15:01,364 [INFO] ApiDb:670 - CubeFinder database generation date=2026-03-11 (1773229989)
2026-04-26 19:15:01,364 [INFO] ApiDb:671 - CubeFinder database FW Pack versions=[FP-ATR-ASTRA1_V2.0.0, FP-SNS-FLIGHT1_V5.1.0, FP-SNS-MOTENV1_V5.1.0, FP-SNS-MOTENVWB1_V1.5.0, FP-SNS-SMARTAG2_V1.2.0, FP-SNS-STBOX1_V2.1.0, STM32Cube_FW_C0_V1.4.0, STM32Cube_FW_F4_V1.28.3, STM32Cube_FW_F7_V1.17.4, STM32Cube_FW_G0_V1.6.3, STM32Cube_FW_G4_V1.6.2, STM32Cube_FW_H5_V1.6.0, STM32Cube_FW_H7RS_V1.3.0, STM32Cube_FW_H7_V1.13.0, STM32Cube_FW_L0_V1.12.2, STM32Cube_FW_L4_V1.18.2, STM32Cube_FW_L5_V1.6.0, STM32Cube_FW_N6_V1.3.0, STM32Cube_FW_U0_V1.3.0, STM32Cube_FW_U3_V1.3.0, STM32Cube_FW_U5_V1.8.0, STM32Cube_FW_WB0_V1.4.0, STM32Cube_FW_WBA_V1.9.0, STM32Cube_FW_WB_V1.24.0, STM32Cube_FW_WL3_V1.4.0, STM32Cube_FW_WL_V1.5.0, X-CUBE-ALGOBUILD_V1.4.0, X-CUBE-ALS_V1.0.2, X-CUBE-AZRTOS-F4_V1.1.0, X-CUBE-AZRTOS-F7_V1.1.0, X-CUBE-AZRTOS-G0_V1.1.0, X-CUBE-AZRTOS-G4_V2.0.0, X-CUBE-AZRTOS-H7RS_V1.1.0, X-CUBE-AZRTOS-H7_V3.4.0, X-CUBE-AZRTOS-L4_V2.0.0, X-CUBE-AZRTOS-L5_V2.0.0, X-CUBE-AZRTOS-WB_V2.0.0, X-CUBE-AZRTOS-WL_V2.0.0, X-CUBE-BLE1_V7.1.0, X-CUBE-BLE2_V3.3.0, X-CUBE-BLEMGR_V4.1.0, X-CUBE-EEPRMA1_V5.2.0, X-CUBE-FREERTOS_V1.5.0, X-CUBE-GNSS1_V6.0.0, X-CUBE-MEMS1_V12.0.0, X-CUBE-NFC4_V3.0.0, X-CUBE-NFC7_V2.0.0, X-CUBE-SFXS2LP1_V4.0.0, X-CUBE-ST67W61_V1.2.0, X-CUBE-SUBG2_V5.0.0, X-CUBE-TOF1_V3.4.3]
2026-04-26 19:15:02,077 [ERROR] DbExamplesSqlite:437 - Missing JSON key: board_cpn
2026-04-26 19:15:02,077 [ERROR] DbExamplesSqlite:437 - Missing JSON key: board_cpn
2026-04-26 19:15:02,078 [ERROR] DbExamplesSqlite:437 - Missing JSON key: board_cpn
2026-04-26 19:15:02,078 [ERROR] DbExamplesSqlite:437 - Missing JSON key: board_cpn
2026-04-26 19:15:02,392 [ERROR] DbExamplesSqlite:437 - Missing JSON key: board_cpn
2026-04-26 19:15:02,392 [ERROR] DbExamplesSqlite:437 - Missing JSON key: board_cpn
2026-04-26 19:15:02,445 [INFO] DbExamplesSqlite:395 - Ignored 39 examples not supported by CubeIDE
2026-04-26 19:15:02,445 [INFO] DbExamplesSqlite:396 - Found 11210 examples active
2026-04-26 19:15:02,446 [INFO] DbExamplesSqlite:397 - Found 0 examples obsolete
2026-04-26 19:15:02,446 [INFO] DbExamplesSqlite:398 - Found 0 examples under development
2026-04-26 19:15:02,446 [INFO] DbExamplesSqlite:399 - Found 76 examples not building
2026-04-26 19:15:02,448 [INFO] DbExamples:125 - Found 11247 examples
2026-04-26 19:15:02,547 [ERROR] DbExamples:208 - Found 377 examples with invalid data (board or MCU)
2026-04-26 19:15:02,548 [INFO] DbExamples:222 - Found 140 boards with related examples
2026-04-26 19:15:02,549 [INFO] DbExamples:235 - Found 114 MCUs with related examples
2026-04-26 19:15:02,575 [INFO] ApiDb:423 - Load user favorites file C:\Users\User/.stm32cubeide/favorites.examples.txt: 0 item(s)
2026-04-26 19:15:02,576 [INFO] ApiDb:427 - User favorites Examples=[]
2026-04-26 19:15:02,576 [INFO] DbExamples:250 - Set 0 / 0 favorites Examples
2026-04-26 19:15:02,868 [INFO] McuFinderGlobals:76 - Set McuFinderConnectedMode to true
2026-04-26 19:15:02,884 [INFO] MultiScanPanel:200 - Auto-refresh data requested => check proxy status ongoing
2026-04-26 19:15:02,892 [INFO] FinderPluginLoader:96 - Searching for filters in installed packs
2026-04-26 19:15:04,799 [INFO] LoadUrlFilesThread:185 - End of LoadServerUrlFiles without Thread
2026-04-26 19:15:04,813 [INFO] DetailPanel:341 - Set advertising image to C:/Users/User/STM32Cube/Repository/\en.prom-stm32u3b5-u3c5-0426.jpg
2026-04-26 19:35:59,458 [INFO] MainUpdater:2872 - connection check result : 10
2026-04-26 19:35:59,458 [INFO] MainUpdater:2872 - connection check result : 10
2026-04-26 19:35:59,474 [INFO] MicroXplorer:468 - Change Database Path : 
2026-04-26 19:35:59,474 [INFO] MicroXplorer:498 - Change Database Version : DB.6.0.150
2026-04-26 19:35:59,481 [WARN] ThirdParty:871 - waiting for thirdparty lock release [close project]
2026-04-26 19:35:59,481 [INFO] ThirdParty:873 - entering critical section [close project]
2026-04-26 19:35:59,482 [INFO] ThirdParty:883 - exiting critical section [close project]
2026-04-26 19:35:59,483 [INFO] PinOutPanel:1589 - setPackage(No Configuration,No Configuration)
2026-04-26 19:35:59,485 [INFO] UtilMem:75 - Begin LoadConfig() Used Memory: 1008169776 Bytes (1073741824)
2026-04-26 19:35:59,487 [INFO] MicroXplorer:468 - Change Database Path : 
2026-04-26 19:35:59,487 [INFO] MicroXplorer:498 - Change Database Version : DB.6.0.150
2026-04-26 19:35:59,487 [INFO] OpenFileManager:355 - Change cursor
2026-04-26 19:35:59,801 [INFO] Mcu:2029 - Initializing MCU STM32F103C6Tx STM32F103C6Tx STM32F103C6T6A
2026-04-26 19:36:00,872 [INFO] Context:786 - Trying to add GPIOservice into a context  which must be forbidden
2026-04-26 19:36:01,160 [INFO] ImportTextPane:234 - (OptionalMessage_ERROR) Unable to find key (Mcu.ThirdPartyNb) in loaded IOC file
2026-04-26 19:36:01,160 [INFO] ImportTextPane:234 - (OptionalMessage_ERROR) Unable to find key (Mcu.PinsNb) in loaded IOC file
2026-04-26 19:36:01,161 [INFO] ImportTextPane:234 - (OptionalMessage_ERROR) Pin0 (VP_RIF_VS_RIF1) cannot be retrieved for this MCU
2026-04-26 19:36:01,162 [INFO] ImportTextPane:234 - (OptionalMessage_ERROR) Unable to find key (Mcu.IPNb) in loaded IOC file
2026-04-26 19:36:01,422 [INFO] RtosManager:558 - Registered RTOS mode: class=CMSIS, group=RTOS, mode=CMSIS_V1, owner=FREERTOS
2026-04-26 19:36:01,422 [INFO] RtosManager:558 - Registered RTOS mode: class=CMSIS, group=RTOS2, mode=CMSIS_V2, owner=FREERTOS
2026-04-26 19:36:01,422 [INFO] RtosManager:558 - Registered RTOS mode: class=RTOS, group=Core, mode=CMSIS_V1, owner=FREERTOS
2026-04-26 19:36:01,422 [INFO] RtosManager:558 - Registered RTOS mode: class=RTOS, group=Core, mode=CMSIS_V2, owner=FREERTOS
2026-04-26 19:36:01,422 [WARN] ModelIntegratedComponent:184 - Missing modes for component STMicroelectronics:FreeRTOS:0.0.1:STMicroelectronics:RTOS:FreeRTOS:Core:::10.2.0:
2026-04-26 19:36:01,442 [WARN] ModelIntegratedComponent:63 - No mode defined for component null
2026-04-26 19:36:01,442 [WARN] ModelIntegratedComponent:63 - No mode defined for component null
2026-04-26 19:36:01,443 [WARN] ModelIntegratedComponent:63 - No mode defined for component null
2026-04-26 19:36:01,443 [WARN] ModelIntegratedComponent:63 - No mode defined for component null
2026-04-26 19:36:01,443 [WARN] ModelIntegratedComponent:63 - No mode defined for component null
2026-04-26 19:36:01,443 [WARN] ModelIntegratedComponent:63 - No mode defined for component null
2026-04-26 19:36:01,443 [WARN] ModelIntegratedComponent:63 - No mode defined for component null
2026-04-26 19:36:01,443 [WARN] ModelIntegratedComponent:63 - No mode defined for component null
2026-04-26 19:36:01,443 [WARN] ModelIntegratedComponent:63 - No mode defined for component null
2026-04-26 19:36:01,443 [WARN] ModelIntegratedComponent:63 - No mode defined for component null
2026-04-26 19:36:01,443 [WARN] ModelIntegratedComponent:63 - No mode defined for component null
2026-04-26 19:36:01,444 [WARN] ModelIntegratedComponent:63 - No mode defined for component null
2026-04-26 19:36:01,444 [WARN] ModelIntegratedComponent:63 - No mode defined for component null
2026-04-26 19:36:01,444 [WARN] ModelIntegratedComponent:63 - No mode defined for component null
2026-04-26 19:36:01,444 [WARN] ModelIntegratedComponent:63 - No mode defined for component null
2026-04-26 19:36:01,444 [WARN] ModelIntegratedComponent:63 - No mode defined for component null
2026-04-26 19:36:01,444 [WARN] ModelIntegratedComponent:63 - No mode defined for component null
2026-04-26 19:36:01,444 [WARN] ModelIntegratedComponent:63 - No mode defined for component null
2026-04-26 19:36:01,444 [WARN] ModelIntegratedComponent:63 - No mode defined for component null
2026-04-26 19:36:01,444 [WARN] ModelIntegratedComponent:63 - No mode defined for component null
2026-04-26 19:36:01,444 [WARN] ModelIntegratedComponent:63 - No mode defined for component null
2026-04-26 19:36:01,444 [WARN] ModelIntegratedComponent:63 - No mode defined for component null
2026-04-26 19:36:01,444 [WARN] ModelIntegratedComponent:63 - No mode defined for component null
2026-04-26 19:36:01,445 [WARN] ModelIntegratedComponent:63 - No mode defined for component null
2026-04-26 19:36:01,445 [WARN] ModelIntegratedComponent:63 - No mode defined for component null
2026-04-26 19:36:01,445 [WARN] ModelIntegratedComponent:63 - No mode defined for component null
2026-04-26 19:36:01,445 [WARN] ModelIntegratedComponent:63 - No mode defined for component null
2026-04-26 19:36:01,445 [WARN] ModelIntegratedComponent:63 - No mode defined for component null
2026-04-26 19:36:01,445 [WARN] ModelIntegratedComponent:63 - No mode defined for component null
2026-04-26 19:36:01,445 [WARN] ModelIntegratedComponent:63 - No mode defined for component null
2026-04-26 19:36:01,445 [WARN] ModelIntegratedComponent:63 - No mode defined for component null
2026-04-26 19:36:01,445 [WARN] ModelIntegratedComponent:63 - No mode defined for component null
2026-04-26 19:36:01,445 [WARN] ModelIntegratedComponent:63 - No mode defined for component null
2026-04-26 19:36:01,445 [WARN] ModelIntegratedComponent:63 - No mode defined for component null
2026-04-26 19:36:01,445 [WARN] ModelIntegratedComponent:63 - No mode defined for component null
2026-04-26 19:36:01,446 [WARN] ModelPack:524 - Component already loaded: STMicroelectronics:HAL Drivers:0.0.0:STMicroelectronics:Device:STMicro_Driver:XSPI:HAL::0.0.1:HAL_XSPI
2026-04-26 19:36:01,482 [INFO] ThirdPartyModel:298 - Start build external matchings
2026-04-26 19:36:02,283 [INFO] ThirdPartyModel:316 - End build external matchings
2026-04-26 19:36:02,493 [INFO] UtilMem:75 - End LoadConfig() Used Memory: 908130872 Bytes (1073741824)
2026-04-26 19:36:02,543 [WARN] ThirdParty:833 - waiting for thirdparty lock release [change project]
2026-04-26 19:36:02,543 [INFO] ThirdParty:835 - entering critical section [change project]
2026-04-26 19:36:02,543 [INFO] ThirdParty:1030 - CMSIS Pack Vendor :STMicroelectronics X-CUBE-AZRTOS-H7 3.5.0
2026-04-26 19:36:02,543 [INFO] ThirdParty:1030 - CMSIS Pack Vendor :STMicroelectronics X-CUBE-PM33A1 1.0.0
2026-04-26 19:36:02,544 [INFO] ThirdParty:1030 - CMSIS Pack Vendor :STMicroelectronics USBPD 4.1
2026-04-26 19:36:02,544 [INFO] ThirdParty:1030 - CMSIS Pack Vendor :STMicroelectronics X-CUBE-NFC9 1.0.0
2026-04-26 19:36:02,544 [INFO] ThirdParty:1030 - CMSIS Pack Vendor :STMicroelectronics USB_HOST 2.0.0
2026-04-26 19:36:02,544 [INFO] ThirdParty:1030 - CMSIS Pack Vendor :STMicroelectronics FP-SNS-MOTENVWB1 1.4.0
2026-04-26 19:36:02,545 [INFO] ThirdParty:1030 - CMSIS Pack Vendor :STMicroelectronics X-CUBE-AZRTOS-F4 1.1.0
2026-04-26 19:36:02,545 [INFO] ThirdParty:1030 - CMSIS Pack Vendor :STMicroelectronics LIBJPEG 8.0.0
2026-04-26 19:36:02,545 [INFO] ThirdParty:1030 - CMSIS Pack Vendor :STMicroelectronics FP-ATR-ASTRA1 2.0.2
2026-04-26 19:36:02,545 [INFO] ThirdParty:1030 - CMSIS Pack Vendor :STMicroelectronics X-CUBE-BLE1 7.1.0
2026-04-26 19:36:02,545 [INFO] ThirdParty:1030 - CMSIS Pack Vendor :STMicroelectronics X-CUBE-SMBUS 2.1.0
2026-04-26 19:36:02,545 [INFO] ThirdParty:1030 - CMSIS Pack Vendor :wolfSSL I-CUBE-wolfMQTT 1.19.2
2026-04-26 19:36:02,545 [INFO] ThirdParty:1030 - CMSIS Pack Vendor :STMicroelectronics USB_DEVICE 3.0.0
2026-04-26 19:36:02,545 [INFO] ThirdParty:1030 - CMSIS Pack Vendor :STMicroelectronics X-CUBE-ISPU 2.1.0
2026-04-26 19:36:02,545 [INFO] ThirdParty:1030 - CMSIS Pack Vendor :STMicroelectronics X-CUBE-FREERTOS 1.4.0
2026-04-26 19:36:02,546 [INFO] ThirdParty:1030 - CMSIS Pack Vendor :STMicroelectronics X-CUBE-EEPRMA1 5.2.0
2026-04-26 19:36:02,546 [INFO] ThirdParty:1030 - CMSIS Pack Vendor :STMicroelectronics X-CUBE-IPS 3.2.0
2026-04-26 19:36:02,546 [INFO] ThirdParty:1030 - CMSIS Pack Vendor :STMicroelectronics X-CUBE-BLEMGR 4.1.0
2026-04-26 19:36:02,546 [INFO] ThirdParty:1030 - CMSIS Pack Vendor :STMicroelectronics eDS-WB_DPC_TT-BIDIR 2.1.1
2026-04-26 19:36:02,546 [INFO] ThirdParty:1030 - CMSIS Pack Vendor :STMicroelectronics X-CUBE-AZRTOS-WB 2.0.0
2026-04-26 19:36:02,546 [INFO] ThirdParty:1030 - CMSIS Pack Vendor :wolfSSL I-CUBE-wolfSSL 5.8.4
2026-04-26 19:36:02,546 [INFO] ThirdParty:1030 - CMSIS Pack Vendor :Cesanta I-CUBE-Mongoose 7.20.0
2026-04-26 19:36:02,546 [INFO] ThirdParty:1030 - CMSIS Pack Vendor :STMicroelectronics X-CUBE-NFC12 1.0.0
2026-04-26 19:36:02,547 [INFO] ThirdParty:1030 - CMSIS Pack Vendor :STMicroelectronics X-CUBE-AZRTOS-F7 1.1.0
2026-04-26 19:36:02,547 [INFO] ThirdParty:1030 - CMSIS Pack Vendor :STMicroelectronics X-CUBE-AZRTOS-L5 2.0.0
2026-04-26 19:36:02,547 [INFO] ThirdParty:1030 - CMSIS Pack Vendor :STMicroelectronics USB_DEVICE 2.0.0
2026-04-26 19:36:02,549 [INFO] ThirdParty:1030 - CMSIS Pack Vendor :STMicroelectronics FP-SNS-STAIOTCFT 1.1.0
2026-04-26 19:36:02,555 [INFO] ThirdParty:1030 - CMSIS Pack Vendor :quantropi X-CUBE-qispace-sdk-base 2.1.0
2026-04-26 19:36:02,556 [INFO] ThirdParty:1030 - CMSIS Pack Vendor :STMicroelectronics X-CUBE-MEMS1 12.0.0
2026-04-26 19:36:02,556 [INFO] ThirdParty:1030 - CMSIS Pack Vendor :STMicroelectronics X-CUBE-STSE01 2.0.0
2026-04-26 19:36:02,556 [INFO] ThirdParty:1030 - CMSIS Pack Vendor :STMicroelectronics FP-SNS-MOTENV1 5.1.0
2026-04-26 19:36:02,556 [INFO] ThirdParty:1030 - CMSIS Pack Vendor :STMicroelectronics FreeRTOS 0.0.1
2026-04-26 19:36:02,556 [INFO] ThirdParty:1030 - CMSIS Pack Vendor :STMicroelectronics X-CUBE-AZRTOS-G0 1.1.0
2026-04-26 19:36:02,556 [INFO] ThirdParty:1030 - CMSIS Pack Vendor :STMicroelectronics X-CUBE-NFC4 3.0.0
2026-04-26 19:36:02,557 [INFO] ThirdParty:1030 - CMSIS Pack Vendor :STMicroelectronics X-CUBE-SUBG2 5.0.0
2026-04-26 19:36:02,557 [INFO] ThirdParty:1030 - CMSIS Pack Vendor :STMicroelectronics STM32_WPAN 1.0.0
2026-04-26 19:36:02,557 [INFO] ThirdParty:1030 - CMSIS Pack Vendor :STMicroelectronics eDS-WB_DPC_VIENNA 1.2.0
2026-04-26 19:36:02,557 [INFO] ThirdParty:1030 - CMSIS Pack Vendor :EmbeddedOffice I-CUBE-FS-RTOS 1.0.1
2026-04-26 19:36:02,557 [INFO] ThirdParty:1030 - CMSIS Pack Vendor :STMicroelectronics lwIP 2.0.3
2026-04-26 19:36:02,557 [INFO] ThirdParty:1030 - CMSIS Pack Vendor :WES I-CUBE-Cesium 1.4.0
2026-04-26 19:36:02,557 [INFO] ThirdParty:1030 - CMSIS Pack Vendor :STMicroelectronics eDS-WB_DPC_3PH2L-BIDIR 1.1.1
2026-04-26 19:36:02,557 [INFO] ThirdParty:1030 - CMSIS Pack Vendor :STMicroelectronics USB_HOST 1.0.0
2026-04-26 19:36:02,557 [INFO] ThirdParty:1030 - CMSIS Pack Vendor :STMicroelectronics X-CUBE-AZRTOS-G4 2.0.0
2026-04-26 19:36:02,557 [INFO] ThirdParty:1030 - CMSIS Pack Vendor :STMicroelectronics X-CUBE-WB05N 2.0.0
2026-04-26 19:36:02,557 [INFO] ThirdParty:1030 - CMSIS Pack Vendor :STMicroelectronics PDM2PCM 3.1.0
2026-04-26 19:36:02,557 [INFO] ThirdParty:1030 - CMSIS Pack Vendor :STMicroelectronics PDM2PCM 3.3.0
2026-04-26 19:36:02,557 [INFO] ThirdParty:1030 - CMSIS Pack Vendor :wolfSSL I-CUBE-wolfTPM 3.8.0
2026-04-26 19:36:02,558 [INFO] ThirdParty:1030 - CMSIS Pack Vendor :STMicroelectronics X-CUBE-AZRTOS-H7 3.4.0
2026-04-26 19:36:02,558 [INFO] ThirdParty:1030 - CMSIS Pack Vendor :STMicroelectronics X-CUBE-DISPLAY 3.0.0
2026-04-26 19:36:02,558 [INFO] ThirdParty:1030 - CMSIS Pack Vendor :wolfSSL I-CUBE-wolfSSH 1.4.20
2026-04-26 19:36:02,558 [INFO] ThirdParty:1030 - CMSIS Pack Vendor :STMicroelectronics X-CUBE-NFC7 2.0.0
2026-04-26 19:36:02,558 [INFO] ThirdParty:1030 - CMSIS Pack Vendor :STMicroelectronics FP-SNS-MOTENVWB1 1.5.0
2026-04-26 19:36:02,558 [INFO] ThirdParty:1030 - CMSIS Pack Vendor :STMicroelectronics X-CUBE-TCPP 4.2.0
2026-04-26 19:36:02,558 [INFO] ThirdParty:1030 - CMSIS Pack Vendor :RealThread X-CUBE-RT-Thread_Nano 4.1.1
2026-04-26 19:36:02,558 [INFO] ThirdParty:1030 - CMSIS Pack Vendor :STMicroelectronics FP-ATR-SIGFOX1 3.2.0
2026-04-26 19:36:02,558 [INFO] ThirdParty:1030 - CMSIS Pack Vendor :STMicroelectronics X-CUBE-NFC10 1.0.0
2026-04-26 19:36:02,558 [INFO] ThirdParty:1030 - CMSIS Pack Vendor :STMicroelectronics HAL Drivers 0.0.0
2026-04-26 19:36:02,558 [INFO] ThirdParty:1030 - CMSIS Pack Vendor :STMicroelectronics X-CUBE-FREERTOS 1.5.0
2026-04-26 19:36:02,558 [INFO] ThirdParty:1030 - CMSIS Pack Vendor :STMicroelectronics MBEDTLS 2.16.2
2026-04-26 19:36:02,558 [INFO] ThirdParty:1030 - CMSIS Pack Vendor :STMicroelectronics X-CUBE-ST60 1.1.0
2026-04-26 19:36:02,559 [INFO] ThirdParty:1030 - CMSIS Pack Vendor :STMicroelectronics X-CUBE-ALS 1.0.2
2026-04-26 19:36:02,559 [INFO] ThirdParty:1030 - CMSIS Pack Vendor :emotas I-CUBE-CANOPEN 1.3.0
2026-04-26 19:36:02,559 [INFO] ThirdParty:1030 - CMSIS Pack Vendor :STMicroelectronics MBEDTLS 2.14.1
2026-04-26 19:36:02,559 [INFO] ThirdParty:1030 - CMSIS Pack Vendor :STMicroelectronics X-CUBE-GNSS1 7.1.0
2026-04-26 19:36:02,559 [INFO] ThirdParty:1030 - CMSIS Pack Vendor :ITTIA_DB I-CUBE-ITTIADB 8.9.0
2026-04-26 19:36:02,559 [INFO] ThirdParty:1030 - CMSIS Pack Vendor :STMicroelectronics X-CUBE-TOUCHGFX 4.26.0
2026-04-26 19:36:02,559 [INFO] ThirdParty:1030 - CMSIS Pack Vendor :STMicroelectronics X-CUBE-TOUCHGFX 4.26.1
2026-04-26 19:36:02,559 [INFO] ThirdParty:1030 - CMSIS Pack Vendor :STMicroelectronics X-CUBE-NFC6 3.2.0
2026-04-26 19:36:02,559 [INFO] ThirdParty:1030 - CMSIS Pack Vendor :STMicroelectronics FP-SNS-STBOX1 2.1.0
2026-04-26 19:36:02,560 [INFO] ThirdParty:1030 - CMSIS Pack Vendor :STMicroelectronics X-CUBE-AI 10.2.0
2026-04-26 19:36:02,560 [INFO] ThirdParty:1030 - CMSIS Pack Vendor :STMicroelectronics FP-SNS-STAIOTCFT 1.0.0
2026-04-26 19:36:02,560 [INFO] ThirdParty:1030 - CMSIS Pack Vendor :STMicroelectronics ThreadX 1.0.0
2026-04-26 19:36:02,560 [INFO] ThirdParty:1030 - CMSIS Pack Vendor :STMicroelectronics FP-SNS-SMARTAG2 1.2.0
2026-04-26 19:36:02,560 [INFO] ThirdParty:1030 - CMSIS Pack Vendor :STMicroelectronics FP-SNS-FLIGHT1 5.1.0
2026-04-26 19:36:02,560 [INFO] ThirdParty:1030 - CMSIS Pack Vendor :STMicroelectronics X-CUBE-AZRTOS-WL 2.0.0
2026-04-26 19:36:02,561 [INFO] ThirdParty:1030 - CMSIS Pack Vendor :SEGGER I-CUBE-embOS 1.3.1
2026-04-26 19:36:02,561 [INFO] ThirdParty:1030 - CMSIS Pack Vendor :STMicroelectronics X-CUBE-ALGOBUILD 1.4.0
2026-04-26 19:36:02,561 [INFO] ThirdParty:1030 - CMSIS Pack Vendor :STMicroelectronics X-CUBE-DPower 1.3.0
2026-04-26 19:36:02,561 [INFO] ThirdParty:1030 - CMSIS Pack Vendor :STMicroelectronics USB_DEVICE 1.0.0
2026-04-26 19:36:02,561 [INFO] ThirdParty:1030 - CMSIS Pack Vendor :STMicroelectronics X-CUBE-AZRTOS-H7RS 1.2.0
2026-04-26 19:36:02,561 [INFO] ThirdParty:1030 - CMSIS Pack Vendor :STMicroelectronics X-CUBE-AZRTOS-L4 2.0.0
2026-04-26 19:36:02,561 [INFO] ThirdParty:1030 - CMSIS Pack Vendor :STMicroelectronics ThreadX 0.0.2
2026-04-26 19:36:02,561 [INFO] ThirdParty:1030 - CMSIS Pack Vendor :STMicroelectronics lwIP 2.1.2
2026-04-26 19:36:02,561 [INFO] ThirdParty:1030 - CMSIS Pack Vendor :STMicroelectronics X-CUBE-SFXS2LP1 4.0.0
2026-04-26 19:36:02,561 [INFO] ThirdParty:1030 - CMSIS Pack Vendor :STMicroelectronics X-CUBE-BLE2 3.3.0
2026-04-26 19:36:02,561 [INFO] ThirdParty:1030 - CMSIS Pack Vendor :Avnet-IOTCONNECT X-CUBE-iotc-st67-sdk 1.0.0
2026-04-26 19:36:02,561 [INFO] ThirdParty:1030 - CMSIS Pack Vendor :STMicroelectronics X-CUBE-TOF1 3.4.3
2026-04-26 19:36:02,561 [INFO] ThirdParty:1030 - CMSIS Pack Vendor :Infineon AIROC-Wi-Fi-Bluetooth-STM32 1.8.0
2026-04-26 19:36:02,561 [INFO] ThirdParty:1030 - CMSIS Pack Vendor :STMicroelectronics PDM2PCM 3.2.0
2026-04-26 19:36:02,561 [INFO] ThirdParty:1030 - CMSIS Pack Vendor :STMicroelectronics X-CUBE-WB05N 2.1.0
2026-04-26 19:36:02,562 [INFO] ThirdParty:1030 - CMSIS Pack Vendor :STMicroelectronics X-CUBE-ST67W61 1.2.0
2026-04-26 19:36:02,562 [INFO] ThirdParty:841 - exiting critical section [change project]
2026-04-26 19:36:02,945 [INFO] PinOutPanel:1589 - setPackage(No Configuration,No Configuration)
2026-04-26 19:36:02,945 [INFO] PinOutPanel:1589 - setPackage(STM32F103C6Tx,LQFP48)
2026-04-26 19:36:03,448 [INFO] UtilMem:75 - Before build in PCC Used Memory: 758082352 Bytes (1073741824)
2026-04-26 19:36:04,295 [INFO] UtilMem:75 - After build in PCC Used Memory: 833057584 Bytes (1073741824)
2026-04-26 19:36:04,322 [INFO] IPUIPlugin:80 - create IPUIPlugin
2026-04-26 19:36:04,323 [INFO] IPUIPlugin:80 - create IPUIPlugin
2026-04-26 19:36:04,323 [INFO] IPUIPlugin:80 - create IPUIPlugin
2026-04-26 19:36:04,323 [INFO] IPUIPlugin:80 - create IPUIPlugin
2026-04-26 19:36:04,323 [INFO] IPUIPlugin:80 - create IPUIPlugin
2026-04-26 19:36:04,324 [INFO] IPUIPlugin:80 - create IPUIPlugin
2026-04-26 19:36:04,324 [INFO] IPUIPlugin:80 - create IPUIPlugin
2026-04-26 19:36:04,325 [INFO] IPUIPlugin:80 - create IPUIPlugin
2026-04-26 19:36:04,325 [INFO] IPUIPlugin:80 - create IPUIPlugin
2026-04-26 19:36:04,325 [INFO] IPUIPlugin:80 - create IPUIPlugin
2026-04-26 19:36:04,326 [INFO] IPUIPlugin:80 - create IPUIPlugin
2026-04-26 19:36:04,326 [INFO] IPUIPlugin:80 - create IPUIPlugin
2026-04-26 19:36:04,326 [INFO] IPUIPlugin:80 - create IPUIPlugin
2026-04-26 19:36:04,328 [INFO] IPUIPlugin:80 - create IPUIPlugin
2026-04-26 19:36:04,328 [INFO] IPUIPlugin:80 - create IPUIPlugin
2026-04-26 19:36:04,328 [INFO] IPUIPlugin:80 - create IPUIPlugin
2026-04-26 19:36:04,328 [INFO] IPUIPlugin:80 - create IPUIPlugin
2026-04-26 19:36:04,328 [INFO] IPUIPlugin:80 - create IPUIPlugin
2026-04-26 19:36:04,328 [INFO] IPUIPlugin:80 - create IPUIPlugin
2026-04-26 19:36:04,329 [INFO] IPUIPlugin:80 - create IPUIPlugin
2026-04-26 19:36:04,329 [INFO] IPUIPlugin:80 - create IPUIPlugin
2026-04-26 19:36:04,329 [INFO] IPUIPlugin:80 - create IPUIPlugin
2026-04-26 19:36:04,329 [INFO] IPUIPlugin:80 - create IPUIPlugin
2026-04-26 19:36:04,559 [INFO] CADModel:165 - CPN selected for project levelSTM32F103C6T6A
2026-04-26 19:36:04,559 [INFO] CADModel:114 - Register for checkConnection events
2026-04-26 19:36:04,613 [INFO] OpenFileManager:386 - Restore cursor
2026-04-26 19:36:05,918 [INFO] UtilMem:75 - End SaveConfig() Used Memory: 912955568 Bytes (1073741824)
2026-04-26 19:36:06,041 [INFO] UtilMem:75 - End SaveConfig() Used Memory: 925854512 Bytes (1073741824)
2026-04-26 19:36:06,504 [INFO] BlockDiagram:2775 - set Specific Code input for plugin: NVIC
2026-04-26 19:36:06,505 [INFO] BlockDiagram:2775 - set Specific Code input for plugin: RCC
2026-04-26 19:36:06,507 [INFO] CodeGenerator:892 - code generatio: config db path: C:\ST\STM32CubeIDE_1.19.0\STM32CubeIDE\plugins\com.st.stm32cube.common.mx_6.15.0.202507011659\\db\
2026-04-26 19:36:06,828 [INFO] CodeEngine:265 - oldGeneratedFile, C:\GIT\Aulas2026_1\ProjetosSTM32\CorpoBorboleta_Pedal\MXTmpFiles\license.tmp_save
2026-04-26 19:36:07,355 [INFO] CodeEngine:289 - Generated code: C:\GIT\Aulas2026_1\ProjetosSTM32\CorpoBorboleta_Pedal\MXTmpFiles\license.tmp
2026-04-26 19:36:07,384 [INFO] CodeEngine:265 - oldGeneratedFile, C:\GIT\Aulas2026_1\ProjetosSTM32\CorpoBorboleta_Pedal\Core\Src\stm32f1xx_it.c_save
2026-04-26 19:36:07,659 [INFO] CodeEngine:289 - Generated code: C:\GIT\Aulas2026_1\ProjetosSTM32\CorpoBorboleta_Pedal\Core\Src\stm32f1xx_it.c
2026-04-26 19:36:07,671 [INFO] CodeEngine:265 - oldGeneratedFile, C:\GIT\Aulas2026_1\ProjetosSTM32\CorpoBorboleta_Pedal\Core\Inc\stm32f1xx_it.h_save
2026-04-26 19:36:07,845 [INFO] CodeEngine:289 - Generated code: C:\GIT\Aulas2026_1\ProjetosSTM32\CorpoBorboleta_Pedal\Core\Inc\stm32f1xx_it.h
2026-04-26 19:36:07,980 [INFO] CodeEngine:265 - oldGeneratedFile, C:\GIT\Aulas2026_1\ProjetosSTM32\CorpoBorboleta_Pedal\Core\Src\stm32f1xx_hal_msp.c_save
2026-04-26 19:36:08,138 [INFO] CodeEngine:289 - Generated code: C:\GIT\Aulas2026_1\ProjetosSTM32\CorpoBorboleta_Pedal\Core\Src\stm32f1xx_hal_msp.c
2026-04-26 19:36:08,146 [INFO] CodeEngine:265 - oldGeneratedFile, C:\GIT\Aulas2026_1\ProjetosSTM32\CorpoBorboleta_Pedal\MXTmpFiles\system.tmp_save
2026-04-26 19:36:08,226 [INFO] CodeEngine:289 - Generated code: C:\GIT\Aulas2026_1\ProjetosSTM32\CorpoBorboleta_Pedal\MXTmpFiles\system.tmp
2026-04-26 19:36:08,243 [INFO] CodeEngine:321 - oldGeneratedFile, C:\GIT\Aulas2026_1\ProjetosSTM32\CorpoBorboleta_Pedal\Core\Inc\stm32f1xx_hal_conf.h_save
2026-04-26 19:36:08,327 [INFO] CodeEngine:345 - Generated code: C:\GIT\Aulas2026_1\ProjetosSTM32\CorpoBorboleta_Pedal\Core\Inc\stm32f1xx_hal_conf.h
2026-04-26 19:36:08,381 [INFO] ApiDbMcu:532 - Load IP Config File for RCC
2026-04-26 19:36:08,395 [INFO] CodeEngine:265 - oldGeneratedFile, C:\GIT\Aulas2026_1\ProjetosSTM32\CorpoBorboleta_Pedal\Core\Inc\main.h_save
2026-04-26 19:36:08,519 [INFO] CodeEngine:289 - Generated code: C:\GIT\Aulas2026_1\ProjetosSTM32\CorpoBorboleta_Pedal\Core\Inc\main.h
2026-04-26 19:36:08,527 [INFO] CodeEngine:265 - oldGeneratedFile, C:\GIT\Aulas2026_1\ProjetosSTM32\CorpoBorboleta_Pedal\Core\Src\main.c_save
2026-04-26 19:36:08,695 [INFO] CodeEngine:289 - Generated code: C:\GIT\Aulas2026_1\ProjetosSTM32\CorpoBorboleta_Pedal\Core\Src\main.c
2026-04-26 19:36:09,182 [INFO] ProjectBuilder:3606 - Time for Copy HAL[1] : 249mS.
2026-04-26 19:36:09,191 [INFO] ProjectBuilder:5216 - Project Generator version: 4.7.0-B52
2026-04-26 19:36:09,302 [INFO] ConfigFileManager:1595 - The Die is : DIE412
2026-04-26 19:36:09,318 [INFO] ApiDbMcu:532 - Load IP Config File for FATFS
2026-04-26 19:36:09,349 [INFO] ApiDbMcu:532 - Load IP Config File for FREERTOS
2026-04-26 19:36:09,376 [INFO] ApiDbMcu:532 - Load IP Config File for USB_DEVICE
2026-04-26 19:36:09,848 [INFO] LogOutputStream:77 - [STDOUT_REDIRECT] 
2026-04-26 19:36:11,935 [INFO] ProjectBuilder:5496 - Time for Generating toolchain IDE Files: 2744mS.
2026-04-26 19:36:11,937 [INFO] ProjectBuilder:3463 - Time for Copy CMSIS : 1mS.
2026-04-26 19:36:11,943 [INFO] ProjectBuilder:3463 - Time for Copy CMSIS : 0mS.
2026-04-26 19:36:13,544 [INFO] McuFinderGlobals:76 - Set McuFinderConnectedMode to true
2026-04-26 19:36:13,559 [INFO] ApiDb:448 - Save user favorites file C:\Users\User/.stm32cubeide/favorites.mcus.txt: 2 item(s)
2026-04-26 19:36:13,560 [INFO] ApiDb:452 - User favorites MCUs=[STM32F103C6T6A, STM32F103C8T6]
2026-04-26 19:36:40,895 [INFO] ADCParametersView:116 -                Rank 1 : false
2026-04-26 19:36:40,947 [INFO] ADCParametersView:116 -                Rank 1 : false
2026-04-26 19:36:40,948 [INFO] ADCParametersView:116 -                Rank 1 : false
2026-04-26 19:36:40,948 [INFO] ADCParametersView:116 -                Rank 1 : false
2026-04-26 19:36:40,948 [INFO] ADCParametersView:116 -                Rank 1 : false
2026-04-26 19:36:40,948 [INFO] ADCParametersView:116 -                Rank 1 : false
2026-04-26 19:36:40,949 [INFO] ADCParametersView:116 -                Rank 1 : false
2026-04-26 19:36:40,949 [INFO] ADCParametersView:116 -                Rank 1 : false
2026-04-26 19:36:40,949 [INFO] ADCParametersView:116 -                Rank 1 : false
2026-04-26 19:36:40,949 [INFO] ADCParametersView:116 -                Rank 1 : false
2026-04-26 19:36:40,949 [INFO] ADCParametersView:116 -                Rank 1 : false
2026-04-26 19:36:40,957 [INFO] ADCParametersView:116 -                Rank 1 : false
2026-04-26 19:36:41,046 [INFO] NvicIntPanel:101 - NVIC parent = com.st.microxplorer.plugins.ip.nvic.MultiNvicIntPanel[,0,0,0x0,invalid,layout=javax.swing.BoxLayout,alignmentX=0.0,alignmentY=0.0,border=,flags=9,maximumSize=,minimumSize=,preferredSize=]
2026-04-26 19:36:41,149 [INFO] NvicIntPanel:101 - NVIC parent = com.st.microxplorer.plugins.ip.nvic.MultiNvicIntPanel[,0,0,0x0,invalid,layout=javax.swing.BoxLayout,alignmentX=0.0,alignmentY=0.0,border=,flags=9,maximumSize=,minimumSize=,preferredSize=]
2026-04-26 19:36:41,258 [INFO] NvicIntPanel:101 - NVIC parent = com.st.microxplorer.plugins.ip.nvic.MultiNvicIntPanel[,0,0,0x0,invalid,layout=javax.swing.BoxLayout,alignmentX=0.0,alignmentY=0.0,border=,flags=9,maximumSize=,minimumSize=,preferredSize=]
2026-04-26 19:36:41,342 [INFO] ADCParametersView:116 -                Rank 1 : false
2026-04-26 19:36:41,343 [INFO] ADCParametersView:116 -                Rank 1 : false
2026-04-26 19:36:41,344 [INFO] ADCParametersView:116 -                Rank 1 : false
2026-04-26 19:36:41,344 [INFO] ADCParametersView:116 -                Rank 1 : false
2026-04-26 19:36:41,345 [INFO] ADCParametersView:116 -                Rank 1 : false
2026-04-26 19:36:41,345 [INFO] ADCParametersView:116 -                Rank 1 : false
2026-04-26 19:36:41,346 [INFO] ADCParametersView:116 -                Rank 1 : false
2026-04-26 19:36:41,346 [INFO] ADCParametersView:116 -                Rank 1 : false
2026-04-26 19:36:41,347 [INFO] ADCParametersView:116 -                Rank 1 : false
2026-04-26 19:36:41,347 [INFO] ADCParametersView:116 -                Rank 1 : false
2026-04-26 19:36:41,358 [INFO] ADCParametersView:116 -                Rank 1 : false
2026-04-26 19:36:41,379 [INFO] ADCParametersView:116 -                Rank 1 : false
2026-04-26 19:36:41,380 [INFO] ADCParametersView:116 -                Rank 1 : false
2026-04-26 19:36:41,380 [INFO] ADCParametersView:116 -                Rank 1 : false
2026-04-26 19:36:41,380 [INFO] ADCParametersView:116 -                Rank 1 : false
2026-04-26 19:36:41,381 [INFO] ADCParametersView:116 -                Rank 1 : false
2026-04-26 19:36:41,381 [INFO] ADCParametersView:116 -                Rank 1 : false
2026-04-26 19:36:41,381 [INFO] ADCParametersView:116 -                Rank 1 : false
2026-04-26 19:36:41,381 [INFO] ADCParametersView:116 -                Rank 1 : false
2026-04-26 19:36:41,381 [INFO] ADCParametersView:116 -                Rank 1 : false
2026-04-26 19:36:41,381 [INFO] ADCParametersView:116 -                Rank 1 : false
2026-04-26 19:36:41,389 [INFO] ADCParametersView:116 -                Rank 1 : false
2026-04-26 19:36:42,479 [INFO] ADCParametersView:116 -                Rank 1 : false
2026-04-26 19:36:42,479 [INFO] ADCParametersView:116 -                Rank 1 : false
2026-04-26 19:36:42,479 [INFO] ADCParametersView:116 -                Rank 1 : false
2026-04-26 19:36:42,480 [INFO] ADCParametersView:116 -                Rank 1 : false
2026-04-26 19:36:42,480 [INFO] ADCParametersView:116 -                Rank 1 : false
2026-04-26 19:36:42,480 [INFO] ADCParametersView:116 -                Rank 1 : false
2026-04-26 19:36:42,480 [INFO] ADCParametersView:116 -                Rank 1 : false
2026-04-26 19:36:42,480 [INFO] ADCParametersView:116 -                Rank 1 : false
2026-04-26 19:36:42,480 [INFO] ADCParametersView:116 -                Rank 1 : false
2026-04-26 19:36:42,480 [INFO] ADCParametersView:116 -                Rank 1 : false
2026-04-26 19:36:42,485 [INFO] ADCParametersView:116 -                Rank 1 : false
2026-04-26 19:36:42,504 [INFO] ADCParametersView:116 -                Rank 1 : false
2026-04-26 19:36:42,506 [INFO] ADCParametersView:116 -                Rank 1 : false
2026-04-26 19:36:42,506 [INFO] ADCParametersView:116 -                Rank 1 : false
2026-04-26 19:36:42,506 [INFO] ADCParametersView:116 -                Rank 1 : false
2026-04-26 19:36:42,506 [INFO] ADCParametersView:116 -                Rank 1 : false
2026-04-26 19:36:42,506 [INFO] ADCParametersView:116 -                Rank 1 : false
2026-04-26 19:36:42,506 [INFO] ADCParametersView:116 -                Rank 1 : false
2026-04-26 19:36:42,506 [INFO] ADCParametersView:116 -                Rank 1 : false
2026-04-26 19:36:42,506 [INFO] ADCParametersView:116 -                Rank 1 : false
2026-04-26 19:36:42,506 [INFO] ADCParametersView:116 -                Rank 1 : false
2026-04-26 19:36:42,514 [INFO] ADCParametersView:116 -                Rank 1 : false
2026-04-26 19:36:42,554 [INFO] ADCParametersView:116 -                Rank 1 : false
2026-04-26 19:36:42,554 [INFO] ADCParametersView:116 -                Rank 1 : false
2026-04-26 19:36:42,554 [INFO] ADCParametersView:116 -                Rank 1 : false
2026-04-26 19:36:42,554 [INFO] ADCParametersView:116 -                Rank 1 : false
2026-04-26 19:36:42,554 [INFO] ADCParametersView:116 -                Rank 1 : false
2026-04-26 19:36:42,554 [INFO] ADCParametersView:116 -                Rank 1 : false
2026-04-26 19:36:42,554 [INFO] ADCParametersView:116 -                Rank 1 : false
2026-04-26 19:36:42,554 [INFO] ADCParametersView:116 -                Rank 1 : false
2026-04-26 19:36:42,554 [INFO] ADCParametersView:116 -                Rank 1 : false
2026-04-26 19:36:42,555 [INFO] ADCParametersView:116 -                Rank 1 : false
2026-04-26 19:36:42,559 [INFO] ADCParametersView:116 -                Rank 1 : false
2026-04-26 19:36:42,575 [INFO] ADCParametersView:116 -                Rank 1 : false
2026-04-26 19:36:42,575 [INFO] ADCParametersView:116 -                Rank 1 : false
2026-04-26 19:36:42,575 [INFO] ADCParametersView:116 -                Rank 1 : false
2026-04-26 19:36:42,575 [INFO] ADCParametersView:116 -                Rank 1 : false
2026-04-26 19:36:42,575 [INFO] ADCParametersView:116 -                Rank 1 : false
2026-04-26 19:36:42,576 [INFO] ADCParametersView:116 -                Rank 1 : false
2026-04-26 19:36:42,576 [INFO] ADCParametersView:116 -                Rank 1 : false
2026-04-26 19:36:42,576 [INFO] ADCParametersView:116 -                Rank 1 : false
2026-04-26 19:36:42,576 [INFO] ADCParametersView:116 -                Rank 1 : false
2026-04-26 19:36:42,576 [INFO] ADCParametersView:116 -                Rank 1 : false
2026-04-26 19:36:42,582 [INFO] ADCParametersView:116 -                Rank 1 : false
2026-04-26 19:36:42,640 [INFO] ADCParametersView:116 -                Rank 1 : false
2026-04-26 19:36:42,640 [INFO] ADCParametersView:116 -                Rank 1 : false
2026-04-26 19:36:42,640 [INFO] ADCParametersView:116 -                Rank 1 : false
2026-04-26 19:36:42,640 [INFO] ADCParametersView:116 -                Rank 1 : false
2026-04-26 19:36:42,640 [INFO] ADCParametersView:116 -                Rank 1 : false
2026-04-26 19:36:42,640 [INFO] ADCParametersView:116 -                Rank 1 : false
2026-04-26 19:36:42,640 [INFO] ADCParametersView:116 -                Rank 1 : false
2026-04-26 19:36:42,640 [INFO] ADCParametersView:116 -                Rank 1 : false
2026-04-26 19:36:42,640 [INFO] ADCParametersView:116 -                Rank 1 : false
2026-04-26 19:36:42,640 [INFO] ADCParametersView:116 -                Rank 1 : false
2026-04-26 19:36:42,646 [INFO] ADCParametersView:116 -                Rank 1 : false
2026-04-26 19:36:42,661 [INFO] ADCParametersView:116 -                Rank 1 : false
2026-04-26 19:36:42,661 [INFO] ADCParametersView:116 -                Rank 1 : false
2026-04-26 19:36:42,662 [INFO] ADCParametersView:116 -                Rank 1 : false
2026-04-26 19:36:42,662 [INFO] ADCParametersView:116 -                Rank 1 : false
2026-04-26 19:36:42,662 [INFO] ADCParametersView:116 -                Rank 1 : false
2026-04-26 19:36:42,662 [INFO] ADCParametersView:116 -                Rank 1 : false
2026-04-26 19:36:42,662 [INFO] ADCParametersView:116 -                Rank 1 : false
2026-04-26 19:36:42,662 [INFO] ADCParametersView:116 -                Rank 1 : false
2026-04-26 19:36:42,662 [INFO] ADCParametersView:116 -                Rank 1 : false
2026-04-26 19:36:42,662 [INFO] ADCParametersView:116 -                Rank 1 : false
2026-04-26 19:36:42,667 [INFO] ADCParametersView:116 -                Rank 1 : false
2026-04-26 19:36:44,463 [INFO] ADCParametersView:116 -                Rank 1 : false
2026-04-26 19:36:44,464 [INFO] ADCParametersView:116 -                Rank 1 : false
2026-04-26 19:36:44,464 [INFO] ADCParametersView:116 -                Rank 1 : false
2026-04-26 19:36:44,464 [INFO] ADCParametersView:116 -                Rank 1 : false
2026-04-26 19:36:44,464 [INFO] ADCParametersView:116 -                Rank 1 : false
2026-04-26 19:36:44,464 [INFO] ADCParametersView:116 -                Rank 1 : false
2026-04-26 19:36:44,464 [INFO] ADCParametersView:116 -                Rank 1 : false
2026-04-26 19:36:44,464 [INFO] ADCParametersView:116 -                Rank 1 : false
2026-04-26 19:36:44,464 [INFO] ADCParametersView:116 -                Rank 1 : false
2026-04-26 19:36:44,464 [INFO] ADCParametersView:116 -                Rank 1 : false
2026-04-26 19:36:44,469 [INFO] ADCParametersView:116 -                Rank 1 : false
2026-04-26 19:36:44,490 [INFO] ADCParametersView:116 -                Rank 1 : false
2026-04-26 19:36:44,490 [INFO] ADCParametersView:116 -                Rank 1 : false
2026-04-26 19:36:44,490 [INFO] ADCParametersView:116 -                Rank 1 : false
2026-04-26 19:36:44,490 [INFO] ADCParametersView:116 -                Rank 1 : false
2026-04-26 19:36:44,490 [INFO] ADCParametersView:116 -                Rank 1 : false
2026-04-26 19:36:44,491 [INFO] ADCParametersView:116 -                Rank 1 : false
2026-04-26 19:36:44,491 [INFO] ADCParametersView:116 -                Rank 1 : false
2026-04-26 19:36:44,491 [INFO] ADCParametersView:116 -                Rank 1 : false
2026-04-26 19:36:44,491 [INFO] ADCParametersView:116 -                Rank 1 : false
2026-04-26 19:36:44,491 [INFO] ADCParametersView:116 -                Rank 1 : false
2026-04-26 19:36:44,498 [INFO] ADCParametersView:116 -                Rank 1 : false
2026-04-26 19:36:44,536 [INFO] ADCParametersView:116 -                Rank 1 : false
2026-04-26 19:36:44,538 [INFO] ADCParametersView:116 -                Rank 1 : false
2026-04-26 19:36:44,538 [INFO] ADCParametersView:116 -                Rank 1 : false
2026-04-26 19:36:44,538 [INFO] ADCParametersView:116 -                Rank 1 : false
2026-04-26 19:36:44,538 [INFO] ADCParametersView:116 -                Rank 1 : false
2026-04-26 19:36:44,538 [INFO] ADCParametersView:116 -                Rank 1 : false
2026-04-26 19:36:44,538 [INFO] ADCParametersView:116 -                Rank 1 : false
2026-04-26 19:36:44,538 [INFO] ADCParametersView:116 -                Rank 1 : false
2026-04-26 19:36:44,539 [INFO] ADCParametersView:116 -                Rank 1 : false
2026-04-26 19:36:44,539 [INFO] ADCParametersView:116 -                Rank 1 : false
2026-04-26 19:36:44,545 [INFO] ADCParametersView:116 -                Rank 1 : false
2026-04-26 19:36:44,566 [INFO] ADCParametersView:116 -                Rank 1 : false
2026-04-26 19:36:44,566 [INFO] ADCParametersView:116 -                Rank 1 : false
2026-04-26 19:36:44,566 [INFO] ADCParametersView:116 -                Rank 1 : false
2026-04-26 19:36:44,566 [INFO] ADCParametersView:116 -                Rank 1 : false
2026-04-26 19:36:44,566 [INFO] ADCParametersView:116 -                Rank 1 : false
2026-04-26 19:36:44,566 [INFO] ADCParametersView:116 -                Rank 1 : false
2026-04-26 19:36:44,566 [INFO] ADCParametersView:116 -                Rank 1 : false
2026-04-26 19:36:44,566 [INFO] ADCParametersView:116 -                Rank 1 : false
2026-04-26 19:36:44,566 [INFO] ADCParametersView:116 -                Rank 1 : false
2026-04-26 19:36:44,567 [INFO] ADCParametersView:116 -                Rank 1 : false
2026-04-26 19:36:44,572 [INFO] ADCParametersView:116 -                Rank 1 : false
2026-04-26 19:36:44,639 [INFO] ADCParametersView:116 -                Rank 1 : false
2026-04-26 19:36:44,640 [INFO] ADCParametersView:116 -                Rank 1 : false
2026-04-26 19:36:44,640 [INFO] ADCParametersView:116 -                Rank 1 : false
2026-04-26 19:36:44,640 [INFO] ADCParametersView:116 -                Rank 1 : false
2026-04-26 19:36:44,640 [INFO] ADCParametersView:116 -                Rank 1 : false
2026-04-26 19:36:44,640 [INFO] ADCParametersView:116 -                Rank 1 : false
2026-04-26 19:36:44,640 [INFO] ADCParametersView:116 -                Rank 1 : false
2026-04-26 19:36:44,640 [INFO] ADCParametersView:116 -                Rank 1 : false
2026-04-26 19:36:44,641 [INFO] ADCParametersView:116 -                Rank 1 : false
2026-04-26 19:36:44,641 [INFO] ADCParametersView:116 -                Rank 1 : false
2026-04-26 19:36:44,646 [INFO] ADCParametersView:116 -                Rank 1 : false
2026-04-26 19:36:44,664 [INFO] ADCParametersView:116 -                Rank 1 : false
2026-04-26 19:36:44,664 [INFO] ADCParametersView:116 -                Rank 1 : false
2026-04-26 19:36:44,664 [INFO] ADCParametersView:116 -                Rank 1 : false
2026-04-26 19:36:44,664 [INFO] ADCParametersView:116 -                Rank 1 : false
2026-04-26 19:36:44,665 [INFO] ADCParametersView:116 -                Rank 1 : false
2026-04-26 19:36:44,665 [INFO] ADCParametersView:116 -                Rank 1 : false
2026-04-26 19:36:44,665 [INFO] ADCParametersView:116 -                Rank 1 : false
2026-04-26 19:36:44,665 [INFO] ADCParametersView:116 -                Rank 1 : false
2026-04-26 19:36:44,665 [INFO] ADCParametersView:116 -                Rank 1 : false
2026-04-26 19:36:44,665 [INFO] ADCParametersView:116 -                Rank 1 : false
2026-04-26 19:36:44,669 [INFO] ADCParametersView:116 -                Rank 1 : false
2026-04-26 19:36:45,793 [INFO] ADCParametersView:116 -                Rank 1 : false
2026-04-26 19:36:45,793 [INFO] ADCParametersView:116 -                Rank 1 : false
2026-04-26 19:36:45,793 [INFO] ADCParametersView:116 -                Rank 1 : false
2026-04-26 19:36:45,793 [INFO] ADCParametersView:116 -                Rank 1 : false
2026-04-26 19:36:45,793 [INFO] ADCParametersView:116 -                Rank 1 : false
2026-04-26 19:36:45,794 [INFO] ADCParametersView:116 -                Rank 1 : false
2026-04-26 19:36:45,794 [INFO] ADCParametersView:116 -                Rank 1 : false
2026-04-26 19:36:45,794 [INFO] ADCParametersView:116 -                Rank 1 : false
2026-04-26 19:36:45,794 [INFO] ADCParametersView:116 -                Rank 1 : false
2026-04-26 19:36:45,794 [INFO] ADCParametersView:116 -                Rank 1 : false
2026-04-26 19:36:45,799 [INFO] ADCParametersView:116 -                Rank 1 : false
2026-04-26 19:36:45,818 [INFO] ADCParametersView:116 -                Rank 1 : false
2026-04-26 19:36:45,818 [INFO] ADCParametersView:116 -                Rank 1 : false
2026-04-26 19:36:45,818 [INFO] ADCParametersView:116 -                Rank 1 : false
2026-04-26 19:36:45,818 [INFO] ADCParametersView:116 -                Rank 1 : false
2026-04-26 19:36:45,818 [INFO] ADCParametersView:116 -                Rank 1 : false
2026-04-26 19:36:45,818 [INFO] ADCParametersView:116 -                Rank 1 : false
2026-04-26 19:36:45,818 [INFO] ADCParametersView:116 -                Rank 1 : false
2026-04-26 19:36:45,818 [INFO] ADCParametersView:116 -                Rank 1 : false
2026-04-26 19:36:45,818 [INFO] ADCParametersView:116 -                Rank 1 : false
2026-04-26 19:36:45,818 [INFO] ADCParametersView:116 -                Rank 1 : false
2026-04-26 19:36:45,823 [INFO] ADCParametersView:116 -                Rank 1 : false
2026-04-26 19:36:45,870 [INFO] ADCParametersView:116 -                Rank 1 : false
2026-04-26 19:36:45,871 [INFO] ADCParametersView:116 -                Rank 1 : false
2026-04-26 19:36:45,871 [INFO] ADCParametersView:116 -                Rank 1 : false
2026-04-26 19:36:45,871 [INFO] ADCParametersView:116 -                Rank 1 : false
2026-04-26 19:36:45,871 [INFO] ADCParametersView:116 -                Rank 1 : false
2026-04-26 19:36:45,871 [INFO] ADCParametersView:116 -                Rank 1 : false
2026-04-26 19:36:45,871 [INFO] ADCParametersView:116 -                Rank 1 : false
2026-04-26 19:36:45,871 [INFO] ADCParametersView:116 -                Rank 1 : false
2026-04-26 19:36:45,871 [INFO] ADCParametersView:116 -                Rank 1 : false
2026-04-26 19:36:45,871 [INFO] ADCParametersView:116 -                Rank 1 : false
2026-04-26 19:36:45,876 [INFO] ADCParametersView:116 -                Rank 1 : false
2026-04-26 19:36:45,898 [INFO] ADCParametersView:116 -                Rank 1 : false
2026-04-26 19:36:45,899 [INFO] ADCParametersView:116 -                Rank 1 : false
2026-04-26 19:36:45,899 [INFO] ADCParametersView:116 -                Rank 1 : false
2026-04-26 19:36:45,899 [INFO] ADCParametersView:116 -                Rank 1 : false
2026-04-26 19:36:45,899 [INFO] ADCParametersView:116 -                Rank 1 : false
2026-04-26 19:36:45,899 [INFO] ADCParametersView:116 -                Rank 1 : false
2026-04-26 19:36:45,899 [INFO] ADCParametersView:116 -                Rank 1 : false
2026-04-26 19:36:45,899 [INFO] ADCParametersView:116 -                Rank 1 : false
2026-04-26 19:36:45,899 [INFO] ADCParametersView:116 -                Rank 1 : false
2026-04-26 19:36:45,899 [INFO] ADCParametersView:116 -                Rank 1 : false
2026-04-26 19:36:45,905 [INFO] ADCParametersView:116 -                Rank 1 : false
2026-04-26 19:36:45,976 [INFO] ADCParametersView:116 -                Rank 1 : false
2026-04-26 19:36:45,977 [INFO] ADCParametersView:116 -                Rank 1 : false
2026-04-26 19:36:45,977 [INFO] ADCParametersView:116 -                Rank 1 : false
2026-04-26 19:36:45,978 [INFO] ADCParametersView:116 -                Rank 1 : false
2026-04-26 19:36:45,978 [INFO] ADCParametersView:116 -                Rank 1 : false
2026-04-26 19:36:45,978 [INFO] ADCParametersView:116 -                Rank 1 : false
2026-04-26 19:36:45,978 [INFO] ADCParametersView:116 -                Rank 1 : false
2026-04-26 19:36:45,978 [INFO] ADCParametersView:116 -                Rank 1 : false
2026-04-26 19:36:45,978 [INFO] ADCParametersView:116 -                Rank 1 : false
2026-04-26 19:36:45,978 [INFO] ADCParametersView:116 -                Rank 1 : false
2026-04-26 19:36:45,985 [INFO] ADCParametersView:116 -                Rank 1 : false
2026-04-26 19:36:46,007 [INFO] ADCParametersView:116 -                Rank 1 : false
2026-04-26 19:36:46,007 [INFO] ADCParametersView:116 -                Rank 1 : false
2026-04-26 19:36:46,007 [INFO] ADCParametersView:116 -                Rank 1 : false
2026-04-26 19:36:46,008 [INFO] ADCParametersView:116 -                Rank 1 : false
2026-04-26 19:36:46,008 [INFO] ADCParametersView:116 -                Rank 1 : false
2026-04-26 19:36:46,008 [INFO] ADCParametersView:116 -                Rank 1 : false
2026-04-26 19:36:46,008 [INFO] ADCParametersView:116 -                Rank 1 : false
2026-04-26 19:36:46,008 [INFO] ADCParametersView:116 -                Rank 1 : false
2026-04-26 19:36:46,008 [INFO] ADCParametersView:116 -                Rank 1 : false
2026-04-26 19:36:46,008 [INFO] ADCParametersView:116 -                Rank 1 : false
2026-04-26 19:36:46,014 [INFO] ADCParametersView:116 -                Rank 1 : false
2026-04-26 19:37:02,973 [INFO] ADCParametersView:116 -                Rank 1 : false
2026-04-26 19:37:02,975 [INFO] ADCParametersView:116 -                Rank 1 : false
2026-04-26 19:37:02,975 [INFO] ADCParametersView:116 -                Rank 1 : false
2026-04-26 19:37:02,975 [INFO] ADCParametersView:116 -                Rank 1 : false
2026-04-26 19:37:02,975 [INFO] ADCParametersView:116 -                Rank 1 : false
2026-04-26 19:37:02,975 [INFO] ADCParametersView:116 -                Rank 1 : false
2026-04-26 19:37:02,975 [INFO] ADCParametersView:116 -                Rank 1 : false
2026-04-26 19:37:02,975 [INFO] ADCParametersView:116 -                Rank 1 : false
2026-04-26 19:37:02,975 [INFO] ADCParametersView:116 -                Rank 1 : false
2026-04-26 19:37:02,975 [INFO] ADCParametersView:116 -                Rank 1 : false
2026-04-26 19:37:02,980 [INFO] ADCParametersView:116 -                Rank 1 : false
2026-04-26 19:37:02,999 [INFO] ADCParametersView:116 -                Rank 1 : false
2026-04-26 19:37:02,999 [INFO] ADCParametersView:116 -                Rank 1 : false
2026-04-26 19:37:02,999 [INFO] ADCParametersView:116 -                Rank 1 : false
2026-04-26 19:37:02,999 [INFO] ADCParametersView:116 -                Rank 1 : false
2026-04-26 19:37:02,999 [INFO] ADCParametersView:116 -                Rank 1 : false
2026-04-26 19:37:02,999 [INFO] ADCParametersView:116 -                Rank 1 : false
2026-04-26 19:37:02,999 [INFO] ADCParametersView:116 -                Rank 1 : false
2026-04-26 19:37:02,999 [INFO] ADCParametersView:116 -                Rank 1 : false
2026-04-26 19:37:02,999 [INFO] ADCParametersView:116 -                Rank 1 : false
2026-04-26 19:37:02,999 [INFO] ADCParametersView:116 -                Rank 1 : false
2026-04-26 19:37:03,006 [INFO] ADCParametersView:116 -                Rank 1 : false
2026-04-26 19:40:15,666 [INFO] ADCParametersView:116 -                Rank 1 : false
2026-04-26 19:40:15,667 [INFO] ADCParametersView:116 -                Rank 1 : false
2026-04-26 19:40:15,667 [INFO] ADCParametersView:116 -                Rank 1 : false
2026-04-26 19:40:15,667 [INFO] ADCParametersView:116 -                Rank 1 : false
2026-04-26 19:40:15,667 [INFO] ADCParametersView:116 -                Rank 1 : false
2026-04-26 19:40:15,668 [INFO] ADCParametersView:116 -                Rank 1 : false
2026-04-26 19:40:15,668 [INFO] ADCParametersView:116 -                Rank 1 : false
2026-04-26 19:40:15,668 [INFO] ADCParametersView:116 -                Rank 1 : false
2026-04-26 19:40:15,668 [INFO] ADCParametersView:116 -                Rank 1 : false
2026-04-26 19:40:15,668 [INFO] ADCParametersView:116 -                Rank 1 : false
2026-04-26 19:40:15,680 [INFO] ADCParametersView:116 -                Rank 1 : false
2026-04-26 19:40:15,708 [INFO] ADCParametersView:116 -                Rank 1 : false
2026-04-26 19:40:15,708 [INFO] ADCParametersView:116 -                Rank 1 : false
2026-04-26 19:40:15,708 [INFO] ADCParametersView:116 -                Rank 1 : false
2026-04-26 19:40:15,708 [INFO] ADCParametersView:116 -                Rank 1 : false
2026-04-26 19:40:15,708 [INFO] ADCParametersView:116 -                Rank 1 : false
2026-04-26 19:40:15,709 [INFO] ADCParametersView:116 -                Rank 1 : false
2026-04-26 19:40:15,709 [INFO] ADCParametersView:116 -                Rank 1 : false
2026-04-26 19:40:15,709 [INFO] ADCParametersView:116 -                Rank 1 : false
2026-04-26 19:40:15,709 [INFO] ADCParametersView:116 -                Rank 1 : false
2026-04-26 19:40:15,709 [INFO] ADCParametersView:116 -                Rank 1 : false
2026-04-26 19:40:15,715 [INFO] ADCParametersView:116 -                Rank 1 : false
2026-04-26 19:40:26,529 [INFO] NvicIntPanel:101 - NVIC parent = com.st.microxplorer.plugins.ip.nvic.MultiNvicIntPanel[,0,0,0x0,invalid,layout=javax.swing.BoxLayout,alignmentX=0.0,alignmentY=0.0,border=,flags=9,maximumSize=,minimumSize=,preferredSize=]
2026-04-26 19:40:34,815 [INFO] NvicIntPanel:101 - NVIC parent = com.st.microxplorer.plugins.ip.nvic.MultiNvicIntPanel[,0,0,0x0,invalid,layout=javax.swing.BoxLayout,alignmentX=0.0,alignmentY=0.0,border=,flags=9,maximumSize=,minimumSize=,preferredSize=]
2026-04-26 19:40:38,940 [INFO] ADCParametersView:116 -                Rank 1 : false
2026-04-26 19:40:38,940 [INFO] ADCParametersView:116 -                Rank 1 : false
2026-04-26 19:40:38,940 [INFO] ADCParametersView:116 -                Rank 1 : false
2026-04-26 19:40:38,940 [INFO] ADCParametersView:116 -                Rank 1 : false
2026-04-26 19:40:38,940 [INFO] ADCParametersView:116 -                Rank 1 : false
2026-04-26 19:40:38,940 [INFO] ADCParametersView:116 -                Rank 1 : false
2026-04-26 19:40:38,941 [INFO] ADCParametersView:116 -                Rank 1 : false
2026-04-26 19:40:38,941 [INFO] ADCParametersView:116 -                Rank 1 : false
2026-04-26 19:40:38,941 [INFO] ADCParametersView:116 -                Rank 1 : false
2026-04-26 19:40:38,941 [INFO] ADCParametersView:116 -                Rank 1 : false
2026-04-26 19:40:38,947 [INFO] ADCParametersView:116 -                Rank 1 : false
2026-04-26 19:40:38,950 [INFO] ADCParametersView:116 -                Rank 1 : false
2026-04-26 19:40:38,951 [INFO] ADCParametersView:116 -                Rank 1 : false
2026-04-26 19:40:38,951 [INFO] ADCParametersView:116 -                Rank 1 : false
2026-04-26 19:40:38,951 [INFO] ADCParametersView:116 -                Rank 1 : false
2026-04-26 19:40:38,951 [INFO] ADCParametersView:116 -                Rank 1 : false
2026-04-26 19:40:38,951 [INFO] ADCParametersView:116 -                Rank 1 : false
2026-04-26 19:40:38,951 [INFO] ADCParametersView:116 -                Rank 1 : false
2026-04-26 19:40:38,951 [INFO] ADCParametersView:116 -                Rank 1 : false
2026-04-26 19:40:38,952 [INFO] ADCParametersView:116 -                Rank 1 : false
2026-04-26 19:40:38,952 [INFO] ADCParametersView:116 -                Rank 1 : false
2026-04-26 19:40:38,956 [INFO] ADCParametersView:116 -                Rank 1 : false
2026-04-26 19:40:38,958 [INFO] ADCParametersView:116 -                Rank 1 : false
2026-04-26 19:40:38,958 [INFO] ADCParametersView:116 -                Rank 1 : false
2026-04-26 19:40:38,958 [INFO] ADCParametersView:116 -                Rank 1 : false
2026-04-26 19:40:38,958 [INFO] ADCParametersView:116 -                Rank 1 : false
2026-04-26 19:40:38,958 [INFO] ADCParametersView:116 -                Rank 1 : false
2026-04-26 19:40:38,958 [INFO] ADCParametersView:116 -                Rank 1 : false
2026-04-26 19:40:38,958 [INFO] ADCParametersView:116 -                Rank 1 : false
2026-04-26 19:40:38,958 [INFO] ADCParametersView:116 -                Rank 1 : false
2026-04-26 19:40:38,958 [INFO] ADCParametersView:116 -                Rank 1 : false
2026-04-26 19:40:38,958 [INFO] ADCParametersView:116 -                Rank 1 : false
2026-04-26 19:40:38,964 [INFO] ADCParametersView:116 -                Rank 1 : false
2026-04-26 19:40:51,091 [INFO] NvicIntPanel:101 - NVIC parent = com.st.microxplorer.plugins.ip.nvic.MultiNvicIntPanel[,0,0,0x0,invalid,layout=javax.swing.BoxLayout,alignmentX=0.0,alignmentY=0.0,border=,flags=9,maximumSize=,minimumSize=,preferredSize=]
2026-04-26 19:40:51,150 [INFO] ADCParametersView:116 -                Rank 1 : false
2026-04-26 19:40:51,155 [INFO] ADCParametersView:116 -                Rank 1 : false
2026-04-26 19:40:51,155 [INFO] ADCParametersView:116 -                Rank 1 : false
2026-04-26 19:40:51,155 [INFO] ADCParametersView:116 -                Rank 1 : false
2026-04-26 19:40:51,155 [INFO] ADCParametersView:116 -                Rank 1 : false
2026-04-26 19:40:51,155 [INFO] ADCParametersView:116 -                Rank 1 : false
2026-04-26 19:40:51,155 [INFO] ADCParametersView:116 -                Rank 1 : false
2026-04-26 19:40:51,156 [INFO] ADCParametersView:116 -                Rank 1 : false
2026-04-26 19:40:51,156 [INFO] ADCParametersView:116 -                Rank 1 : false
2026-04-26 19:40:51,156 [INFO] ADCParametersView:116 -                Rank 1 : false
2026-04-26 19:40:51,165 [INFO] ADCParametersView:116 -                Rank 1 : false
2026-04-26 19:40:57,016 [INFO] SpinnerEditorADC:65 - is string kkkk
2026-04-26 19:41:02,620 [INFO] NvicIntPanel:101 - NVIC parent = com.st.microxplorer.plugins.ip.nvic.MultiNvicIntPanel[,0,0,0x0,invalid,layout=javax.swing.BoxLayout,alignmentX=0.0,alignmentY=0.0,border=,flags=9,maximumSize=,minimumSize=,preferredSize=]
2026-04-26 19:41:02,728 [INFO] NvicIntPanel:101 - NVIC parent = com.st.microxplorer.plugins.ip.nvic.MultiNvicIntPanel[,0,0,0x0,invalid,layout=javax.swing.BoxLayout,alignmentX=0.0,alignmentY=0.0,border=,flags=9,maximumSize=,minimumSize=,preferredSize=]
2026-04-26 19:41:02,821 [INFO] NvicIntPanel:101 - NVIC parent = com.st.microxplorer.plugins.ip.nvic.MultiNvicIntPanel[,0,0,0x0,invalid,layout=javax.swing.BoxLayout,alignmentX=0.0,alignmentY=0.0,border=,flags=9,maximumSize=,minimumSize=,preferredSize=]
2026-04-26 19:41:02,922 [INFO] NvicIntPanel:101 - NVIC parent = com.st.microxplorer.plugins.ip.nvic.MultiNvicIntPanel[,0,0,0x0,invalid,layout=javax.swing.BoxLayout,alignmentX=0.0,alignmentY=0.0,border=,flags=9,maximumSize=,minimumSize=,preferredSize=]
2026-04-26 19:41:02,998 [INFO] NvicIntPanel:101 - NVIC parent = com.st.microxplorer.plugins.ip.nvic.MultiNvicIntPanel[,0,0,0x0,invalid,layout=javax.swing.BoxLayout,alignmentX=0.0,alignmentY=0.0,border=,flags=9,maximumSize=,minimumSize=,preferredSize=]
2026-04-26 19:41:03,075 [INFO] NvicIntPanel:101 - NVIC parent = com.st.microxplorer.plugins.ip.nvic.MultiNvicIntPanel[,0,0,0x0,invalid,layout=javax.swing.BoxLayout,alignmentX=0.0,alignmentY=0.0,border=,flags=9,maximumSize=,minimumSize=,preferredSize=]
2026-04-26 19:41:03,153 [INFO] NvicIntPanel:101 - NVIC parent = com.st.microxplorer.plugins.ip.nvic.MultiNvicIntPanel[,0,0,0x0,invalid,layout=javax.swing.BoxLayout,alignmentX=0.0,alignmentY=0.0,border=,flags=9,maximumSize=,minimumSize=,preferredSize=]
2026-04-26 19:41:03,228 [INFO] NvicIntPanel:101 - NVIC parent = com.st.microxplorer.plugins.ip.nvic.MultiNvicIntPanel[,0,0,0x0,invalid,layout=javax.swing.BoxLayout,alignmentX=0.0,alignmentY=0.0,border=,flags=9,maximumSize=,minimumSize=,preferredSize=]
2026-04-26 19:41:03,296 [INFO] NvicIntPanel:101 - NVIC parent = com.st.microxplorer.plugins.ip.nvic.MultiNvicIntPanel[,0,0,0x0,invalid,layout=javax.swing.BoxLayout,alignmentX=0.0,alignmentY=0.0,border=,flags=9,maximumSize=,minimumSize=,preferredSize=]
2026-04-26 19:41:03,373 [INFO] NvicIntPanel:101 - NVIC parent = com.st.microxplorer.plugins.ip.nvic.MultiNvicIntPanel[,0,0,0x0,invalid,layout=javax.swing.BoxLayout,alignmentX=0.0,alignmentY=0.0,border=,flags=9,maximumSize=,minimumSize=,preferredSize=]
2026-04-26 19:41:03,403 [INFO] ADCParametersView:116 -                Rank 1 : false
2026-04-26 19:41:03,407 [INFO] ADCParametersView:116 -                Rank 1 : false
2026-04-26 19:41:03,408 [INFO] ADCParametersView:116 -                Rank 1 : false
2026-04-26 19:41:03,408 [INFO] ADCParametersView:116 -                Rank 1 : false
2026-04-26 19:41:03,408 [INFO] ADCParametersView:116 -                Rank 1 : false
2026-04-26 19:41:03,408 [INFO] ADCParametersView:116 -                Rank 1 : false
2026-04-26 19:41:03,408 [INFO] ADCParametersView:116 -                Rank 1 : false
2026-04-26 19:41:03,408 [INFO] ADCParametersView:116 -                Rank 1 : false
2026-04-26 19:41:03,408 [INFO] ADCParametersView:116 -                Rank 1 : false
2026-04-26 19:41:03,409 [INFO] ADCParametersView:116 -                Rank 1 : false
2026-04-26 19:41:03,415 [INFO] ADCParametersView:116 -                Rank 1 : false
2026-04-26 19:41:03,416 [INFO] ADCParametersView:116 -                Rank 1 : false
2026-04-26 19:41:03,416 [INFO] ADCParametersView:116 -        *      Rank 2 : false
2026-04-26 19:41:03,416 [INFO] ADCParametersView:116 -                Rank 1 : false
2026-04-26 19:41:03,416 [INFO] ADCParametersView:116 -        *      Rank 2 : false
2026-04-26 19:41:03,416 [INFO] ADCParametersView:116 -        *      Rank 3 : false
2026-04-26 19:41:03,418 [INFO] ADCParametersView:116 -                Rank 1 : false
2026-04-26 19:41:03,418 [INFO] ADCParametersView:116 -        *      Rank 2 : false
2026-04-26 19:41:03,418 [INFO] ADCParametersView:116 -        *      Rank 3 : false
2026-04-26 19:41:03,418 [INFO] ADCParametersView:116 -        *      Rank 4 : false
2026-04-26 19:41:03,454 [INFO] ADCParametersView:116 -                Rank 1 : true
2026-04-26 19:41:03,455 [INFO] ADCParametersView:116 -        *      Rank 2 : false
2026-04-26 19:41:03,455 [INFO] ADCParametersView:116 -        *      Rank 3 : false
2026-04-26 19:41:03,455 [INFO] ADCParametersView:116 -        *      Rank 4 : false
2026-04-26 19:41:08,193 [INFO] NvicIntPanel:101 - NVIC parent = com.st.microxplorer.plugins.ip.nvic.MultiNvicIntPanel[,0,0,0x0,invalid,layout=javax.swing.BoxLayout,alignmentX=0.0,alignmentY=0.0,border=,flags=9,maximumSize=,minimumSize=,preferredSize=]
2026-04-26 19:41:08,231 [INFO] ADCParametersView:116 -                Rank 1 : true
2026-04-26 19:41:08,231 [INFO] ADCParametersView:116 -        *      Rank 2 : false
2026-04-26 19:41:08,231 [INFO] ADCParametersView:116 -        *      Rank 3 : false
2026-04-26 19:41:08,231 [INFO] ADCParametersView:116 -        *      Rank 4 : false
2026-04-26 19:41:08,234 [INFO] ADCParametersView:116 -                Rank 1 : true
2026-04-26 19:41:08,235 [INFO] ADCParametersView:116 -        *      Rank 2 : false
2026-04-26 19:41:08,235 [INFO] ADCParametersView:116 -        *      Rank 3 : false
2026-04-26 19:41:08,235 [INFO] ADCParametersView:116 -        *      Rank 4 : false
2026-04-26 19:41:08,235 [INFO] ADCParametersView:116 -                Rank 1 : true
2026-04-26 19:41:08,235 [INFO] ADCParametersView:116 -        *      Rank 2 : false
2026-04-26 19:41:08,235 [INFO] ADCParametersView:116 -        *      Rank 3 : false
2026-04-26 19:41:08,235 [INFO] ADCParametersView:116 -        *      Rank 4 : false
2026-04-26 19:41:08,235 [INFO] ADCParametersView:116 -                Rank 1 : true
2026-04-26 19:41:08,235 [INFO] ADCParametersView:116 -        *      Rank 2 : false
2026-04-26 19:41:08,235 [INFO] ADCParametersView:116 -        *      Rank 3 : false
2026-04-26 19:41:08,236 [INFO] ADCParametersView:116 -        *      Rank 4 : false
2026-04-26 19:41:08,236 [INFO] ADCParametersView:116 -                Rank 1 : true
2026-04-26 19:41:08,236 [INFO] ADCParametersView:116 -        *      Rank 2 : false
2026-04-26 19:41:08,236 [INFO] ADCParametersView:116 -        *      Rank 3 : false
2026-04-26 19:41:08,236 [INFO] ADCParametersView:116 -        *      Rank 4 : false
2026-04-26 19:41:08,236 [INFO] ADCParametersView:116 -                Rank 1 : true
2026-04-26 19:41:08,236 [INFO] ADCParametersView:116 -        *      Rank 2 : false
2026-04-26 19:41:08,236 [INFO] ADCParametersView:116 -        *      Rank 3 : false
2026-04-26 19:41:08,237 [INFO] ADCParametersView:116 -        *      Rank 4 : false
2026-04-26 19:41:08,237 [INFO] ADCParametersView:116 -                Rank 1 : true
2026-04-26 19:41:08,237 [INFO] ADCParametersView:116 -        *      Rank 2 : false
2026-04-26 19:41:08,237 [INFO] ADCParametersView:116 -        *      Rank 3 : false
2026-04-26 19:41:08,237 [INFO] ADCParametersView:116 -        *      Rank 4 : false
2026-04-26 19:41:08,237 [INFO] ADCParametersView:116 -                Rank 1 : true
2026-04-26 19:41:08,238 [INFO] ADCParametersView:116 -        *      Rank 2 : false
2026-04-26 19:41:08,238 [INFO] ADCParametersView:116 -        *      Rank 3 : false
2026-04-26 19:41:08,238 [INFO] ADCParametersView:116 -        *      Rank 4 : false
2026-04-26 19:41:08,238 [INFO] ADCParametersView:116 -                Rank 1 : true
2026-04-26 19:41:08,238 [INFO] ADCParametersView:116 -        *      Rank 2 : false
2026-04-26 19:41:08,238 [INFO] ADCParametersView:116 -        *      Rank 3 : false
2026-04-26 19:41:08,240 [INFO] ADCParametersView:116 -        *      Rank 4 : false
2026-04-26 19:41:08,240 [INFO] ADCParametersView:116 -                Rank 1 : true
2026-04-26 19:41:08,240 [INFO] ADCParametersView:116 -        *      Rank 2 : false
2026-04-26 19:41:08,240 [INFO] ADCParametersView:116 -        *      Rank 3 : false
2026-04-26 19:41:08,240 [INFO] ADCParametersView:116 -        *      Rank 4 : false
2026-04-26 19:41:08,240 [INFO] ADCParametersView:116 -        *      Rank 2 : false
2026-04-26 19:41:08,240 [INFO] ADCParametersView:116 -        *      Rank 3 : false
2026-04-26 19:41:08,240 [INFO] ADCParametersView:116 -        *      Rank 4 : false
2026-04-26 19:41:08,240 [INFO] ADCParametersView:116 -        *      Rank 3 : false
2026-04-26 19:41:08,240 [INFO] ADCParametersView:116 -        *      Rank 4 : false
2026-04-26 19:41:08,240 [INFO] ADCParametersView:116 -        *      Rank 4 : false
2026-04-26 19:41:08,246 [INFO] ADCParametersView:116 -                Rank 1 : true
2026-04-26 19:41:08,246 [INFO] ADCParametersView:116 -                Rank 1 : true
2026-04-26 19:41:08,247 [INFO] ADCParametersView:116 -                Rank 2 : false
2026-04-26 19:41:08,247 [INFO] ADCParametersView:116 -                Rank 1 : true
2026-04-26 19:41:08,247 [INFO] ADCParametersView:116 -                Rank 2 : false
2026-04-26 19:41:08,247 [INFO] ADCParametersView:116 -                Rank 3 : false
2026-04-26 19:41:08,247 [INFO] ADCParametersView:116 -                Rank 1 : true
2026-04-26 19:41:08,247 [INFO] ADCParametersView:116 -                Rank 2 : false
2026-04-26 19:41:08,247 [INFO] ADCParametersView:116 -                Rank 3 : false
2026-04-26 19:41:08,247 [INFO] ADCParametersView:116 -                Rank 4 : false
2026-04-26 19:41:09,871 [INFO] ADCParametersView:116 -                Rank 1 : true
2026-04-26 19:41:09,872 [INFO] ADCParametersView:116 -                Rank 2 : true
2026-04-26 19:41:09,872 [INFO] ADCParametersView:116 -                Rank 3 : false
2026-04-26 19:41:09,872 [INFO] ADCParametersView:116 -                Rank 4 : false
2026-04-26 19:41:12,849 [INFO] NvicIntPanel:101 - NVIC parent = com.st.microxplorer.plugins.ip.nvic.MultiNvicIntPanel[,0,0,0x0,invalid,layout=javax.swing.BoxLayout,alignmentX=0.0,alignmentY=0.0,border=,flags=9,maximumSize=,minimumSize=,preferredSize=]
2026-04-26 19:41:12,887 [INFO] ADCParametersView:116 -                Rank 1 : true
2026-04-26 19:41:12,887 [INFO] ADCParametersView:116 -                Rank 2 : true
2026-04-26 19:41:12,887 [INFO] ADCParametersView:116 -                Rank 3 : false
2026-04-26 19:41:12,887 [INFO] ADCParametersView:116 -                Rank 4 : false
2026-04-26 19:41:12,890 [INFO] ADCParametersView:116 -                Rank 1 : true
2026-04-26 19:41:12,890 [INFO] ADCParametersView:116 -                Rank 2 : true
2026-04-26 19:41:12,890 [INFO] ADCParametersView:116 -                Rank 3 : false
2026-04-26 19:41:12,890 [INFO] ADCParametersView:116 -                Rank 4 : false
2026-04-26 19:41:12,891 [INFO] ADCParametersView:116 -                Rank 1 : true
2026-04-26 19:41:12,891 [INFO] ADCParametersView:116 -                Rank 2 : true
2026-04-26 19:41:12,891 [INFO] ADCParametersView:116 -                Rank 3 : false
2026-04-26 19:41:12,891 [INFO] ADCParametersView:116 -                Rank 4 : false
2026-04-26 19:41:12,891 [INFO] ADCParametersView:116 -                Rank 1 : true
2026-04-26 19:41:12,891 [INFO] ADCParametersView:116 -                Rank 2 : true
2026-04-26 19:41:12,891 [INFO] ADCParametersView:116 -                Rank 3 : false
2026-04-26 19:41:12,891 [INFO] ADCParametersView:116 -                Rank 4 : false
2026-04-26 19:41:12,891 [INFO] ADCParametersView:116 -                Rank 1 : true
2026-04-26 19:41:12,891 [INFO] ADCParametersView:116 -                Rank 2 : true
2026-04-26 19:41:12,891 [INFO] ADCParametersView:116 -                Rank 3 : false
2026-04-26 19:41:12,891 [INFO] ADCParametersView:116 -                Rank 4 : false
2026-04-26 19:41:12,891 [INFO] ADCParametersView:116 -                Rank 1 : true
2026-04-26 19:41:12,891 [INFO] ADCParametersView:116 -                Rank 2 : true
2026-04-26 19:41:12,892 [INFO] ADCParametersView:116 -                Rank 3 : false
2026-04-26 19:41:12,892 [INFO] ADCParametersView:116 -                Rank 4 : false
2026-04-26 19:41:12,892 [INFO] ADCParametersView:116 -                Rank 1 : true
2026-04-26 19:41:12,892 [INFO] ADCParametersView:116 -                Rank 2 : true
2026-04-26 19:41:12,892 [INFO] ADCParametersView:116 -                Rank 3 : false
2026-04-26 19:41:12,892 [INFO] ADCParametersView:116 -                Rank 4 : false
2026-04-26 19:41:12,892 [INFO] ADCParametersView:116 -                Rank 1 : true
2026-04-26 19:41:12,892 [INFO] ADCParametersView:116 -                Rank 2 : true
2026-04-26 19:41:12,892 [INFO] ADCParametersView:116 -                Rank 3 : false
2026-04-26 19:41:12,892 [INFO] ADCParametersView:116 -                Rank 4 : false
2026-04-26 19:41:12,892 [INFO] ADCParametersView:116 -                Rank 1 : true
2026-04-26 19:41:12,892 [INFO] ADCParametersView:116 -                Rank 2 : true
2026-04-26 19:41:12,892 [INFO] ADCParametersView:116 -                Rank 3 : false
2026-04-26 19:41:12,892 [INFO] ADCParametersView:116 -                Rank 4 : false
2026-04-26 19:41:12,892 [INFO] ADCParametersView:116 -                Rank 1 : true
2026-04-26 19:41:12,893 [INFO] ADCParametersView:116 -                Rank 2 : true
2026-04-26 19:41:12,893 [INFO] ADCParametersView:116 -                Rank 3 : false
2026-04-26 19:41:12,893 [INFO] ADCParametersView:116 -                Rank 4 : false
2026-04-26 19:41:12,893 [INFO] ADCParametersView:116 -                Rank 2 : true
2026-04-26 19:41:12,893 [INFO] ADCParametersView:116 -                Rank 3 : false
2026-04-26 19:41:12,893 [INFO] ADCParametersView:116 -                Rank 4 : false
2026-04-26 19:41:12,893 [INFO] ADCParametersView:116 -                Rank 3 : false
2026-04-26 19:41:12,893 [INFO] ADCParametersView:116 -                Rank 4 : false
2026-04-26 19:41:12,893 [INFO] ADCParametersView:116 -                Rank 4 : false
2026-04-26 19:41:12,900 [INFO] ADCParametersView:116 -                Rank 1 : true
2026-04-26 19:41:12,901 [INFO] ADCParametersView:116 -                Rank 1 : true
2026-04-26 19:41:12,901 [INFO] ADCParametersView:116 -                Rank 2 : true
2026-04-26 19:41:12,901 [INFO] ADCParametersView:116 -                Rank 1 : true
2026-04-26 19:41:12,901 [INFO] ADCParametersView:116 -                Rank 2 : true
2026-04-26 19:41:12,901 [INFO] ADCParametersView:116 -                Rank 3 : false
2026-04-26 19:41:12,901 [INFO] ADCParametersView:116 -                Rank 1 : true
2026-04-26 19:41:12,901 [INFO] ADCParametersView:116 -                Rank 2 : true
2026-04-26 19:41:12,902 [INFO] ADCParametersView:116 -                Rank 3 : false
2026-04-26 19:41:12,902 [INFO] ADCParametersView:116 -                Rank 4 : false
2026-04-26 19:41:15,942 [INFO] NvicIntPanel:101 - NVIC parent = com.st.microxplorer.plugins.ip.nvic.MultiNvicIntPanel[,0,0,0x0,invalid,layout=javax.swing.BoxLayout,alignmentX=0.0,alignmentY=0.0,border=,flags=9,maximumSize=,minimumSize=,preferredSize=]
2026-04-26 19:41:15,985 [INFO] ADCParametersView:116 -                Rank 1 : true
2026-04-26 19:41:15,986 [INFO] ADCParametersView:116 -                Rank 2 : true
2026-04-26 19:41:15,986 [INFO] ADCParametersView:116 -                Rank 3 : false
2026-04-26 19:41:15,986 [INFO] ADCParametersView:116 -                Rank 4 : false
2026-04-26 19:41:15,991 [INFO] ADCParametersView:116 -                Rank 1 : true
2026-04-26 19:41:15,991 [INFO] ADCParametersView:116 -                Rank 2 : true
2026-04-26 19:41:15,991 [INFO] ADCParametersView:116 -                Rank 3 : false
2026-04-26 19:41:15,991 [INFO] ADCParametersView:116 -                Rank 4 : false
2026-04-26 19:41:15,992 [INFO] ADCParametersView:116 -                Rank 1 : true
2026-04-26 19:41:15,992 [INFO] ADCParametersView:116 -                Rank 2 : true
2026-04-26 19:41:15,992 [INFO] ADCParametersView:116 -                Rank 3 : false
2026-04-26 19:41:15,992 [INFO] ADCParametersView:116 -                Rank 4 : false
2026-04-26 19:41:15,992 [INFO] ADCParametersView:116 -                Rank 1 : true
2026-04-26 19:41:15,992 [INFO] ADCParametersView:116 -                Rank 2 : true
2026-04-26 19:41:15,992 [INFO] ADCParametersView:116 -                Rank 3 : false
2026-04-26 19:41:15,992 [INFO] ADCParametersView:116 -                Rank 4 : false
2026-04-26 19:41:15,992 [INFO] ADCParametersView:116 -                Rank 1 : true
2026-04-26 19:41:15,992 [INFO] ADCParametersView:116 -                Rank 2 : true
2026-04-26 19:41:15,992 [INFO] ADCParametersView:116 -                Rank 3 : false
2026-04-26 19:41:15,992 [INFO] ADCParametersView:116 -                Rank 4 : false
2026-04-26 19:41:15,992 [INFO] ADCParametersView:116 -                Rank 1 : true
2026-04-26 19:41:15,992 [INFO] ADCParametersView:116 -                Rank 2 : true
2026-04-26 19:41:15,992 [INFO] ADCParametersView:116 -                Rank 3 : false
2026-04-26 19:41:15,992 [INFO] ADCParametersView:116 -                Rank 4 : false
2026-04-26 19:41:15,992 [INFO] ADCParametersView:116 -                Rank 1 : true
2026-04-26 19:41:15,992 [INFO] ADCParametersView:116 -                Rank 2 : true
2026-04-26 19:41:15,993 [INFO] ADCParametersView:116 -                Rank 3 : false
2026-04-26 19:41:15,993 [INFO] ADCParametersView:116 -                Rank 4 : false
2026-04-26 19:41:15,993 [INFO] ADCParametersView:116 -                Rank 1 : true
2026-04-26 19:41:15,993 [INFO] ADCParametersView:116 -                Rank 2 : true
2026-04-26 19:41:15,993 [INFO] ADCParametersView:116 -                Rank 3 : false
2026-04-26 19:41:15,993 [INFO] ADCParametersView:116 -                Rank 4 : false
2026-04-26 19:41:15,993 [INFO] ADCParametersView:116 -                Rank 1 : true
2026-04-26 19:41:15,993 [INFO] ADCParametersView:116 -                Rank 2 : true
2026-04-26 19:41:15,993 [INFO] ADCParametersView:116 -                Rank 3 : false
2026-04-26 19:41:15,993 [INFO] ADCParametersView:116 -                Rank 4 : false
2026-04-26 19:41:15,993 [INFO] ADCParametersView:116 -                Rank 1 : true
2026-04-26 19:41:15,993 [INFO] ADCParametersView:116 -                Rank 2 : true
2026-04-26 19:41:15,993 [INFO] ADCParametersView:116 -                Rank 3 : false
2026-04-26 19:41:15,993 [INFO] ADCParametersView:116 -                Rank 4 : false
2026-04-26 19:41:15,994 [INFO] ADCParametersView:116 -                Rank 2 : true
2026-04-26 19:41:15,994 [INFO] ADCParametersView:116 -                Rank 3 : false
2026-04-26 19:41:15,994 [INFO] ADCParametersView:116 -                Rank 4 : false
2026-04-26 19:41:15,994 [INFO] ADCParametersView:116 -                Rank 3 : false
2026-04-26 19:41:15,994 [INFO] ADCParametersView:116 -                Rank 4 : false
2026-04-26 19:41:15,994 [INFO] ADCParametersView:116 -                Rank 4 : false
2026-04-26 19:41:15,999 [INFO] ADCParametersView:116 -                Rank 1 : true
2026-04-26 19:41:15,999 [INFO] ADCParametersView:116 -                Rank 1 : true
2026-04-26 19:41:15,999 [INFO] ADCParametersView:116 -                Rank 2 : true
2026-04-26 19:41:15,999 [INFO] ADCParametersView:116 -                Rank 1 : true
2026-04-26 19:41:15,999 [INFO] ADCParametersView:116 -                Rank 2 : true
2026-04-26 19:41:15,999 [INFO] ADCParametersView:116 -                Rank 3 : false
2026-04-26 19:41:15,999 [INFO] ADCParametersView:116 -                Rank 1 : true
2026-04-26 19:41:16,000 [INFO] ADCParametersView:116 -                Rank 2 : true
2026-04-26 19:41:16,000 [INFO] ADCParametersView:116 -                Rank 3 : false
2026-04-26 19:41:16,000 [INFO] ADCParametersView:116 -                Rank 4 : false
2026-04-26 19:41:18,082 [INFO] ADCParametersView:116 -                Rank 1 : true
2026-04-26 19:41:18,083 [INFO] ADCParametersView:116 -                Rank 2 : true
2026-04-26 19:41:18,083 [INFO] ADCParametersView:116 -                Rank 3 : true
2026-04-26 19:41:18,083 [INFO] ADCParametersView:116 -                Rank 4 : false
2026-04-26 19:41:21,357 [INFO] NvicIntPanel:101 - NVIC parent = com.st.microxplorer.plugins.ip.nvic.MultiNvicIntPanel[,0,0,0x0,invalid,layout=javax.swing.BoxLayout,alignmentX=0.0,alignmentY=0.0,border=,flags=9,maximumSize=,minimumSize=,preferredSize=]
2026-04-26 19:41:21,389 [INFO] ADCParametersView:116 -                Rank 1 : true
2026-04-26 19:41:21,389 [INFO] ADCParametersView:116 -                Rank 2 : true
2026-04-26 19:41:21,389 [INFO] ADCParametersView:116 -                Rank 3 : true
2026-04-26 19:41:21,389 [INFO] ADCParametersView:116 -                Rank 4 : false
2026-04-26 19:41:21,391 [INFO] ADCParametersView:116 -                Rank 1 : true
2026-04-26 19:41:21,391 [INFO] ADCParametersView:116 -                Rank 2 : true
2026-04-26 19:41:21,391 [INFO] ADCParametersView:116 -                Rank 3 : true
2026-04-26 19:41:21,391 [INFO] ADCParametersView:116 -                Rank 4 : false
2026-04-26 19:41:21,391 [INFO] ADCParametersView:116 -                Rank 1 : true
2026-04-26 19:41:21,391 [INFO] ADCParametersView:116 -                Rank 2 : true
2026-04-26 19:41:21,391 [INFO] ADCParametersView:116 -                Rank 3 : true
2026-04-26 19:41:21,391 [INFO] ADCParametersView:116 -                Rank 4 : false
2026-04-26 19:41:21,391 [INFO] ADCParametersView:116 -                Rank 1 : true
2026-04-26 19:41:21,391 [INFO] ADCParametersView:116 -                Rank 2 : true
2026-04-26 19:41:21,392 [INFO] ADCParametersView:116 -                Rank 3 : true
2026-04-26 19:41:21,392 [INFO] ADCParametersView:116 -                Rank 4 : false
2026-04-26 19:41:21,392 [INFO] ADCParametersView:116 -                Rank 1 : true
2026-04-26 19:41:21,392 [INFO] ADCParametersView:116 -                Rank 2 : true
2026-04-26 19:41:21,392 [INFO] ADCParametersView:116 -                Rank 3 : true
2026-04-26 19:41:21,392 [INFO] ADCParametersView:116 -                Rank 4 : false
2026-04-26 19:41:21,392 [INFO] ADCParametersView:116 -                Rank 1 : true
2026-04-26 19:41:21,392 [INFO] ADCParametersView:116 -                Rank 2 : true
2026-04-26 19:41:21,392 [INFO] ADCParametersView:116 -                Rank 3 : true
2026-04-26 19:41:21,392 [INFO] ADCParametersView:116 -                Rank 4 : false
2026-04-26 19:41:21,392 [INFO] ADCParametersView:116 -                Rank 1 : true
2026-04-26 19:41:21,392 [INFO] ADCParametersView:116 -                Rank 2 : true
2026-04-26 19:41:21,392 [INFO] ADCParametersView:116 -                Rank 3 : true
2026-04-26 19:41:21,392 [INFO] ADCParametersView:116 -                Rank 4 : false
2026-04-26 19:41:21,392 [INFO] ADCParametersView:116 -                Rank 1 : true
2026-04-26 19:41:21,392 [INFO] ADCParametersView:116 -                Rank 2 : true
2026-04-26 19:41:21,392 [INFO] ADCParametersView:116 -                Rank 3 : true
2026-04-26 19:41:21,392 [INFO] ADCParametersView:116 -                Rank 4 : false
2026-04-26 19:41:21,393 [INFO] ADCParametersView:116 -                Rank 1 : true
2026-04-26 19:41:21,393 [INFO] ADCParametersView:116 -                Rank 2 : true
2026-04-26 19:41:21,393 [INFO] ADCParametersView:116 -                Rank 3 : true
2026-04-26 19:41:21,393 [INFO] ADCParametersView:116 -                Rank 4 : false
2026-04-26 19:41:21,393 [INFO] ADCParametersView:116 -                Rank 1 : true
2026-04-26 19:41:21,393 [INFO] ADCParametersView:116 -                Rank 2 : true
2026-04-26 19:41:21,393 [INFO] ADCParametersView:116 -                Rank 3 : true
2026-04-26 19:41:21,393 [INFO] ADCParametersView:116 -                Rank 4 : false
2026-04-26 19:41:21,393 [INFO] ADCParametersView:116 -                Rank 2 : true
2026-04-26 19:41:21,393 [INFO] ADCParametersView:116 -                Rank 3 : true
2026-04-26 19:41:21,393 [INFO] ADCParametersView:116 -                Rank 4 : false
2026-04-26 19:41:21,393 [INFO] ADCParametersView:116 -                Rank 3 : true
2026-04-26 19:41:21,393 [INFO] ADCParametersView:116 -                Rank 4 : false
2026-04-26 19:41:21,393 [INFO] ADCParametersView:116 -                Rank 4 : false
2026-04-26 19:41:21,401 [INFO] ADCParametersView:116 -                Rank 1 : true
2026-04-26 19:41:21,403 [INFO] ADCParametersView:116 -                Rank 1 : true
2026-04-26 19:41:21,403 [INFO] ADCParametersView:116 -                Rank 2 : true
2026-04-26 19:41:21,403 [INFO] ADCParametersView:116 -                Rank 1 : true
2026-04-26 19:41:21,403 [INFO] ADCParametersView:116 -                Rank 2 : true
2026-04-26 19:41:21,403 [INFO] ADCParametersView:116 -                Rank 3 : true
2026-04-26 19:41:21,404 [INFO] ADCParametersView:116 -                Rank 1 : true
2026-04-26 19:41:21,404 [INFO] ADCParametersView:116 -                Rank 2 : true
2026-04-26 19:41:21,404 [INFO] ADCParametersView:116 -                Rank 3 : true
2026-04-26 19:41:21,404 [INFO] ADCParametersView:116 -                Rank 4 : false
2026-04-26 19:41:24,012 [INFO] NvicIntPanel:101 - NVIC parent = com.st.microxplorer.plugins.ip.nvic.MultiNvicIntPanel[,0,0,0x0,invalid,layout=javax.swing.BoxLayout,alignmentX=0.0,alignmentY=0.0,border=,flags=9,maximumSize=,minimumSize=,preferredSize=]
2026-04-26 19:41:24,047 [INFO] ADCParametersView:116 -                Rank 1 : true
2026-04-26 19:41:24,047 [INFO] ADCParametersView:116 -                Rank 2 : true
2026-04-26 19:41:24,047 [INFO] ADCParametersView:116 -                Rank 3 : true
2026-04-26 19:41:24,047 [INFO] ADCParametersView:116 -                Rank 4 : false
2026-04-26 19:41:24,051 [INFO] ADCParametersView:116 -                Rank 1 : true
2026-04-26 19:41:24,051 [INFO] ADCParametersView:116 -                Rank 2 : true
2026-04-26 19:41:24,051 [INFO] ADCParametersView:116 -                Rank 3 : true
2026-04-26 19:41:24,051 [INFO] ADCParametersView:116 -                Rank 4 : false
2026-04-26 19:41:24,051 [INFO] ADCParametersView:116 -                Rank 1 : true
2026-04-26 19:41:24,051 [INFO] ADCParametersView:116 -                Rank 2 : true
2026-04-26 19:41:24,051 [INFO] ADCParametersView:116 -                Rank 3 : true
2026-04-26 19:41:24,051 [INFO] ADCParametersView:116 -                Rank 4 : false
2026-04-26 19:41:24,051 [INFO] ADCParametersView:116 -                Rank 1 : true
2026-04-26 19:41:24,051 [INFO] ADCParametersView:116 -                Rank 2 : true
2026-04-26 19:41:24,051 [INFO] ADCParametersView:116 -                Rank 3 : true
2026-04-26 19:41:24,051 [INFO] ADCParametersView:116 -                Rank 4 : false
2026-04-26 19:41:24,051 [INFO] ADCParametersView:116 -                Rank 1 : true
2026-04-26 19:41:24,051 [INFO] ADCParametersView:116 -                Rank 2 : true
2026-04-26 19:41:24,051 [INFO] ADCParametersView:116 -                Rank 3 : true
2026-04-26 19:41:24,052 [INFO] ADCParametersView:116 -                Rank 4 : false
2026-04-26 19:41:24,052 [INFO] ADCParametersView:116 -                Rank 1 : true
2026-04-26 19:41:24,052 [INFO] ADCParametersView:116 -                Rank 2 : true
2026-04-26 19:41:24,052 [INFO] ADCParametersView:116 -                Rank 3 : true
2026-04-26 19:41:24,052 [INFO] ADCParametersView:116 -                Rank 4 : false
2026-04-26 19:41:24,052 [INFO] ADCParametersView:116 -                Rank 1 : true
2026-04-26 19:41:24,052 [INFO] ADCParametersView:116 -                Rank 2 : true
2026-04-26 19:41:24,052 [INFO] ADCParametersView:116 -                Rank 3 : true
2026-04-26 19:41:24,052 [INFO] ADCParametersView:116 -                Rank 4 : false
2026-04-26 19:41:24,052 [INFO] ADCParametersView:116 -                Rank 1 : true
2026-04-26 19:41:24,052 [INFO] ADCParametersView:116 -                Rank 2 : true
2026-04-26 19:41:24,052 [INFO] ADCParametersView:116 -                Rank 3 : true
2026-04-26 19:41:24,052 [INFO] ADCParametersView:116 -                Rank 4 : false
2026-04-26 19:41:24,052 [INFO] ADCParametersView:116 -                Rank 1 : true
2026-04-26 19:41:24,052 [INFO] ADCParametersView:116 -                Rank 2 : true
2026-04-26 19:41:24,052 [INFO] ADCParametersView:116 -                Rank 3 : true
2026-04-26 19:41:24,052 [INFO] ADCParametersView:116 -                Rank 4 : false
2026-04-26 19:41:24,052 [INFO] ADCParametersView:116 -                Rank 1 : true
2026-04-26 19:41:24,052 [INFO] ADCParametersView:116 -                Rank 2 : true
2026-04-26 19:41:24,053 [INFO] ADCParametersView:116 -                Rank 3 : true
2026-04-26 19:41:24,053 [INFO] ADCParametersView:116 -                Rank 4 : false
2026-04-26 19:41:24,053 [INFO] ADCParametersView:116 -                Rank 2 : true
2026-04-26 19:41:24,053 [INFO] ADCParametersView:116 -                Rank 3 : true
2026-04-26 19:41:24,053 [INFO] ADCParametersView:116 -                Rank 4 : false
2026-04-26 19:41:24,053 [INFO] ADCParametersView:116 -                Rank 3 : true
2026-04-26 19:41:24,053 [INFO] ADCParametersView:116 -                Rank 4 : false
2026-04-26 19:41:24,053 [INFO] ADCParametersView:116 -                Rank 4 : false
2026-04-26 19:41:24,058 [INFO] ADCParametersView:116 -                Rank 1 : true
2026-04-26 19:41:24,059 [INFO] ADCParametersView:116 -                Rank 1 : true
2026-04-26 19:41:24,059 [INFO] ADCParametersView:116 -                Rank 2 : true
2026-04-26 19:41:24,059 [INFO] ADCParametersView:116 -                Rank 1 : true
2026-04-26 19:41:24,059 [INFO] ADCParametersView:116 -                Rank 2 : true
2026-04-26 19:41:24,059 [INFO] ADCParametersView:116 -                Rank 3 : true
2026-04-26 19:41:24,059 [INFO] ADCParametersView:116 -                Rank 1 : true
2026-04-26 19:41:24,059 [INFO] ADCParametersView:116 -                Rank 2 : true
2026-04-26 19:41:24,060 [INFO] ADCParametersView:116 -                Rank 3 : true
2026-04-26 19:41:24,060 [INFO] ADCParametersView:116 -                Rank 4 : false
2026-04-26 19:41:29,526 [INFO] ADCParametersView:116 -                Rank 1 : true
2026-04-26 19:41:29,526 [INFO] ADCParametersView:116 -                Rank 2 : true
2026-04-26 19:41:29,526 [INFO] ADCParametersView:116 -                Rank 3 : true
2026-04-26 19:41:29,526 [INFO] ADCParametersView:116 -                Rank 4 : true
2026-04-26 19:41:32,645 [INFO] NvicIntPanel:101 - NVIC parent = com.st.microxplorer.plugins.ip.nvic.MultiNvicIntPanel[,0,0,0x0,invalid,layout=javax.swing.BoxLayout,alignmentX=0.0,alignmentY=0.0,border=,flags=9,maximumSize=,minimumSize=,preferredSize=]
2026-04-26 19:41:32,689 [INFO] ADCParametersView:116 -                Rank 1 : true
2026-04-26 19:41:32,690 [INFO] ADCParametersView:116 -                Rank 2 : true
2026-04-26 19:41:32,690 [INFO] ADCParametersView:116 -                Rank 3 : true
2026-04-26 19:41:32,690 [INFO] ADCParametersView:116 -                Rank 4 : true
2026-04-26 19:41:32,693 [INFO] ADCParametersView:116 -                Rank 1 : true
2026-04-26 19:41:32,693 [INFO] ADCParametersView:116 -                Rank 2 : true
2026-04-26 19:41:32,693 [INFO] ADCParametersView:116 -                Rank 3 : true
2026-04-26 19:41:32,693 [INFO] ADCParametersView:116 -                Rank 4 : true
2026-04-26 19:41:32,693 [INFO] ADCParametersView:116 -                Rank 1 : true
2026-04-26 19:41:32,693 [INFO] ADCParametersView:116 -                Rank 2 : true
2026-04-26 19:41:32,693 [INFO] ADCParametersView:116 -                Rank 3 : true
2026-04-26 19:41:32,693 [INFO] ADCParametersView:116 -                Rank 4 : true
2026-04-26 19:41:32,694 [INFO] ADCParametersView:116 -                Rank 1 : true
2026-04-26 19:41:32,694 [INFO] ADCParametersView:116 -                Rank 2 : true
2026-04-26 19:41:32,694 [INFO] ADCParametersView:116 -                Rank 3 : true
2026-04-26 19:41:32,694 [INFO] ADCParametersView:116 -                Rank 4 : true
2026-04-26 19:41:32,694 [INFO] ADCParametersView:116 -                Rank 1 : true
2026-04-26 19:41:32,694 [INFO] ADCParametersView:116 -                Rank 2 : true
2026-04-26 19:41:32,694 [INFO] ADCParametersView:116 -                Rank 3 : true
2026-04-26 19:41:32,694 [INFO] ADCParametersView:116 -                Rank 4 : true
2026-04-26 19:41:32,694 [INFO] ADCParametersView:116 -                Rank 1 : true
2026-04-26 19:41:32,694 [INFO] ADCParametersView:116 -                Rank 2 : true
2026-04-26 19:41:32,694 [INFO] ADCParametersView:116 -                Rank 3 : true
2026-04-26 19:41:32,694 [INFO] ADCParametersView:116 -                Rank 4 : true
2026-04-26 19:41:32,694 [INFO] ADCParametersView:116 -                Rank 1 : true
2026-04-26 19:41:32,694 [INFO] ADCParametersView:116 -                Rank 2 : true
2026-04-26 19:41:32,694 [INFO] ADCParametersView:116 -                Rank 3 : true
2026-04-26 19:41:32,694 [INFO] ADCParametersView:116 -                Rank 4 : true
2026-04-26 19:41:32,694 [INFO] ADCParametersView:116 -                Rank 1 : true
2026-04-26 19:41:32,694 [INFO] ADCParametersView:116 -                Rank 2 : true
2026-04-26 19:41:32,694 [INFO] ADCParametersView:116 -                Rank 3 : true
2026-04-26 19:41:32,694 [INFO] ADCParametersView:116 -                Rank 4 : true
2026-04-26 19:41:32,695 [INFO] ADCParametersView:116 -                Rank 1 : true
2026-04-26 19:41:32,695 [INFO] ADCParametersView:116 -                Rank 2 : true
2026-04-26 19:41:32,695 [INFO] ADCParametersView:116 -                Rank 3 : true
2026-04-26 19:41:32,695 [INFO] ADCParametersView:116 -                Rank 4 : true
2026-04-26 19:41:32,695 [INFO] ADCParametersView:116 -                Rank 1 : true
2026-04-26 19:41:32,695 [INFO] ADCParametersView:116 -                Rank 2 : true
2026-04-26 19:41:32,695 [INFO] ADCParametersView:116 -                Rank 3 : true
2026-04-26 19:41:32,695 [INFO] ADCParametersView:116 -                Rank 4 : true
2026-04-26 19:41:32,695 [INFO] ADCParametersView:116 -                Rank 2 : true
2026-04-26 19:41:32,695 [INFO] ADCParametersView:116 -                Rank 3 : true
2026-04-26 19:41:32,695 [INFO] ADCParametersView:116 -                Rank 4 : true
2026-04-26 19:41:32,695 [INFO] ADCParametersView:116 -                Rank 3 : true
2026-04-26 19:41:32,695 [INFO] ADCParametersView:116 -                Rank 4 : true
2026-04-26 19:41:32,695 [INFO] ADCParametersView:116 -                Rank 4 : true
2026-04-26 19:41:32,700 [INFO] ADCParametersView:116 -                Rank 1 : true
2026-04-26 19:41:32,701 [INFO] ADCParametersView:116 -                Rank 1 : true
2026-04-26 19:41:32,701 [INFO] ADCParametersView:116 -                Rank 2 : true
2026-04-26 19:41:32,701 [INFO] ADCParametersView:116 -                Rank 1 : true
2026-04-26 19:41:32,701 [INFO] ADCParametersView:116 -                Rank 2 : true
2026-04-26 19:41:32,701 [INFO] ADCParametersView:116 -                Rank 3 : true
2026-04-26 19:41:32,701 [INFO] ADCParametersView:116 -                Rank 1 : true
2026-04-26 19:41:32,701 [INFO] ADCParametersView:116 -                Rank 2 : true
2026-04-26 19:41:32,701 [INFO] ADCParametersView:116 -                Rank 3 : true
2026-04-26 19:41:32,701 [INFO] ADCParametersView:116 -                Rank 4 : true
2026-04-26 19:41:35,126 [INFO] NvicIntPanel:101 - NVIC parent = com.st.microxplorer.plugins.ip.nvic.MultiNvicIntPanel[,0,0,0x0,invalid,layout=javax.swing.BoxLayout,alignmentX=0.0,alignmentY=0.0,border=,flags=9,maximumSize=,minimumSize=,preferredSize=]
2026-04-26 19:41:35,165 [INFO] ADCParametersView:116 -                Rank 1 : true
2026-04-26 19:41:35,166 [INFO] ADCParametersView:116 -                Rank 2 : true
2026-04-26 19:41:35,166 [INFO] ADCParametersView:116 -                Rank 3 : true
2026-04-26 19:41:35,166 [INFO] ADCParametersView:116 -                Rank 4 : true
2026-04-26 19:41:35,168 [INFO] ADCParametersView:116 -                Rank 1 : true
2026-04-26 19:41:35,168 [INFO] ADCParametersView:116 -                Rank 2 : true
2026-04-26 19:41:35,168 [INFO] ADCParametersView:116 -                Rank 3 : true
2026-04-26 19:41:35,168 [INFO] ADCParametersView:116 -                Rank 4 : true
2026-04-26 19:41:35,168 [INFO] ADCParametersView:116 -                Rank 1 : true
2026-04-26 19:41:35,168 [INFO] ADCParametersView:116 -                Rank 2 : true
2026-04-26 19:41:35,168 [INFO] ADCParametersView:116 -                Rank 3 : true
2026-04-26 19:41:35,168 [INFO] ADCParametersView:116 -                Rank 4 : true
2026-04-26 19:41:35,168 [INFO] ADCParametersView:116 -                Rank 1 : true
2026-04-26 19:41:35,168 [INFO] ADCParametersView:116 -                Rank 2 : true
2026-04-26 19:41:35,168 [INFO] ADCParametersView:116 -                Rank 3 : true
2026-04-26 19:41:35,168 [INFO] ADCParametersView:116 -                Rank 4 : true
2026-04-26 19:41:35,168 [INFO] ADCParametersView:116 -                Rank 1 : true
2026-04-26 19:41:35,168 [INFO] ADCParametersView:116 -                Rank 2 : true
2026-04-26 19:41:35,168 [INFO] ADCParametersView:116 -                Rank 3 : true
2026-04-26 19:41:35,169 [INFO] ADCParametersView:116 -                Rank 4 : true
2026-04-26 19:41:35,169 [INFO] ADCParametersView:116 -                Rank 1 : true
2026-04-26 19:41:35,169 [INFO] ADCParametersView:116 -                Rank 2 : true
2026-04-26 19:41:35,169 [INFO] ADCParametersView:116 -                Rank 3 : true
2026-04-26 19:41:35,169 [INFO] ADCParametersView:116 -                Rank 4 : true
2026-04-26 19:41:35,169 [INFO] ADCParametersView:116 -                Rank 1 : true
2026-04-26 19:41:35,169 [INFO] ADCParametersView:116 -                Rank 2 : true
2026-04-26 19:41:35,169 [INFO] ADCParametersView:116 -                Rank 3 : true
2026-04-26 19:41:35,169 [INFO] ADCParametersView:116 -                Rank 4 : true
2026-04-26 19:41:35,169 [INFO] ADCParametersView:116 -                Rank 1 : true
2026-04-26 19:41:35,169 [INFO] ADCParametersView:116 -                Rank 2 : true
2026-04-26 19:41:35,169 [INFO] ADCParametersView:116 -                Rank 3 : true
2026-04-26 19:41:35,169 [INFO] ADCParametersView:116 -                Rank 4 : true
2026-04-26 19:41:35,169 [INFO] ADCParametersView:116 -                Rank 1 : true
2026-04-26 19:41:35,169 [INFO] ADCParametersView:116 -                Rank 2 : true
2026-04-26 19:41:35,169 [INFO] ADCParametersView:116 -                Rank 3 : true
2026-04-26 19:41:35,169 [INFO] ADCParametersView:116 -                Rank 4 : true
2026-04-26 19:41:35,169 [INFO] ADCParametersView:116 -                Rank 1 : true
2026-04-26 19:41:35,169 [INFO] ADCParametersView:116 -                Rank 2 : true
2026-04-26 19:41:35,169 [INFO] ADCParametersView:116 -                Rank 3 : true
2026-04-26 19:41:35,169 [INFO] ADCParametersView:116 -                Rank 4 : true
2026-04-26 19:41:35,169 [INFO] ADCParametersView:116 -                Rank 2 : true
2026-04-26 19:41:35,169 [INFO] ADCParametersView:116 -                Rank 3 : true
2026-04-26 19:41:35,170 [INFO] ADCParametersView:116 -                Rank 4 : true
2026-04-26 19:41:35,170 [INFO] ADCParametersView:116 -                Rank 3 : true
2026-04-26 19:41:35,170 [INFO] ADCParametersView:116 -                Rank 4 : true
2026-04-26 19:41:35,170 [INFO] ADCParametersView:116 -                Rank 4 : true
2026-04-26 19:41:35,176 [INFO] ADCParametersView:116 -                Rank 1 : true
2026-04-26 19:41:35,176 [INFO] ADCParametersView:116 -                Rank 1 : true
2026-04-26 19:41:35,176 [INFO] ADCParametersView:116 -                Rank 2 : true
2026-04-26 19:41:35,177 [INFO] ADCParametersView:116 -                Rank 1 : true
2026-04-26 19:41:35,177 [INFO] ADCParametersView:116 -                Rank 2 : true
2026-04-26 19:41:35,177 [INFO] ADCParametersView:116 -                Rank 3 : true
2026-04-26 19:41:35,177 [INFO] ADCParametersView:116 -                Rank 1 : true
2026-04-26 19:41:35,177 [INFO] ADCParametersView:116 -                Rank 2 : true
2026-04-26 19:41:35,177 [INFO] ADCParametersView:116 -                Rank 3 : true
2026-04-26 19:41:35,177 [INFO] ADCParametersView:116 -                Rank 4 : true
2026-04-26 19:43:47,027 [INFO] NvicIntPanel:101 - NVIC parent = com.st.microxplorer.plugins.ip.nvic.MultiNvicIntPanel[,0,0,0x0,invalid,layout=javax.swing.BoxLayout,alignmentX=0.0,alignmentY=0.0,border=,flags=9,maximumSize=,minimumSize=,preferredSize=]
2026-04-26 19:45:09,936 [INFO] NvicIntPanel:101 - NVIC parent = com.st.microxplorer.plugins.ip.nvic.MultiNvicIntPanel[,0,0,0x0,invalid,layout=javax.swing.BoxLayout,alignmentX=0.0,alignmentY=0.0,border=,flags=9,maximumSize=,minimumSize=,preferredSize=]
2026-04-26 19:45:16,158 [INFO] NvicIntPanel:101 - NVIC parent = com.st.microxplorer.plugins.ip.nvic.MultiNvicIntPanel[,0,0,0x0,invalid,layout=javax.swing.BoxLayout,alignmentX=0.0,alignmentY=0.0,border=,flags=9,maximumSize=,minimumSize=,preferredSize=]
2026-04-26 19:45:28,897 [INFO] NvicIntPanel:101 - NVIC parent = com.st.microxplorer.plugins.ip.nvic.MultiNvicIntPanel[,0,0,0x0,invalid,layout=javax.swing.BoxLayout,alignmentX=0.0,alignmentY=0.0,border=,flags=9,maximumSize=,minimumSize=,preferredSize=]
2026-04-26 19:45:33,505 [INFO] NvicIntPanel:101 - NVIC parent = com.st.microxplorer.plugins.ip.nvic.MultiNvicIntPanel[,0,0,0x0,invalid,layout=javax.swing.BoxLayout,alignmentX=0.0,alignmentY=0.0,border=,flags=9,maximumSize=,minimumSize=,preferredSize=]
2026-04-26 19:46:12,427 [INFO] UtilMem:75 - End SaveConfig() Used Memory: 833790344 Bytes (1073741824)
2026-04-26 19:46:16,791 [INFO] UtilMem:75 - End SaveConfig() Used Memory: 847683200 Bytes (1073741824)
2026-04-26 19:46:17,324 [INFO] BlockDiagram:2775 - set Specific Code input for plugin: NVIC
2026-04-26 19:46:17,325 [INFO] BlockDiagram:2775 - set Specific Code input for plugin: SYS
2026-04-26 19:46:17,325 [INFO] BlockDiagram:2775 - set Specific Code input for plugin: GPIO
2026-04-26 19:46:17,326 [INFO] BlockDiagram:2775 - set Specific Code input for plugin: ADC
2026-04-26 19:46:17,326 [INFO] BlockDiagram:2775 - set Specific Code input for plugin: USART
2026-04-26 19:46:17,326 [INFO] BlockDiagram:2775 - set Specific Code input for plugin: RCC
2026-04-26 19:46:17,326 [INFO] BlockDiagram:2775 - set Specific Code input for plugin: DMA
2026-04-26 19:46:17,326 [INFO] BlockDiagram:2775 - set Specific Code input for plugin: TIM1_8F1
2026-04-26 19:46:17,331 [INFO] CodeGenerator:892 - code generatio: config db path: C:\ST\STM32CubeIDE_1.19.0\STM32CubeIDE\plugins\com.st.stm32cube.common.mx_6.15.0.202507011659\\db\
2026-04-26 19:46:17,464 [INFO] CodeEngine:265 - oldGeneratedFile, C:\GIT\Aulas2026_1\ProjetosSTM32\CorpoBorboleta_Pedal\MXTmpFiles\license.tmp_save
2026-04-26 19:46:17,744 [INFO] CodeEngine:289 - Generated code: C:\GIT\Aulas2026_1\ProjetosSTM32\CorpoBorboleta_Pedal\MXTmpFiles\license.tmp
2026-04-26 19:46:17,821 [INFO] CodeEngine:265 - oldGeneratedFile, C:\GIT\Aulas2026_1\ProjetosSTM32\CorpoBorboleta_Pedal\MXTmpFiles\gpio.tmp_save
2026-04-26 19:46:17,945 [INFO] CodeEngine:289 - Generated code: C:\GIT\Aulas2026_1\ProjetosSTM32\CorpoBorboleta_Pedal\MXTmpFiles\gpio.tmp
2026-04-26 19:46:18,261 [INFO] CodeEngine:265 - oldGeneratedFile, C:\GIT\Aulas2026_1\ProjetosSTM32\CorpoBorboleta_Pedal\MXTmpFiles\dma.tmp_save
2026-04-26 19:46:18,352 [INFO] CodeEngine:289 - Generated code: C:\GIT\Aulas2026_1\ProjetosSTM32\CorpoBorboleta_Pedal\MXTmpFiles\dma.tmp
2026-04-26 19:46:18,360 [INFO] CodeEngine:265 - oldGeneratedFile, C:\GIT\Aulas2026_1\ProjetosSTM32\CorpoBorboleta_Pedal\MXTmpFiles\dma_GV.tmp_save
2026-04-26 19:46:18,439 [INFO] CodeEngine:289 - Generated code: C:\GIT\Aulas2026_1\ProjetosSTM32\CorpoBorboleta_Pedal\MXTmpFiles\dma_GV.tmp
2026-04-26 19:46:18,462 [INFO] CodeEngine:265 - oldGeneratedFile, C:\GIT\Aulas2026_1\ProjetosSTM32\CorpoBorboleta_Pedal\Core\Src\stm32f1xx_it.c_save
2026-04-26 19:46:18,750 [INFO] CodeEngine:289 - Generated code: C:\GIT\Aulas2026_1\ProjetosSTM32\CorpoBorboleta_Pedal\Core\Src\stm32f1xx_it.c
2026-04-26 19:46:18,762 [INFO] CodeEngine:265 - oldGeneratedFile, C:\GIT\Aulas2026_1\ProjetosSTM32\CorpoBorboleta_Pedal\Core\Inc\stm32f1xx_it.h_save
2026-04-26 19:46:18,846 [INFO] CodeEngine:289 - Generated code: C:\GIT\Aulas2026_1\ProjetosSTM32\CorpoBorboleta_Pedal\Core\Inc\stm32f1xx_it.h
2026-04-26 19:46:18,869 [INFO] CodeEngine:265 - oldGeneratedFile, C:\GIT\Aulas2026_1\ProjetosSTM32\CorpoBorboleta_Pedal\Core\Src\stm32f1xx_hal_msp.c_save
2026-04-26 19:46:19,025 [INFO] CodeEngine:289 - Generated code: C:\GIT\Aulas2026_1\ProjetosSTM32\CorpoBorboleta_Pedal\Core\Src\stm32f1xx_hal_msp.c
2026-04-26 19:46:19,035 [INFO] CodeEngine:265 - oldGeneratedFile, C:\GIT\Aulas2026_1\ProjetosSTM32\CorpoBorboleta_Pedal\MXTmpFiles\system.tmp_save
2026-04-26 19:46:19,113 [INFO] CodeEngine:289 - Generated code: C:\GIT\Aulas2026_1\ProjetosSTM32\CorpoBorboleta_Pedal\MXTmpFiles\system.tmp
2026-04-26 19:46:19,134 [INFO] CodeEngine:321 - oldGeneratedFile, C:\GIT\Aulas2026_1\ProjetosSTM32\CorpoBorboleta_Pedal\Core\Inc\stm32f1xx_hal_conf.h_save
2026-04-26 19:46:19,217 [INFO] CodeEngine:345 - Generated code: C:\GIT\Aulas2026_1\ProjetosSTM32\CorpoBorboleta_Pedal\Core\Inc\stm32f1xx_hal_conf.h
2026-04-26 19:46:19,248 [INFO] ApiDbMcu:532 - Load IP Config File for ADC1
2026-04-26 19:46:19,273 [INFO] ApiDbMcu:532 - Load IP Config File for TIM1
2026-04-26 19:46:19,279 [INFO] ApiDbMcu:532 - Load IP Config File for USART1
2026-04-26 19:46:19,280 [WARN] IPConfigManager:3811 - IP not found : TIM
2026-04-26 19:46:19,282 [WARN] CodeGenerator:4259 - IP not found : null
2026-04-26 19:46:19,295 [INFO] CodeEngine:265 - oldGeneratedFile, C:\GIT\Aulas2026_1\ProjetosSTM32\CorpoBorboleta_Pedal\Core\Inc\main.h_save
2026-04-26 19:46:19,409 [INFO] CodeEngine:289 - Generated code: C:\GIT\Aulas2026_1\ProjetosSTM32\CorpoBorboleta_Pedal\Core\Inc\main.h
2026-04-26 19:46:19,420 [INFO] CodeEngine:265 - oldGeneratedFile, C:\GIT\Aulas2026_1\ProjetosSTM32\CorpoBorboleta_Pedal\Core\Src\main.c_save
2026-04-26 19:46:19,587 [INFO] CodeEngine:289 - Generated code: C:\GIT\Aulas2026_1\ProjetosSTM32\CorpoBorboleta_Pedal\Core\Src\main.c
2026-04-26 19:46:20,174 [INFO] ProjectBuilder:3606 - Time for Copy HAL[1] : 233mS.
2026-04-26 19:46:20,181 [INFO] ProjectBuilder:5216 - Project Generator version: 4.7.0-B52
2026-04-26 19:46:20,359 [INFO] ConfigFileManager:1595 - The Die is : DIE412
2026-04-26 19:46:21,930 [INFO] ProjectBuilder:5496 - Time for Generating toolchain IDE Files: 1749mS.
2026-04-26 19:46:21,932 [INFO] ProjectBuilder:3463 - Time for Copy CMSIS : 1mS.
2026-04-26 19:46:21,936 [INFO] ProjectBuilder:3463 - Time for Copy CMSIS : 0mS.
