2026-05-03 16:10:13,682 [INFO] Activator:176 - 


2026-05-03 16:10:13,690 [INFO] Activator:177 - !SESSION log4j initialized
2026-05-03 16:10:17,900 [INFO] LogOutputStream:77 - [STDOUT_REDIRECT] 
2026-05-03 16:10:20,780 [INFO] ApplicationProperties:184 - Using Application install path: C:\ST\STM32CubeIDE_1.19.0\STM32CubeIDE\plugins\com.st.stm32cube.common.mx_6.15.0.202507011659
2026-05-03 16:10:20,803 [INFO] DbMcusXml:78 - Set database path to: C:\ST\STM32CubeIDE_1.19.0\STM32CubeIDE\plugins\com.st.stm32cube.common.mx_6.15.0.202507011659\\db\/mcu/
2026-05-03 16:10:20,804 [INFO] ApiDb:274 - Set plugin database path to: C:\ST\STM32CubeIDE_1.19.0\STM32CubeIDE\plugins\com.st.stm32cube.common.mx_6.15.0.202507011659\\db\/plugins/boardmanager/
2026-05-03 16:10:20,804 [WARN] ApiDb:259 - Overriding images path with different value:  => C:\ST\STM32CubeIDE_1.19.0\STM32CubeIDE\plugins\com.st.stm32cube.common.mx_6.15.0.202507011659\\db\/plugins/mcufinder/images/
2026-05-03 16:10:20,820 [INFO] ApiDb:250 - Set database path to: C:\Users\User\.stmcufinder\plugins\mcufinder//mcu/
2026-05-03 16:10:20,821 [INFO] DbMcusAds:125 - Set database path to: C:\Users\User\.stmcufinder\plugins\mcufinder//mcu/
2026-05-03 16:10:20,824 [INFO] CrossReferenceDbSqlite:203 - Set database path to: C:\Users\User\.stmcufinder\plugins\mcufinder//mcu/cs/
2026-05-03 16:10:20,948 [INFO] RulesReader:64 - Compatibility file has been processed (317 Rules)
2026-05-03 16:10:21,081 [INFO] DbMcusXml:78 - Set database path to: C:\ST\STM32CubeIDE_1.19.0\STM32CubeIDE\plugins\com.st.stm32cube.common.mx_6.15.0.202507011659\\db\/mcu/
2026-05-03 16:10:21,081 [INFO] ApiDb:274 - Set plugin database path to: C:\ST\STM32CubeIDE_1.19.0\STM32CubeIDE\plugins\com.st.stm32cube.common.mx_6.15.0.202507011659\\db\/plugins/boardmanager/
2026-05-03 16:10:21,082 [INFO] ApiDb:261 - Set plugin images path to: C:\ST\STM32CubeIDE_1.19.0\STM32CubeIDE\plugins\com.st.stm32cube.common.mx_6.15.0.202507011659\\db\/plugins/mcufinder/images/
2026-05-03 16:10:21,082 [WARN] DbFile:41 - Overriding database path with different value: C:\Users\User\.stmcufinder\plugins\mcufinder/ => C:\Users\User\.stmcufinder\plugins\mcufinder
2026-05-03 16:10:21,082 [INFO] ApiDb:250 - Set database path to: C:\Users\User\.stmcufinder\plugins\mcufinder//mcu/
2026-05-03 16:10:21,082 [WARN] DbFile:41 - Overriding database path with different value: C:\Users\User\.stmcufinder\plugins\mcufinder/ => C:\Users\User\.stmcufinder\plugins\mcufinder
2026-05-03 16:10:21,082 [INFO] DbMcusAds:125 - Set database path to: C:\Users\User\.stmcufinder\plugins\mcufinder//mcu/
2026-05-03 16:10:21,082 [WARN] DbFile:41 - Overriding database path with different value: C:\Users\User\.stmcufinder\plugins\mcufinder/ => C:\Users\User\.stmcufinder\plugins\mcufinder
2026-05-03 16:10:21,082 [WARN] DbFile:41 - Overriding database path with different value: C:\Users\User\.stmcufinder\plugins\mcufinder/ => C:\Users\User\.stmcufinder\plugins\mcufinder
2026-05-03 16:10:21,082 [INFO] CrossReferenceDbSqlite:203 - Set database path to: C:\Users\User\.stmcufinder\plugins\mcufinder//mcu/cs/
2026-05-03 16:10:21,212 [INFO] MainPanel:274 - HeapMemory: 268435456
2026-05-03 16:10:21,365 [INFO] DbMcusXml:78 - Set database path to: C:\ST\STM32CubeIDE_1.19.0\STM32CubeIDE\plugins\com.st.stm32cube.common.mx_6.15.0.202507011659\\db\/mcu/
2026-05-03 16:10:21,365 [INFO] ApiDb:274 - Set plugin database path to: C:\ST\STM32CubeIDE_1.19.0\STM32CubeIDE\plugins\com.st.stm32cube.common.mx_6.15.0.202507011659\\db\/plugins/boardmanager/
2026-05-03 16:10:21,365 [INFO] ApiDb:261 - Set plugin images path to: C:\ST\STM32CubeIDE_1.19.0\STM32CubeIDE\plugins\com.st.stm32cube.common.mx_6.15.0.202507011659\\db\/plugins/mcufinder/images/
2026-05-03 16:10:21,365 [WARN] DbFile:41 - Overriding database path with different value: C:\Users\User\.stmcufinder\plugins\mcufinder/ => C:\Users\User\.stmcufinder\plugins\mcufinder
2026-05-03 16:10:21,366 [INFO] ApiDb:250 - Set database path to: C:\Users\User\.stmcufinder\plugins\mcufinder//mcu/
2026-05-03 16:10:21,366 [WARN] DbFile:41 - Overriding database path with different value: C:\Users\User\.stmcufinder\plugins\mcufinder/ => C:\Users\User\.stmcufinder\plugins\mcufinder
2026-05-03 16:10:21,366 [INFO] DbMcusAds:125 - Set database path to: C:\Users\User\.stmcufinder\plugins\mcufinder//mcu/
2026-05-03 16:10:21,366 [WARN] DbFile:41 - Overriding database path with different value: C:\Users\User\.stmcufinder\plugins\mcufinder/ => C:\Users\User\.stmcufinder\plugins\mcufinder
2026-05-03 16:10:21,366 [WARN] DbFile:41 - Overriding database path with different value: C:\Users\User\.stmcufinder\plugins\mcufinder/ => C:\Users\User\.stmcufinder\plugins\mcufinder
2026-05-03 16:10:21,366 [INFO] CrossReferenceDbSqlite:203 - Set database path to: C:\Users\User\.stmcufinder\plugins\mcufinder//mcu/cs/
2026-05-03 16:10:21,392 [INFO] ApplicationProperties:184 - Using Application install path: C:\ST\STM32CubeIDE_1.19.0\STM32CubeIDE\plugins\com.st.stm32cube.common.mx_6.15.0.202507011659
2026-05-03 16:10:21,394 [INFO] PluginManage:196 - Search for loadable plugins [exclusion list=, ]
2026-05-03 16:10:21,395 [INFO] PluginManage:310 - Check plugin analytics
2026-05-03 16:10:21,637 [INFO] AnalyticsPlugin:253 - Accepted Software Licenses: STM32CubeMX.6.16.1,STM32CubeMX.6.17.0
2026-05-03 16:10:21,637 [INFO] AnalyticsPlugin:255 - Accepted CMSIS Pack Licenses: 
2026-05-03 16:10:21,637 [INFO] AnalyticsPlugin:257 - Accepted Firmware Licenses: FW.C0.1.1.0
2026-05-03 16:10:21,641 [INFO] PluginManage:359 - Loaded plugin analytics (category:tool,tabindex:-1)
2026-05-03 16:10:21,642 [INFO] PluginManage:310 - Check plugin cadmodel
2026-05-03 16:10:21,650 [INFO] CADModel:105 - Init CAD model plugin
2026-05-03 16:10:21,651 [INFO] PluginManage:359 - Loaded plugin cadmodel (category:power,tabindex:5)
2026-05-03 16:10:21,651 [INFO] PluginManage:310 - Check plugin clock
2026-05-03 16:10:21,668 [INFO] PluginManage:359 - Loaded plugin clock (category:base,tabindex:2)
2026-05-03 16:10:21,668 [INFO] PluginManage:310 - Check plugin ddr
2026-05-03 16:10:21,673 [INFO] PluginManage:359 - Loaded plugin ddr (category:tool,tabindex:6)
2026-05-03 16:10:21,674 [INFO] PluginManage:310 - Check plugin filemanager
2026-05-03 16:10:21,899 [INFO] PluginManage:359 - Loaded plugin filemanager (category:base,tabindex:10)
2026-05-03 16:10:21,899 [INFO] PluginManage:310 - Check plugin ipmanager
2026-05-03 16:10:21,922 [INFO] PluginManage:359 - Loaded plugin ipmanager (category:base,tabindex:5)
2026-05-03 16:10:21,922 [INFO] PluginManage:310 - Check plugin lpbam
2026-05-03 16:10:21,933 [INFO] PluginManage:359 - Loaded plugin lpbam (category:base,tabindex:0)
2026-05-03 16:10:21,934 [INFO] PluginManage:310 - Check plugin memorymap
2026-05-03 16:10:21,952 [INFO] PluginManage:359 - Loaded plugin memorymap (category:base,tabindex:4)
2026-05-03 16:10:21,953 [INFO] PluginManage:310 - Check plugin pinoutandconfiguration
2026-05-03 16:10:21,964 [INFO] PluginManage:359 - Loaded plugin pinoutandconfiguration (category:base,tabindex:1)
2026-05-03 16:10:21,964 [INFO] PluginManage:310 - Check plugin pinoutconfig
2026-05-03 16:10:22,067 [WARN] SupportedApi:132 - Cannot load RTOS API schema: s4s-elt-must-match.1: The content of 'definitions' must match (annotation?, (simpleType | complexType)?, (unique | key | keyref)*)). A problem was found starting at: attribute.
2026-05-03 16:10:22,222 [INFO] PluginManage:359 - Loaded plugin pinoutconfig (category:base,tabindex:0)
2026-05-03 16:10:22,222 [INFO] PluginManage:310 - Check plugin power
2026-05-03 16:10:22,238 [INFO] PluginManage:359 - Loaded plugin power (category:power,tabindex:4)
2026-05-03 16:10:22,239 [INFO] PluginManage:310 - Check plugin projectmanager
2026-05-03 16:10:22,261 [INFO] PluginManage:359 - Loaded plugin projectmanager (category:projectmanager,tabindex:4)
2026-05-03 16:10:22,261 [INFO] PluginManage:310 - Check plugin rif
2026-05-03 16:10:22,274 [INFO] PluginManage:359 - Loaded plugin rif (category:base,tabindex:3)
2026-05-03 16:10:22,274 [INFO] PluginManage:310 - Check plugin thirdparty
2026-05-03 16:10:22,447 [INFO] PluginManage:359 - Loaded plugin thirdparty (category:base,tabindex:-1)
2026-05-03 16:10:22,447 [INFO] PluginManage:310 - Check plugin tools
2026-05-03 16:10:22,447 [WARN] IntegrityCheckThread:84 - waiting for thirdparty lock release [integrity check]
2026-05-03 16:10:22,447 [INFO] IntegrityCheckThread:86 - entering critical section [integrity check]
2026-05-03 16:10:22,448 [INFO] ThirdPartyUpdaterWithRetryManager:70 - Updater plugin not ready yet. [1/15]
2026-05-03 16:10:22,450 [INFO] PluginManage:359 - Loaded plugin tools (category:base,tabindex:7)
2026-05-03 16:10:22,450 [INFO] PluginManage:310 - Check plugin tutovideos
2026-05-03 16:10:22,663 [INFO] PluginManage:359 - Loaded plugin tutovideos (category:base,tabindex:-1)
2026-05-03 16:10:22,663 [INFO] PluginManage:310 - Check plugin updater
2026-05-03 16:10:22,690 [INFO] PluginManage:359 - Loaded plugin updater (category:base,tabindex:12)
2026-05-03 16:10:22,690 [INFO] PluginManage:310 - Check plugin userauth
2026-05-03 16:10:22,695 [INFO] UserAuth:118 - Init User Auth plugin
2026-05-03 16:10:22,695 [INFO] PluginManage:359 - Loaded plugin userauth (category:base,tabindex:14)
2026-05-03 16:10:22,696 [INFO] PluginManage:283 - PluginManage : Loaded plugins [18]
2026-05-03 16:10:22,993 [INFO] PinOutPanel:1589 - setPackage(No Configuration,No Configuration)
2026-05-03 16:10:23,118 [INFO] CADModel:165 - CPN selected for project level
2026-05-03 16:10:23,118 [INFO] CADModel:114 - Register for checkConnection events
2026-05-03 16:10:23,139 [INFO] IPUIPlugin:80 - create IPUIPlugin
2026-05-03 16:10:23,139 [INFO] PluginManager:220 - loadIPPluginJar : add adc
2026-05-03 16:10:23,142 [INFO] IPUIPlugin:80 - create IPUIPlugin
2026-05-03 16:10:23,143 [INFO] PluginManager:220 - loadIPPluginJar : add aes
2026-05-03 16:10:23,146 [INFO] IPUIPlugin:80 - create IPUIPlugin
2026-05-03 16:10:23,146 [INFO] PluginManager:220 - loadIPPluginJar : add can
2026-05-03 16:10:23,149 [INFO] IPUIPlugin:80 - create IPUIPlugin
2026-05-03 16:10:23,149 [INFO] PluginManager:220 - loadIPPluginJar : add comp
2026-05-03 16:10:23,152 [INFO] IPUIPlugin:80 - create IPUIPlugin
2026-05-03 16:10:23,152 [INFO] PluginManager:220 - loadIPPluginJar : add cryp
2026-05-03 16:10:23,156 [INFO] IPUIPlugin:80 - create IPUIPlugin
2026-05-03 16:10:23,156 [INFO] PluginManager:220 - loadIPPluginJar : add ddr_ctrl_phy
2026-05-03 16:10:23,159 [INFO] IPUIPlugin:80 - create IPUIPlugin
2026-05-03 16:10:23,159 [INFO] PluginManager:220 - loadIPPluginJar : add dfsdm
2026-05-03 16:10:23,166 [INFO] IPUIPlugin:80 - create IPUIPlugin
2026-05-03 16:10:23,166 [INFO] PluginManager:220 - loadIPPluginJar : add dma
2026-05-03 16:10:23,170 [INFO] IPUIPlugin:80 - create IPUIPlugin
2026-05-03 16:10:23,170 [INFO] PluginManager:220 - loadIPPluginJar : add dma3
2026-05-03 16:10:23,173 [INFO] IPUIPlugin:80 - create IPUIPlugin
2026-05-03 16:10:23,173 [INFO] PluginManager:220 - loadIPPluginJar : add extmemmanager
2026-05-03 16:10:23,175 [INFO] IPUIPlugin:80 - create IPUIPlugin
2026-05-03 16:10:23,175 [INFO] PluginManager:220 - loadIPPluginJar : add fatfs
2026-05-03 16:10:23,179 [INFO] IPUIPlugin:80 - create IPUIPlugin
2026-05-03 16:10:23,179 [INFO] PluginManager:220 - loadIPPluginJar : add fmc
2026-05-03 16:10:23,189 [INFO] IPUIPlugin:80 - create IPUIPlugin
2026-05-03 16:10:23,189 [INFO] PluginManager:220 - loadIPPluginJar : add freertos
2026-05-03 16:10:23,192 [INFO] IPUIPlugin:80 - create IPUIPlugin
2026-05-03 16:10:23,192 [INFO] PluginManager:220 - loadIPPluginJar : add genericplugin
2026-05-03 16:10:23,195 [INFO] IPUIPlugin:80 - create IPUIPlugin
2026-05-03 16:10:23,196 [INFO] PluginManager:220 - loadIPPluginJar : add gfxmmu
2026-05-03 16:10:23,200 [INFO] IPUIPlugin:80 - create IPUIPlugin
2026-05-03 16:10:23,201 [INFO] PluginManager:220 - loadIPPluginJar : add gic
2026-05-03 16:10:23,205 [INFO] IPUIPlugin:80 - create IPUIPlugin
2026-05-03 16:10:23,205 [INFO] PluginManager:220 - loadIPPluginJar : add gpio
2026-05-03 16:10:23,209 [INFO] IPUIPlugin:80 - create IPUIPlugin
2026-05-03 16:10:23,210 [INFO] PluginManager:220 - loadIPPluginJar : add gtzc
2026-05-03 16:10:23,214 [INFO] IPUIPlugin:80 - create IPUIPlugin
2026-05-03 16:10:23,214 [INFO] PluginManager:220 - loadIPPluginJar : add hash
2026-05-03 16:10:23,218 [INFO] IPUIPlugin:80 - create IPUIPlugin
2026-05-03 16:10:23,218 [INFO] PluginManager:220 - loadIPPluginJar : add i2c
2026-05-03 16:10:23,221 [INFO] IPUIPlugin:80 - create IPUIPlugin
2026-05-03 16:10:23,222 [INFO] PluginManager:220 - loadIPPluginJar : add i2s
2026-05-03 16:10:23,225 [INFO] IPUIPlugin:80 - create IPUIPlugin
2026-05-03 16:10:23,226 [INFO] PluginManager:220 - loadIPPluginJar : add i3c
2026-05-03 16:10:23,230 [INFO] IPUIPlugin:80 - create IPUIPlugin
2026-05-03 16:10:23,230 [INFO] PluginManager:220 - loadIPPluginJar : add ipddr
2026-05-03 16:10:23,237 [INFO] IPUIPlugin:80 - create IPUIPlugin
2026-05-03 16:10:23,237 [INFO] PluginManager:220 - loadIPPluginJar : add linkedlist
2026-05-03 16:10:23,241 [INFO] IPUIPlugin:80 - create IPUIPlugin
2026-05-03 16:10:23,241 [INFO] PluginManager:220 - loadIPPluginJar : add lorawan
2026-05-03 16:10:23,244 [INFO] IPUIPlugin:80 - create IPUIPlugin
2026-05-03 16:10:23,244 [INFO] PluginManager:220 - loadIPPluginJar : add ltdc
2026-05-03 16:10:23,251 [INFO] IPUIPlugin:80 - create IPUIPlugin
2026-05-03 16:10:23,251 [INFO] PluginManager:220 - loadIPPluginJar : add mdma
2026-05-03 16:10:23,255 [INFO] IPUIPlugin:80 - create IPUIPlugin
2026-05-03 16:10:23,256 [INFO] PluginManager:220 - loadIPPluginJar : add nvic
2026-05-03 16:10:23,259 [INFO] IPUIPlugin:80 - create IPUIPlugin
2026-05-03 16:10:23,259 [INFO] PluginManager:220 - loadIPPluginJar : add opamp
2026-05-03 16:10:23,263 [INFO] IPUIPlugin:80 - create IPUIPlugin
2026-05-03 16:10:23,264 [INFO] PluginManager:220 - loadIPPluginJar : add openamp
2026-05-03 16:10:23,268 [INFO] IPUIPlugin:80 - create IPUIPlugin
2026-05-03 16:10:23,268 [INFO] PluginManager:220 - loadIPPluginJar : add pdm2pcm
2026-05-03 16:10:23,274 [INFO] IPUIPlugin:80 - create IPUIPlugin
2026-05-03 16:10:23,277 [INFO] PluginManager:220 - loadIPPluginJar : add plateformsettings
2026-05-03 16:10:23,280 [INFO] IPUIPlugin:80 - create IPUIPlugin
2026-05-03 16:10:23,280 [INFO] PluginManager:220 - loadIPPluginJar : add quadspi
2026-05-03 16:10:23,283 [INFO] IPUIPlugin:80 - create IPUIPlugin
2026-05-03 16:10:23,283 [INFO] PluginManager:220 - loadIPPluginJar : add radio
2026-05-03 16:10:23,288 [INFO] IPUIPlugin:80 - create IPUIPlugin
2026-05-03 16:10:23,288 [INFO] PluginManager:220 - loadIPPluginJar : add resmgrutility
2026-05-03 16:10:23,292 [INFO] IPUIPlugin:80 - create IPUIPlugin
2026-05-03 16:10:23,292 [INFO] PluginManager:220 - loadIPPluginJar : add sai
2026-05-03 16:10:23,296 [INFO] IPUIPlugin:80 - create IPUIPlugin
2026-05-03 16:10:23,296 [INFO] PluginManager:220 - loadIPPluginJar : add spi
2026-05-03 16:10:23,303 [INFO] IPUIPlugin:80 - create IPUIPlugin
2026-05-03 16:10:23,303 [INFO] PluginManager:220 - loadIPPluginJar : add stm32_wpan
2026-05-03 16:10:23,305 [INFO] IPUIPlugin:80 - create IPUIPlugin
2026-05-03 16:10:23,306 [INFO] PluginManager:220 - loadIPPluginJar : add tim
2026-05-03 16:10:23,309 [INFO] IPUIPlugin:80 - create IPUIPlugin
2026-05-03 16:10:23,310 [INFO] PluginManager:220 - loadIPPluginJar : add touchsensing
2026-05-03 16:10:23,312 [INFO] IPUIPlugin:80 - create IPUIPlugin
2026-05-03 16:10:23,313 [INFO] PluginManager:220 - loadIPPluginJar : add tracer_emb
2026-05-03 16:10:23,316 [INFO] IPUIPlugin:80 - create IPUIPlugin
2026-05-03 16:10:23,316 [INFO] PluginManager:220 - loadIPPluginJar : add ts
2026-05-03 16:10:23,319 [INFO] IPUIPlugin:80 - create IPUIPlugin
2026-05-03 16:10:23,319 [INFO] PluginManager:220 - loadIPPluginJar : add tsc
2026-05-03 16:10:23,322 [INFO] IPUIPlugin:80 - create IPUIPlugin
2026-05-03 16:10:23,322 [INFO] PluginManager:220 - loadIPPluginJar : add ucpd
2026-05-03 16:10:23,325 [INFO] IPUIPlugin:80 - create IPUIPlugin
2026-05-03 16:10:23,325 [INFO] PluginManager:220 - loadIPPluginJar : add usart
2026-05-03 16:10:23,331 [INFO] IPUIPlugin:80 - create IPUIPlugin
2026-05-03 16:10:23,331 [INFO] PluginManager:220 - loadIPPluginJar : add usbx
2026-05-03 16:10:23,474 [FATAL] Updater:351 - Updater called before beeing initialized
2026-05-03 16:10:23,503 [INFO] RulesReader:64 - Compatibility file has been processed (317 Rules)
2026-05-03 16:10:23,515 [INFO] RulesReader:64 - Compatibility file has been processed (317 Rules)
2026-05-03 16:10:23,524 [INFO] CADModel:165 - CPN selected for project level
2026-05-03 16:10:23,524 [INFO] CADModel:114 - Register for checkConnection events
2026-05-03 16:10:23,524 [FATAL] Updater:351 - Updater called before beeing initialized
2026-05-03 16:10:23,524 [ERROR] CADModel:125 - Updater not yet initialized, retry later 
2026-05-03 16:10:23,696 [FATAL] Updater:351 - Updater called before beeing initialized
2026-05-03 16:10:23,699 [INFO] CADModel:165 - CPN selected for project level
2026-05-03 16:10:23,700 [INFO] CADModel:114 - Register for checkConnection events
2026-05-03 16:10:23,700 [FATAL] Updater:351 - Updater called before beeing initialized
2026-05-03 16:10:23,700 [ERROR] CADModel:125 - Updater not yet initialized, retry later 
2026-05-03 16:10:23,703 [FATAL] Updater:351 - Updater called before beeing initialized
2026-05-03 16:10:23,854 [FATAL] Updater:351 - Updater called before beeing initialized
2026-05-03 16:10:23,858 [INFO] DbMcusAds:53 - JSON generation date=Mon Apr 27 05:14:29 BRT 2026 (1777277669577)
2026-05-03 16:10:23,858 [FATAL] Updater:351 - Updater called before beeing initialized
2026-05-03 16:10:23,920 [WARN] DetailPanel:346 - Failed to get advertising image, set to default
2026-05-03 16:10:24,025 [FATAL] Updater:351 - Updater called before beeing initialized
2026-05-03 16:10:24,027 [FATAL] Updater:351 - Updater called before beeing initialized
2026-05-03 16:10:24,027 [FATAL] Updater:351 - Updater called before beeing initialized
2026-05-03 16:10:24,027 [WARN] DetailPanel:346 - Failed to get advertising image, set to default
2026-05-03 16:10:24,028 [FATAL] Updater:351 - Updater called before beeing initialized
2026-05-03 16:10:24,083 [ERROR] Updater:1198 - MainUpdater not yet initialized. External WinMGr cannot be set.
2026-05-03 16:10:24,085 [INFO] Updater:1134 - Updater Version found : 6.15.0
2026-05-03 16:10:24,103 [INFO] ApplicationProperties:184 - Using Application install path: C:\ST\STM32CubeIDE_1.19.0\STM32CubeIDE\plugins\com.st.stm32cube.common.mx_6.15.0.202507011659
2026-05-03 16:10:24,460 [INFO] MainUpdater:2872 - connection check result : 10
2026-05-03 16:10:24,461 [INFO] MainUpdater:289 - Updater Check For Update Now.
2026-05-03 16:10:24,461 [INFO] MicroXplorer:498 - Change Database Version : DB.6.0.150
2026-05-03 16:10:24,470 [INFO] McuFinderGlobals:63 - Set McuFinder mode to 2 (CubeIDE integrated)
2026-05-03 16:10:24,471 [INFO] UserAuth:487 - Internet connection configuration mode: 1
2026-05-03 16:10:24,504 [INFO] JxBrowserEngine:152 - Initiate JxBrowser Engine with user profile folder
2026-05-03 16:10:24,684 [INFO] CheckServerUpdateThread:120 - End of CheckServer Thread
2026-05-03 16:10:26,406 [WARN] PackLoader:240 - Cannot read IP mode file for STMicroelectronics.X-CUBE-AZRTOS-H7.3.5.0
2026-05-03 16:10:26,428 [WARN] PackLoader:240 - Cannot read IP mode file for STMicroelectronics.FP-SNS-MOTENVWB1.1.4.0
2026-05-03 16:10:26,451 [WARN] PackLoader:240 - Cannot read IP mode file for STMicroelectronics.FP-ATR-ASTRA1.2.0.2
2026-05-03 16:10:26,472 [WARN] PackLoader:240 - Cannot read IP mode file for STMicroelectronics.X-CUBE-SMBUS.2.1.0
2026-05-03 16:10:26,507 [WARN] PackLoader:240 - Cannot read IP mode file for STMicroelectronics.X-CUBE-AZRTOS-F7.1.1.0
2026-05-03 16:10:26,520 [WARN] PackLoader:240 - Cannot read IP mode file for STMicroelectronics.FP-SNS-MOTENV1.5.1.0
2026-05-03 16:10:26,534 [WARN] PackLoader:240 - Cannot read IP mode file for WES.I-CUBE-Cesium.1.4.0
2026-05-03 16:10:26,555 [WARN] PackLoader:240 - Cannot read IP mode file for STMicroelectronics.X-CUBE-AZRTOS-H7.3.4.0
2026-05-03 16:10:26,569 [WARN] PackLoader:240 - Cannot read IP mode file for STMicroelectronics.X-CUBE-DISPLAY.3.0.0
2026-05-03 16:10:26,584 [WARN] PackLoader:240 - Cannot read IP mode file for STMicroelectronics.X-CUBE-GNSS1.7.1.1
2026-05-03 16:10:26,591 [WARN] PackLoader:240 - Cannot read IP mode file for STMicroelectronics.FP-SNS-MOTENVWB1.1.5.0
2026-05-03 16:10:26,598 [WARN] PackLoader:240 - Cannot read IP mode file for STMicroelectronics.X-CUBE-NFC10.1.0.0
2026-05-03 16:10:26,604 [WARN] PackLoader:240 - Cannot read IP mode file for STMicroelectronics.X-CUBE-ST60.1.1.0
2026-05-03 16:10:26,614 [WARN] PackLoader:240 - Cannot read IP mode file for emotas.I-CUBE-CANOPEN.1.3.0
2026-05-03 16:10:26,622 [WARN] PackLoader:240 - Cannot read IP mode file for STMicroelectronics.X-CUBE-GNSS1.7.1.0
2026-05-03 16:10:26,633 [WARN] PackLoader:240 - Cannot read IP mode file for STMicroelectronics.FP-SNS-STBOX1.2.1.0
2026-05-03 16:10:26,642 [WARN] PackLoader:240 - Cannot read IP mode file for STMicroelectronics.FP-SNS-SMARTAG2.1.2.0
2026-05-03 16:10:26,649 [WARN] PackLoader:240 - Cannot read IP mode file for STMicroelectronics.FP-SNS-FLIGHT1.5.1.0
2026-05-03 16:10:26,670 [INFO] LogOutputStream:77 - [STDOUT_REDIRECT] 1 : Invalid condition id : UX_CORESTACK_Condition cause : null
2026-05-03 16:10:26,671 [INFO] LogOutputStream:77 - [STDOUT_REDIRECT] 1 : Invalid condition id : UX_CORESTACK_Condition cause : null
2026-05-03 16:10:26,672 [INFO] LogOutputStream:77 - [STDOUT_REDIRECT] 1 : Invalid condition id : UX_CORESTACK_Condition cause : null
2026-05-03 16:10:26,674 [INFO] LogOutputStream:77 - [STDOUT_REDIRECT] 1 : Invalid condition id : UX_CORESTACK_Condition cause : null
2026-05-03 16:10:26,675 [INFO] LogOutputStream:77 - [STDOUT_REDIRECT] 1 : Invalid condition id : UX_CORESTACK_Condition cause : null
2026-05-03 16:10:26,679 [WARN] PackLoader:240 - Cannot read IP mode file for STMicroelectronics.X-CUBE-AZRTOS-WL.2.0.0
2026-05-03 16:10:26,700 [WARN] PackLoader:240 - Cannot read IP mode file for STMicroelectronics.X-CUBE-AZRTOS-H7RS.1.2.0
2026-05-03 16:10:26,712 [WARN] PackLoader:240 - Cannot read IP mode file for STMicroelectronics.X-CUBE-BLE2.3.3.0
2026-05-03 16:10:26,718 [INFO] WebApp:169 - Instantiating new browser for Auth
2026-05-03 16:10:26,762 [WARN] PackLoader:240 - Cannot read IP mode file for Infineon.AIROC-Wi-Fi-Bluetooth-STM32.1.8.0
2026-05-03 16:10:26,793 [WARN] PackLoader:240 - Cannot read IP mode file for STMicroelectronics.X-CUBE-NFC9.1.0.0
2026-05-03 16:10:26,810 [WARN] PackLoader:240 - Cannot read IP mode file for STMicroelectronics.X-CUBE-BLE1.7.1.0
2026-05-03 16:10:26,824 [WARN] PackLoader:240 - Cannot read IP mode file for wolfSSL.I-CUBE-wolfMQTT.1.19.2
2026-05-03 16:10:26,837 [WARN] PackLoader:240 - Cannot read IP mode file for STMicroelectronics.X-CUBE-FREERTOS.1.4.0
2026-05-03 16:10:26,852 [WARN] PackLoader:240 - Cannot read IP mode file for STMicroelectronics.X-CUBE-EEPRMA1.5.2.0
2026-05-03 16:10:26,867 [WARN] PackLoader:240 - Cannot read IP mode file for wolfSSL.I-CUBE-wolfSSL.5.8.4
2026-05-03 16:10:26,879 [WARN] PackLoader:240 - Cannot read IP mode file for Cesanta.I-CUBE-Mongoose.7.20.0
2026-05-03 16:10:26,888 [WARN] PackLoader:240 - Cannot read IP mode file for STMicroelectronics.FP-SNS-STAIOTCFT.1.1.0
2026-05-03 16:10:26,957 [WARN] PackLoader:240 - Cannot read IP mode file for STMicroelectronics.X-CUBE-MEMS1.12.0.0
2026-05-03 16:10:27,160 [WARN] PackLoader:240 - Cannot read IP mode file for STMicroelectronics.X-CUBE-AZRTOS-G0.1.1.0
2026-05-03 16:10:27,195 [WARN] PackLoader:240 - Cannot read IP mode file for STMicroelectronics.X-CUBE-NFC4.3.0.0
2026-05-03 16:10:27,225 [WARN] PackLoader:240 - Cannot read IP mode file for EmbeddedOffice.I-CUBE-FS-RTOS.1.0.1
2026-05-03 16:10:27,237 [WARN] PackLoader:240 - Cannot read IP mode file for STMicroelectronics.X-CUBE-WB05N.2.0.0
2026-05-03 16:10:27,260 [WARN] PackLoader:240 - Cannot read IP mode file for wolfSSL.I-CUBE-wolfTPM.3.8.0
2026-05-03 16:10:27,276 [WARN] PackLoader:240 - Cannot read IP mode file for STMicroelectronics.X-CUBE-TCPP.4.2.0
2026-05-03 16:10:27,293 [WARN] PackLoader:240 - Cannot read IP mode file for RealThread.X-CUBE-RT-Thread_Nano.4.1.1
2026-05-03 16:10:27,305 [WARN] PackLoader:240 - Cannot read IP mode file for STMicroelectronics.FP-ATR-SIGFOX1.3.2.0
2026-05-03 16:10:27,317 [WARN] PackLoader:240 - Cannot read IP mode file for STMicroelectronics.X-CUBE-FREERTOS.1.5.0
2026-05-03 16:10:27,332 [WARN] PackLoader:240 - Cannot read IP mode file for ITTIA_DB.I-CUBE-ITTIADB.8.9.0
2026-05-03 16:10:27,345 [WARN] PackLoader:240 - Cannot read IP mode file for STMicroelectronics.X-CUBE-NFC6.3.2.0
2026-05-03 16:10:27,362 [WARN] PackLoader:240 - Cannot read IP mode file for STMicroelectronics.X-CUBE-AI.10.2.0
2026-05-03 16:10:27,415 [WARN] PackLoader:240 - Cannot read IP mode file for STMicroelectronics.X-CUBE-MEMS1.12.1.0
2026-05-03 16:10:27,523 [WARN] PackLoader:240 - Cannot read IP mode file for SEGGER.I-CUBE-embOS.1.3.1
2026-05-03 16:10:27,567 [WARN] PackLoader:240 - Cannot read IP mode file for STMicroelectronics.X-CUBE-ALGOBUILD.1.4.0
2026-05-03 16:10:27,573 [WARN] PackLoader:240 - Cannot read IP mode file for STMicroelectronics.X-CUBE-PM33A1.1.0.0
2026-05-03 16:10:27,593 [WARN] PackLoader:240 - Cannot read IP mode file for STMicroelectronics.X-CUBE-AZRTOS-F4.1.1.0
2026-05-03 16:10:27,600 [WARN] PackLoader:240 - Cannot read IP mode file for STMicroelectronics.X-CUBE-ISPU.2.1.0
2026-05-03 16:10:27,617 [WARN] PackLoader:240 - Cannot read IP mode file for STMicroelectronics.X-CUBE-IPS.3.2.0
2026-05-03 16:10:27,628 [WARN] PackLoader:240 - Cannot read IP mode file for STMicroelectronics.eDS-WB_DPC_TT-BIDIR.2.1.1
2026-05-03 16:10:27,635 [WARN] PackLoader:240 - Cannot read IP mode file for STMicroelectronics.X-CUBE-NFC12.1.0.0
2026-05-03 16:10:27,666 [WARN] PackLoader:240 - Cannot read IP mode file for STMicroelectronics.X-CUBE-AZRTOS-L5.2.0.0
2026-05-03 16:10:27,674 [WARN] PackLoader:240 - Cannot read IP mode file for STMicroelectronics.eDS-WB_DPC_VIENNA.1.2.0
2026-05-03 16:10:27,680 [WARN] PackLoader:240 - Cannot read IP mode file for STMicroelectronics.eDS-WB_DPC_3PH2L-BIDIR.1.1.1
2026-05-03 16:10:27,684 [ERROR] Engine:466 - C:\Users\User\.stm32cubemx\thirdparties\pdsc\STMicroelectronics.X-CUBE-ST67W61.1.3.0.pdsc: PDSC version is not supported
2026-05-03 16:10:27,691 [WARN] PackLoader:240 - Cannot read IP mode file for STMicroelectronics.X-CUBE-TOUCHGFX.4.26.0
2026-05-03 16:10:27,695 [WARN] PackLoader:240 - Cannot read IP mode file for STMicroelectronics.X-CUBE-TOUCHGFX.4.26.1
2026-05-03 16:10:27,700 [WARN] PackLoader:240 - Cannot read IP mode file for STMicroelectronics.FP-SNS-STAIOTCFT.1.0.0
2026-05-03 16:10:27,706 [WARN] PackLoader:240 - Cannot read IP mode file for STMicroelectronics.X-CUBE-DPower.1.3.0
2026-05-03 16:10:27,730 [WARN] ConditionMgr:438 - getConditionDescription Invalid condition id : LAN8742 Phy interface Condition cause : null
2026-05-03 16:10:27,732 [WARN] PackLoader:240 - Cannot read IP mode file for STMicroelectronics.X-CUBE-AZRTOS-L4.2.0.0
2026-05-03 16:10:27,733 [WARN] ConditionMgr:1044 - genDependencies : Invalid condition id : LAN8742 Phy interface Condition cause : null
2026-05-03 16:10:27,733 [WARN] ConditionMgr:1044 - genDependencies : Invalid condition id : LAN8742 Phy interface Condition cause : null
2026-05-03 16:10:27,734 [WARN] ConditionMgr:1044 - genDependencies : Invalid condition id : LAN8742 Phy interface Condition cause : null
2026-05-03 16:10:27,744 [WARN] PackLoader:240 - Cannot read IP mode file for STMicroelectronics.X-CUBE-SFXS2LP1.4.0.0
2026-05-03 16:10:27,751 [WARN] PackLoader:240 - Cannot read IP mode file for STMicroelectronics.X-CUBE-WB05N.2.1.0
2026-05-03 16:10:27,759 [WARN] PackLoader:240 - Cannot read IP mode file for STMicroelectronics.X-CUBE-ST67W61.1.2.0
2026-05-03 16:10:27,771 [WARN] PackLoader:240 - Cannot read IP mode file for STMicroelectronics.X-CUBE-BLEMGR.4.1.0
2026-05-03 16:10:27,789 [WARN] ConditionMgr:438 - getConditionDescription Invalid condition id : UX DEVICE CLASS RTOS Condition cause : null
2026-05-03 16:10:27,790 [WARN] ConditionMgr:438 - getConditionDescription Invalid condition id : UX DEVICE CLASS RTOS Condition cause : null
2026-05-03 16:10:27,792 [WARN] PackLoader:240 - Cannot read IP mode file for STMicroelectronics.X-CUBE-AZRTOS-WB.2.0.0
2026-05-03 16:10:27,793 [WARN] ConditionMgr:1044 - genDependencies : Invalid condition id : UX DEVICE CLASS RTOS Condition cause : null
2026-05-03 16:10:27,794 [WARN] ConditionMgr:1044 - genDependencies : Invalid condition id : UX DEVICE CLASS RTOS Condition cause : null
2026-05-03 16:10:27,795 [WARN] ConditionMgr:1044 - genDependencies : Invalid condition id : UX DEVICE CLASS RTOS Condition cause : null
2026-05-03 16:10:27,795 [WARN] ConditionMgr:1044 - genDependencies : Invalid condition id : UX DEVICE CLASS RTOS Condition cause : null
2026-05-03 16:10:27,796 [WARN] ConditionMgr:1044 - genDependencies : Invalid condition id : UX DEVICE CLASS RTOS Condition cause : null
2026-05-03 16:10:27,808 [WARN] ConditionMgr:438 - getConditionDescription Invalid condition id : Cortex-A Device cause : null
2026-05-03 16:10:27,822 [WARN] ConditionMgr:1044 - genDependencies : Invalid condition id : Cortex-A Device cause : null
2026-05-03 16:10:27,823 [WARN] ConditionMgr:1044 - genDependencies : Invalid condition id : Cortex-A Device cause : null
2026-05-03 16:10:27,823 [WARN] ConditionMgr:1044 - genDependencies : Invalid condition id : Cortex-A Device cause : null
2026-05-03 16:10:27,832 [WARN] PackLoader:240 - Cannot read IP mode file for STMicroelectronics.X-CUBE-STSE01.2.0.0
2026-05-03 16:10:27,847 [WARN] PackLoader:240 - Cannot read IP mode file for STMicroelectronics.X-CUBE-SUBG2.5.0.0
2026-05-03 16:10:27,870 [WARN] PackLoader:240 - Cannot read IP mode file for STMicroelectronics.X-CUBE-AZRTOS-G4.2.0.0
2026-05-03 16:10:27,878 [WARN] PackLoader:240 - Cannot read IP mode file for wolfSSL.I-CUBE-wolfSSH.1.4.20
2026-05-03 16:10:27,888 [WARN] PackLoader:240 - Cannot read IP mode file for STMicroelectronics.X-CUBE-NFC7.2.0.0
2026-05-03 16:10:27,896 [WARN] PackLoader:240 - Cannot read IP mode file for STMicroelectronics.X-CUBE-ALS.1.0.2
2026-05-03 16:10:27,908 [WARN] PackLoader:240 - Cannot read IP mode file for STMicroelectronics.X-CUBE-TOF1.3.4.3
2026-05-03 16:10:27,923 [INFO] ThirdParty:978 - Integrity check success = true
2026-05-03 16:10:27,923 [INFO] IntegrityCheckThread:100 - exiting critical section [integrity check]
2026-05-03 16:10:27,923 [INFO] IntegrityCheckThread:103 - End integrity checks thread
2026-05-03 16:10:28,445 [INFO] WebApp:463 - Apply proxy settings
2026-05-03 16:10:28,445 [INFO] WebApp:548 - Chromium requires no authentication
2026-05-03 16:10:28,530 [INFO] WebApp:491 - Direct internet connection detected
2026-05-03 16:10:28,671 [INFO] WebApp:900 - Register for checkConnection events
2026-05-03 16:10:28,671 [INFO] WebApp:463 - Apply proxy settings
2026-05-03 16:10:28,672 [INFO] WebApp:548 - Chromium requires no authentication
2026-05-03 16:10:28,672 [INFO] WebApp:491 - Direct internet connection detected
2026-05-03 16:10:28,906 [INFO] WebApp:191 - Connection restablished
2026-05-03 16:10:29,251 [INFO] WebApp:225 - Starting web application
2026-05-03 16:10:29,251 [INFO] WebApp:593 - Web application path used C:\ST\STM32CubeIDE_1.19.0\STM32CubeIDE\plugins\com.st.stm32cube.common.mx_6.15.0.202507011659\db\plugins\mcufinder\reactClient1\index.html
2026-05-03 16:10:29,418 [INFO] UserAuth:487 - Internet connection configuration mode: 1
2026-05-03 16:13:27,155 [INFO] McuFinderGlobals:63 - Set McuFinder mode to 2 (CubeIDE integrated)
2026-05-03 16:13:27,162 [INFO] MainUpdater:2872 - connection check result : 10
2026-05-03 16:13:27,163 [INFO] MainUpdater:2872 - connection check result : 10
2026-05-03 16:13:27,228 [INFO] MicroXplorer:468 - Change Database Path : 
2026-05-03 16:13:27,229 [INFO] MicroXplorer:498 - Change Database Version : DB.6.0.150
2026-05-03 16:13:27,236 [WARN] ThirdParty:871 - waiting for thirdparty lock release [close project]
2026-05-03 16:13:27,236 [INFO] ThirdParty:873 - entering critical section [close project]
2026-05-03 16:13:27,239 [INFO] ThirdParty:883 - exiting critical section [close project]
2026-05-03 16:13:27,241 [INFO] PinOutPanel:1589 - setPackage(No Configuration,No Configuration)
2026-05-03 16:13:27,243 [INFO] UtilMem:75 - Begin LoadConfig() Used Memory: 714939232 Bytes (1073741824)
2026-05-03 16:13:27,246 [INFO] MicroXplorer:468 - Change Database Path : 
2026-05-03 16:13:27,246 [INFO] MicroXplorer:498 - Change Database Version : DB.6.0.150
2026-05-03 16:13:27,247 [INFO] OpenFileManager:355 - Change cursor
2026-05-03 16:13:27,283 [INFO] Mcu:2029 - Initializing MCU STM32F103C(4-6)Tx STM32F103C6Tx STM32F103C6T6A
2026-05-03 16:13:28,363 [INFO] Context:786 - Trying to add GPIOservice into a context  which must be forbidden
2026-05-03 16:13:28,600 [INFO] ImportTextPane:234 - (OptionalMessage_ERROR) Pin15 (VP_RIF_VS_RIF1) cannot be retrieved for this MCU
2026-05-03 16:13:28,763 [INFO] RtosManager:558 - Registered RTOS mode: class=CMSIS, group=RTOS, mode=CMSIS_V1, owner=FREERTOS
2026-05-03 16:13:28,763 [INFO] RtosManager:558 - Registered RTOS mode: class=CMSIS, group=RTOS2, mode=CMSIS_V2, owner=FREERTOS
2026-05-03 16:13:28,763 [INFO] RtosManager:558 - Registered RTOS mode: class=RTOS, group=Core, mode=CMSIS_V1, owner=FREERTOS
2026-05-03 16:13:28,763 [INFO] RtosManager:558 - Registered RTOS mode: class=RTOS, group=Core, mode=CMSIS_V2, owner=FREERTOS
2026-05-03 16:13:28,763 [WARN] ModelIntegratedComponent:184 - Missing modes for component STMicroelectronics:FreeRTOS:0.0.1:STMicroelectronics:RTOS:FreeRTOS:Core:::10.2.0:
2026-05-03 16:13:28,784 [WARN] ModelIntegratedComponent:63 - No mode defined for component null
2026-05-03 16:13:28,784 [WARN] ModelIntegratedComponent:63 - No mode defined for component null
2026-05-03 16:13:28,784 [WARN] ModelIntegratedComponent:63 - No mode defined for component null
2026-05-03 16:13:28,784 [WARN] ModelIntegratedComponent:63 - No mode defined for component null
2026-05-03 16:13:28,785 [WARN] ModelIntegratedComponent:63 - No mode defined for component null
2026-05-03 16:13:28,785 [WARN] ModelIntegratedComponent:63 - No mode defined for component null
2026-05-03 16:13:28,785 [WARN] ModelIntegratedComponent:63 - No mode defined for component null
2026-05-03 16:13:28,785 [WARN] ModelIntegratedComponent:63 - No mode defined for component null
2026-05-03 16:13:28,785 [WARN] ModelIntegratedComponent:63 - No mode defined for component null
2026-05-03 16:13:28,785 [WARN] ModelIntegratedComponent:63 - No mode defined for component null
2026-05-03 16:13:28,785 [WARN] ModelIntegratedComponent:63 - No mode defined for component null
2026-05-03 16:13:28,785 [WARN] ModelIntegratedComponent:63 - No mode defined for component null
2026-05-03 16:13:28,785 [WARN] ModelIntegratedComponent:63 - No mode defined for component null
2026-05-03 16:13:28,785 [WARN] ModelIntegratedComponent:63 - No mode defined for component null
2026-05-03 16:13:28,785 [WARN] ModelIntegratedComponent:63 - No mode defined for component null
2026-05-03 16:13:28,785 [WARN] ModelIntegratedComponent:63 - No mode defined for component null
2026-05-03 16:13:28,785 [WARN] ModelIntegratedComponent:63 - No mode defined for component null
2026-05-03 16:13:28,785 [WARN] ModelIntegratedComponent:63 - No mode defined for component null
2026-05-03 16:13:28,785 [WARN] ModelIntegratedComponent:63 - No mode defined for component null
2026-05-03 16:13:28,785 [WARN] ModelIntegratedComponent:63 - No mode defined for component null
2026-05-03 16:13:28,785 [WARN] ModelIntegratedComponent:63 - No mode defined for component null
2026-05-03 16:13:28,785 [WARN] ModelIntegratedComponent:63 - No mode defined for component null
2026-05-03 16:13:28,785 [WARN] ModelIntegratedComponent:63 - No mode defined for component null
2026-05-03 16:13:28,785 [WARN] ModelIntegratedComponent:63 - No mode defined for component null
2026-05-03 16:13:28,785 [WARN] ModelIntegratedComponent:63 - No mode defined for component null
2026-05-03 16:13:28,785 [WARN] ModelIntegratedComponent:63 - No mode defined for component null
2026-05-03 16:13:28,785 [WARN] ModelIntegratedComponent:63 - No mode defined for component null
2026-05-03 16:13:28,787 [WARN] ModelIntegratedComponent:63 - No mode defined for component null
2026-05-03 16:13:28,787 [WARN] ModelIntegratedComponent:63 - No mode defined for component null
2026-05-03 16:13:28,787 [WARN] ModelIntegratedComponent:63 - No mode defined for component null
2026-05-03 16:13:28,787 [WARN] ModelIntegratedComponent:63 - No mode defined for component null
2026-05-03 16:13:28,787 [WARN] ModelIntegratedComponent:63 - No mode defined for component null
2026-05-03 16:13:28,787 [WARN] ModelIntegratedComponent:63 - No mode defined for component null
2026-05-03 16:13:28,787 [WARN] ModelIntegratedComponent:63 - No mode defined for component null
2026-05-03 16:13:28,787 [WARN] ModelIntegratedComponent:63 - No mode defined for component null
2026-05-03 16:13:28,787 [WARN] ModelPack:524 - Component already loaded: STMicroelectronics:HAL Drivers:0.0.0:STMicroelectronics:Device:STMicro_Driver:XSPI:HAL::0.0.1:HAL_XSPI
2026-05-03 16:13:28,878 [INFO] ThirdPartyModel:298 - Start build external matchings
2026-05-03 16:13:29,444 [INFO] ThirdPartyModel:316 - End build external matchings
2026-05-03 16:13:29,466 [INFO] ImportTextPane:234 - (OptionalMessage_ERROR) IP (DMA) : Parameter (Instance) has Id (ADC1) currently not set
2026-05-03 16:13:29,466 [INFO] ImportTextPane:234 - (OptionalMessage_ERROR) IP (DMA) : Parameter (Direction) has Id (ADC1) currently not set
2026-05-03 16:13:29,466 [INFO] ImportTextPane:234 - (OptionalMessage_ERROR) IP (DMA) : Parameter (PeriphInc) has Id (ADC1) currently not set
2026-05-03 16:13:29,466 [INFO] ImportTextPane:234 - (OptionalMessage_ERROR) IP (DMA) : Parameter (MemInc) has Id (ADC1) currently not set
2026-05-03 16:13:29,468 [INFO] ImportTextPane:234 - (OptionalMessage_ERROR) IP (DMA) : Parameter (PeriphDataAlignment) has Id (ADC1) currently not set
2026-05-03 16:13:29,468 [INFO] ImportTextPane:234 - (OptionalMessage_ERROR) IP (DMA) : Parameter (MemDataAlignment) has Id (ADC1) currently not set
2026-05-03 16:13:29,468 [INFO] ImportTextPane:234 - (OptionalMessage_ERROR) IP (DMA) : Parameter (Mode) has Id (ADC1) currently not set
2026-05-03 16:13:29,468 [INFO] ImportTextPane:234 - (OptionalMessage_ERROR) IP (DMA) : Parameter (Priority) has Id (ADC1) currently not set
2026-05-03 16:13:29,469 [INFO] ImportTextPane:234 - (OptionalMessage_ERROR) IP (RCC) : Invalid parameter (FamilyName)
2026-05-03 16:13:29,965 [INFO] ApiDb:581 - Connected to CubeFinder SQLite database (C:\Users\User\.stmcufinder\plugins\mcufinder\mcu\cube-finder-db.db)
2026-05-03 16:13:30,090 [INFO] ApiDb:668 - CubeFinder database Data Model version=2.1
2026-05-03 16:13:30,091 [INFO] ApiDb:669 - CubeFinder database Configuration version=3.0.42
2026-05-03 16:13:30,091 [INFO] ApiDb:670 - CubeFinder database generation date=2026-03-11 (1773229989)
2026-05-03 16:13:30,091 [INFO] ApiDb:671 - CubeFinder database FW Pack versions=[FP-ATR-ASTRA1_V2.0.0, FP-SNS-FLIGHT1_V5.1.0, FP-SNS-MOTENV1_V5.1.0, FP-SNS-MOTENVWB1_V1.5.0, FP-SNS-SMARTAG2_V1.2.0, FP-SNS-STBOX1_V2.1.0, STM32Cube_FW_C0_V1.4.0, STM32Cube_FW_F4_V1.28.3, STM32Cube_FW_F7_V1.17.4, STM32Cube_FW_G0_V1.6.3, STM32Cube_FW_G4_V1.6.2, STM32Cube_FW_H5_V1.6.0, STM32Cube_FW_H7RS_V1.3.0, STM32Cube_FW_H7_V1.13.0, STM32Cube_FW_L0_V1.12.2, STM32Cube_FW_L4_V1.18.2, STM32Cube_FW_L5_V1.6.0, STM32Cube_FW_N6_V1.3.0, STM32Cube_FW_U0_V1.3.0, STM32Cube_FW_U3_V1.3.0, STM32Cube_FW_U5_V1.8.0, STM32Cube_FW_WB0_V1.4.0, STM32Cube_FW_WBA_V1.9.0, STM32Cube_FW_WB_V1.24.0, STM32Cube_FW_WL3_V1.4.0, STM32Cube_FW_WL_V1.5.0, X-CUBE-ALGOBUILD_V1.4.0, X-CUBE-ALS_V1.0.2, X-CUBE-AZRTOS-F4_V1.1.0, X-CUBE-AZRTOS-F7_V1.1.0, X-CUBE-AZRTOS-G0_V1.1.0, X-CUBE-AZRTOS-G4_V2.0.0, X-CUBE-AZRTOS-H7RS_V1.1.0, X-CUBE-AZRTOS-H7_V3.4.0, X-CUBE-AZRTOS-L4_V2.0.0, X-CUBE-AZRTOS-L5_V2.0.0, X-CUBE-AZRTOS-WB_V2.0.0, X-CUBE-AZRTOS-WL_V2.0.0, X-CUBE-BLE1_V7.1.0, X-CUBE-BLE2_V3.3.0, X-CUBE-BLEMGR_V4.1.0, X-CUBE-EEPRMA1_V5.2.0, X-CUBE-FREERTOS_V1.5.0, X-CUBE-GNSS1_V6.0.0, X-CUBE-MEMS1_V12.0.0, X-CUBE-NFC4_V3.0.0, X-CUBE-NFC7_V2.0.0, X-CUBE-SFXS2LP1_V4.0.0, X-CUBE-ST67W61_V1.2.0, X-CUBE-SUBG2_V5.0.0, X-CUBE-TOF1_V3.4.3]
2026-05-03 16:13:30,260 [INFO] DbBoardsSqlite:226 - include board P-NUCLEO-WB55-NUCLEO as a kit item of type 'Nucleo-64'
2026-05-03 16:13:30,260 [INFO] DbBoardsSqlite:226 - include board P-NUCLEO-WB55-USBDONGLE as a kit item of type 'Nucleo USB Dongle'
2026-05-03 16:13:30,262 [INFO] DbBoardsSqlite:226 - include board STEVAL-IDP005V1 as a kit item of type 'Evaluation Board'
2026-05-03 16:13:30,263 [INFO] DbBoardsSqlite:226 - include board STEVAL-IDP005V2 as a kit item of type 'Evaluation Board'
2026-05-03 16:13:31,013 [INFO] ApiDb:240 - Found 880 in-development CPN: [B-G473E-ZEST1S, B-WB1M-WPAN1, B-WBA5M-WPAN, B-WL5M-SUBG1, NUCLEO-C031C6, NUCLEO-C051C8, NUCLEO-C071RB, NUCLEO-C092RC, NUCLEO-H503RB, NUCLEO-H533RE, NUCLEO-H563ZI, NUCLEO-H7S3L8, NUCLEO-N657X0-Q, NUCLEO-U031R8, NUCLEO-U083RC, NUCLEO-U385RG-Q, NUCLEO-U545RE-Q, NUCLEO-U5A5ZJ-Q, NUCLEO-WB05KZ, NUCLEO-WB07CC, NUCLEO-WB09KE, NUCLEO-WBA52CG, NUCLEO-WBA55CG, NUCLEO-WL33CC1, NUCLEO-WL33CC2, STEVAL-PROTEUS1, STEVAL-SMARTAG2, STEVAL-STWINBX1, STM320518-EVAL, STM32C0116-DK, STM32C011D6Y3TR, STM32C011D6Y6TR, STM32C011F4P3, STM32C011F4P6, STM32C011F4U3, STM32C011F4U6TR, STM32C011F6P3, STM32C011F6P6, STM32C011F6U3, STM32C011F6U6TR, STM32C011J4M3, STM32C011J4M6, STM32C011J6M3, STM32C011J6M6, STM32C0316-DK, STM32C031C4T3, STM32C031C4T6, STM32C031C4U3, STM32C031C4U6, STM32C031C6T3, STM32C031C6T6, STM32C031C6U3, STM32C031C6U6, STM32C031F4P3, STM32C031F4P6, STM32C031F6P3, STM32C031F6P6, STM32C031G4U3, STM32C031G4U6, STM32C031G6U3, STM32C031G6U6, STM32C031K4T3, STM32C031K4T6, STM32C031K4U3, STM32C031K4U6, STM32C031K6T3, STM32C031K6T6, STM32C031K6U3, STM32C031K6U6, STM32C051C6T6, STM32C051C6U6, STM32C051C8T6, STM32C051C8U6, STM32C051D8Y6TR, STM32C051F6P6, STM32C051F8P6, STM32C051G6U6, STM32C051G8U6, STM32C051K6T6, STM32C051K6U6, STM32C051K8T6, STM32C071C8T6, STM32C071C8T6N, STM32C071C8U6, STM32C071C8U6N, STM32C071CBT6, STM32C071CBT6N, STM32C071CBU6, STM32C071CBU6N, STM32C071F8P6, STM32C071F8P6N, STM32C071FBP6, STM32C071FBP6N, STM32C071FBY6TR, STM32C071G8U6, STM32C071G8U6N, STM32C071GBU6, STM32C071GBU6N, STM32C071K8T6, STM32C071K8T6N, STM32C071K8U6, STM32C071K8U6N, STM32C071KBT6, STM32C071KBT6N, STM32C071KBU6, STM32C071KBU6N, STM32C071R8T6, STM32C071R8T6N, STM32C071RBI6N, STM32C071RBT6, STM32C071RBT6N, STM32C091CBT6, STM32C091CBU6, STM32C091CCT6, STM32C091CCU6, STM32C091ECY6TR, STM32C091FBP6, STM32C091FCP6, STM32C091GBU6, STM32C091GCU6, STM32C091KBT6, STM32C091KBU6, STM32C091KCT6, STM32C091KCU6, STM32C091RBT6, STM32C091RCI6, STM32C091RCT6, STM32C092CBT6, STM32C092CBU6, STM32C092CCT6, STM32C092CCU6, STM32C092ECY6TR, STM32C092FBP6, STM32C092FCP6, STM32C092GBU6, STM32C092GCU6, STM32C092KBT6, STM32C092KBU6, STM32C092KCT6, STM32C092KCU6, STM32C092RBT6, STM32C092RCI6, STM32C092RCT6, STM32G071K8TXN, STM32G071K8UXN, STM32G081GBU6N, STM32G081KBT6N, STM32G081KBUXN, STM32G0B1CCT6N, STM32G0B1KCT6, STM32G0B1NEY6TR, STM32G0B1RCT6N, STM32G0C1CCT6, STM32G0C1CCT6N, STM32G0C1CCU6N, STM32G0C1CET6N, STM32G0C1CEU6N, STM32G0C1KCT6, STM32G0C1NEY6TR, STM32G0C1RCI6N, STM32G0C1RCT6N, STM32G0C1REI6N, STM32G0C1RET6N, STM32G0C1VCI6, STM32G0C1VEI6, STM32G411C6T3, STM32G411C6T6, STM32G411C6U3, STM32G411C6U6, STM32G411C8T3, STM32G411C8T6, STM32G411C8U3, STM32G411C8U6, STM32G411CBT3, STM32G411CBT6, STM32G411CBU3, STM32G411CBU6, STM32G411K6T3, STM32G411K6T6, STM32G411K6U3, STM32G411K6U6, STM32G411K8T3, STM32G411K8T6, STM32G411K8U3, STM32G411K8U6, STM32G411KBT3, STM32G411KBT6, STM32G411KBU3, STM32G411KBU6, STM32G411M6T3, STM32G411M6T6, STM32G411M8T3, STM32G411M8T6, STM32G411MBT3, STM32G411MBT6, STM32G411R6T3, STM32G411R6T6, STM32G411R8T3, STM32G411R8T6, STM32G411RBT3, STM32G411RBT6, STM32G414CBT3, STM32G414CBT6, STM32G414CBU3, STM32G414CBU6, STM32G414CCT3, STM32G414CCT6, STM32G414CCU3, STM32G414CCU6, STM32G414MBT3, STM32G414MBT6, STM32G414MCT3, STM32G414MCT6, STM32G414RBT3, STM32G414RBT6, STM32G414RCT3, STM32G414RCT6, STM32G414VBT3, STM32G414VBT6, STM32G414VCT3, STM32G414VCT6, STM32G431CBT3Z, STM32G431RBT3Z, STM32G471CCT6, STM32G471CCU6, STM32G471CET3, STM32G471CET6, STM32G471CEU3, STM32G471CEU6, STM32G471MCT6, STM32G471MET3, STM32G471MET6, STM32G471MEY6TR, STM32G471QCT6, STM32G471QET3, STM32G471RCT6, STM32G471RET3, STM32G471RET6, STM32G471VCH6, STM32G471VCI6, STM32G471VCT6, STM32G471VEH3, STM32G471VEH6, STM32G471VEI3, STM32G471VEI6, STM32G471VET3, STM32G471VET6, STM32G473QET3Z, STM32G473RET3Z, STM32G474CCT6, STM32G491RET3Z, STM32H503CBT6, STM32H503CBU6, STM32H503EBY6TR, STM32H503KBU6, STM32H503RBT6, STM32H523CCT6, STM32H523CCU6, STM32H523CET6, STM32H523CEU6, STM32H523HEY6TR, STM32H523RCT6, STM32H523RET6, STM32H523VCI6, STM32H523VCT6, STM32H523VEI6, STM32H523VET6, STM32H523ZCJ6, STM32H523ZCT6, STM32H523ZEJ6, STM32H523ZET6, STM32H533CET6, STM32H533CEU6, STM32H533HEY6TR, STM32H533RET6, STM32H533VEI6, STM32H533VET6, STM32H533ZEJ6, STM32H533ZET6, STM32H562AGI6, STM32H562AII6, STM32H562IGK6, STM32H562IGT6, STM32H562IIK6, STM32H562IIT6, STM32H562RGT6, STM32H562RGV6, STM32H562RIT6, STM32H562RIV6, STM32H562VGT6, STM32H562VIT6, STM32H562ZGT6, STM32H562ZIT6, STM32H563AGI6, STM32H563AII3Q, STM32H563AII6, STM32H563IGK6, STM32H563IGT6, STM32H563IIK3Q, STM32H563IIK6, STM32H563IIT3Q, STM32H563IIT6, STM32H563MIY3QTR, STM32H563RGT6, STM32H563RGV6, STM32H563RIT6, STM32H563RIV6, STM32H563VGT6, STM32H563VIT3Q, STM32H563VIT6, STM32H563ZGT6, STM32H563ZIT3Q, STM32H563ZIT6, STM32H573AII3Q, STM32H573AII6, STM32H573I-DK, STM32H573IIK3Q, STM32H573IIK6, STM32H573IIT3Q, STM32H573IIT6, STM32H573MIY3QTR, STM32H573RIT6, STM32H573RIV6, STM32H573VIT3Q, STM32H573VIT6, STM32H573ZIT3Q, STM32H573ZIT6, STM32H7R3A8I6, STM32H7R3I8K6, STM32H7R3I8T6, STM32H7R3L8H6, STM32H7R3L8H6H, STM32H7R3R8V6, STM32H7R3V8H6, STM32H7R3V8T6, STM32H7R3V8Y6TR, STM32H7R3Z8J6, STM32H7R3Z8T6, STM32H7R7A8I6, STM32H7R7I8K6, STM32H7R7I8T6, STM32H7R7L8H6, STM32H7R7L8H6H, STM32H7R7Z8J6, STM32H7S3A8I6, STM32H7S3I8K6, STM32H7S3I8T6, STM32H7S3L8H6, STM32H7S3L8H6H, STM32H7S3R8V6, STM32H7S3V8H6, STM32H7S3V8T6, STM32H7S3V8Y6TR, STM32H7S3Z8J6, STM32H7S3Z8T6, STM32H7S78-DK, STM32H7S7A8I6, STM32H7S7I8K6, STM32H7S7I8T6, STM32H7S7L8H6, STM32H7S7L8H6H, STM32H7S7Z8J6, STM32L4R5QGI6STR, STM32MP131AAE3, STM32MP131AAF3, STM32MP131AAG3, STM32MP131CAE3, STM32MP131CAF3, STM32MP131CAG3, STM32MP131DAE7, STM32MP131DAF7, STM32MP131DAG7, STM32MP131FAE7, STM32MP131FAF7, STM32MP131FAG7, STM32MP133AAE3, STM32MP133AAF3, STM32MP133AAG3, STM32MP133CAE3, STM32MP133CAF3, STM32MP133CAG3, STM32MP133DAE7, STM32MP133DAF7, STM32MP133DAG7, STM32MP133FAE7, STM32MP133FAF7, STM32MP133FAG7, STM32MP135AAE3, STM32MP135AAF3, STM32MP135AAG3, STM32MP135CAE3, STM32MP135CAF3, STM32MP135CAG3, STM32MP135DAE7, STM32MP135DAF7, STM32MP135DAG7, STM32MP135F-DK, STM32MP135FAE7, STM32MP135FAF7, STM32MP135FAF7T, STM32MP135FAF7U, STM32MP135FAG7, STM32MP211AAL3, STM32MP211AAM3, STM32MP211AAN3, STM32MP211AAO3, STM32MP211CAL3, STM32MP211CAM3, STM32MP211CAN3, STM32MP211CAO3, STM32MP211DAL3, STM32MP211DAM3, STM32MP211DAN3, STM32MP211DAO3, STM32MP211FAL3, STM32MP211FAM3, STM32MP211FAN3, STM32MP211FAO3, STM32MP213AAL3, STM32MP213AAM3, STM32MP213AAN3, STM32MP213AAO3, STM32MP213CAL3, STM32MP213CAM3, STM32MP213CAN3, STM32MP213CAO3, STM32MP213DAL3, STM32MP213DAM3, STM32MP213DAN3, STM32MP213DAO3, STM32MP213FAL3, STM32MP213FAM3, STM32MP213FAN3, STM32MP213FAO3, STM32MP215AAL3, STM32MP215AAM3, STM32MP215AAN3, STM32MP215AAO3, STM32MP215CAL3, STM32MP215CAM3, STM32MP215CAN3, STM32MP215CAO3, STM32MP215DAL3, STM32MP215DAM3, STM32MP215DAN3, STM32MP215DAO3, STM32MP215F-DK, STM32MP215FAL3, STM32MP215FAM3, STM32MP215FAN3, STM32MP215FAO3, STM32MP231AAJ3, STM32MP231AAK3, STM32MP231AAL3, STM32MP231CAJ3, STM32MP231CAK3, STM32MP231CAL3, STM32MP231DAJ3, STM32MP231DAK3, STM32MP231DAL3, STM32MP231FAJ3, STM32MP231FAK3, STM32MP231FAL3, STM32MP233AAJ3, STM32MP233AAK3, STM32MP233AAL3, STM32MP233CAJ3, STM32MP233CAK3, STM32MP233CAL3, STM32MP233DAJ3, STM32MP233DAK3, STM32MP233DAL3, STM32MP233FAJ3, STM32MP233FAK3, STM32MP233FAL3, STM32MP235AAJ3, STM32MP235AAK3, STM32MP235AAL3, STM32MP235CAJ3, STM32MP235CAK3, STM32MP235CAL3, STM32MP235DAJ3, STM32MP235DAK3, STM32MP235DAL3, STM32MP235FAJ3, STM32MP235FAK3, STM32MP235FAL3, STM32MP251AAI3, STM32MP251AAK3, STM32MP251AAL3, STM32MP251CAI3, STM32MP251CAK3, STM32MP251CAL3, STM32MP251DAI3, STM32MP251DAK3, STM32MP251DAL3, STM32MP251FAI3, STM32MP251FAK3, STM32MP251FAL3, STM32MP253AAI3, STM32MP253AAK3, STM32MP253AAL3, STM32MP253CAI3, STM32MP253CAK3, STM32MP253CAL3, STM32MP253DAI3, STM32MP253DAK3, STM32MP253DAL3, STM32MP253FAI3, STM32MP253FAK3, STM32MP253FAL3, STM32MP255AAI3, STM32MP255AAK3, STM32MP255AAL3, STM32MP255CAI3, STM32MP255CAK3, STM32MP255CAL3, STM32MP255DAI3, STM32MP255DAK3, STM32MP255DAL3, STM32MP255FAI3, STM32MP255FAK3, STM32MP255FAL3, STM32MP257AAI3, STM32MP257AAK3, STM32MP257AAL3, STM32MP257CAI3, STM32MP257CAK3, STM32MP257CAL3, STM32MP257DAI3, STM32MP257DAK3, STM32MP257DAL3, STM32MP257F-DK, STM32MP257F-EV1, STM32MP257FAI3, STM32MP257FAK3, STM32MP257FAL3, STM32N645A0H3Q, STM32N645B0H3Q, STM32N645I0H3Q, STM32N645L0H3Q, STM32N645X0H3Q, STM32N645Z0H3Q, STM32N647A0H3Q, STM32N647B0H3Q, STM32N647I0H3Q, STM32N647L0H3Q, STM32N647X0H3Q, STM32N647Z0H3Q, STM32N655A0H3Q, STM32N655B0H3Q, STM32N655I0H3Q, STM32N655L0H3Q, STM32N655X0H3Q, STM32N655Z0H3Q, STM32N6570-DK, STM32N657A0H3Q, STM32N657B0H3Q, STM32N657I0H3Q, STM32N657L0H3Q, STM32N657X0H3Q, STM32N657Z0H3Q, STM32U031C6T6, STM32U031C6U6, STM32U031C8T6, STM32U031C8U6, STM32U031F4P6, STM32U031F6P6, STM32U031F8P6, STM32U031G6Y6TR, STM32U031G8Y6TR, STM32U031K4U6, STM32U031K6U6, STM32U031K8U6, STM32U031R6I6, STM32U031R6T6, STM32U031R8I6, STM32U031R8T6, STM32U073C8T6, STM32U073C8U6, STM32U073CBT6, STM32U073CBU6, STM32U073CCT6, STM32U073CCU6, STM32U073H8Y6TR, STM32U073HBY6TR, STM32U073HCY6TR, STM32U073K8U6, STM32U073KBU6, STM32U073KCU6, STM32U073M8I6, STM32U073M8T6, STM32U073MBI6, STM32U073MBT6, STM32U073MCI6, STM32U073MCT6, STM32U073R8I6, STM32U073R8T6, STM32U073RBI6, STM32U073RBT6, STM32U073RCI6, STM32U073RCT6, STM32U083C-DK, STM32U083CCT6, STM32U083CCU6, STM32U083HCY6TR, STM32U083KCU6, STM32U083MCI6, STM32U083MCT6, STM32U083RCI6, STM32U083RCT6, STM32U375CET6, STM32U375CET6Q, STM32U375CEU6, STM32U375CEU6Q, STM32U375CEY6QTR, STM32U375CGT6, STM32U375CGT6Q, STM32U375CGU6, STM32U375CGU6Q, STM32U375CGY6QTR, STM32U375KEU6, STM32U375KGU6, STM32U375REI6, STM32U375REI6Q, STM32U375RET6, STM32U375RET6Q, STM32U375REY6GTR, STM32U375REY6QTR, STM32U375RGI6, STM32U375RGI6Q, STM32U375RGT6, STM32U375RGT6Q, STM32U375RGY6GTR, STM32U375RGY6QTR, STM32U375VEI6, STM32U375VEI6Q, STM32U375VET6, STM32U375VET6Q, STM32U375VGI6, STM32U375VGI6Q, STM32U375VGT6, STM32U375VGT6Q, STM32U385CGT6, STM32U385CGT6Q, STM32U385CGU6, STM32U385CGU6Q, STM32U385CGY6QTR, STM32U385KGU6, STM32U385RGI6, STM32U385RGI6Q, STM32U385RGT6, STM32U385RGT6Q, STM32U385RGY6GTR, STM32U385RGY6QTR, STM32U385VGI6, STM32U385VGI6Q, STM32U385VGT6, STM32U385VGT6Q, STM32U535CBT6, STM32U535CBT6Q, STM32U535CBU6, STM32U535CBU6Q, STM32U535CCT6, STM32U535CCT6Q, STM32U535CCU6, STM32U535CCU6Q, STM32U535CET6, STM32U535CET6Q, STM32U535CEU6, STM32U535CEU6Q, STM32U535JEY6QTR, STM32U535NCY6QTR, STM32U535NEY6QTR, STM32U535RBI6, STM32U535RBI6Q, STM32U535RBT6, STM32U535RBT6Q, STM32U535RCI6, STM32U535RCI6Q, STM32U535RCT6, STM32U535RCT6Q, STM32U535REI6, STM32U535REI6Q, STM32U535RET6, STM32U535RET6Q, STM32U535VCI6, STM32U535VCI6Q, STM32U535VCT6, STM32U535VCT6Q, STM32U535VEI6, STM32U535VEI6Q, STM32U535VET6, STM32U535VET6Q, STM32U545CET6, STM32U545CET6Q, STM32U545CEU6, STM32U545CEU6Q, STM32U545JEY6QTR, STM32U545NEY6QTR, STM32U545REI6, STM32U545REI6Q, STM32U545RET6, STM32U545RET6Q, STM32U545VEI6, STM32U545VEI6Q, STM32U545VET6, STM32U545VET6Q, STM32U595AIH6, STM32U595AIH6Q, STM32U595AJH6, STM32U595AJH6Q, STM32U595QII6, STM32U595QII6Q, STM32U595QJI6, STM32U595QJI6Q, STM32U595RIT6, STM32U595RIT6Q, STM32U595RJT6, STM32U595RJT6Q, STM32U595VIT6, STM32U595VIT6Q, STM32U595VJT6, STM32U595VJT6Q, STM32U595ZIT6, STM32U595ZIT6Q, STM32U595ZIY6QTR, STM32U595ZJT6, STM32U595ZJT6Q, STM32U595ZJY6QTR, STM32U599BJY6QTR, STM32U599NIH6Q, STM32U599NJH6Q, STM32U599VIT6Q, STM32U599VJT6, STM32U599VJT6Q, STM32U599ZIT6Q, STM32U599ZIY6QTR, STM32U599ZJT6Q, STM32U599ZJY6QTR, STM32U5A5AJH6, STM32U5A5AJH6Q, STM32U5A5QII3Q , STM32U5A5QJI6, STM32U5A5QJI6Q, STM32U5A5RJT6, STM32U5A5RJT6Q, STM32U5A5VJT6, STM32U5A5VJT6Q, STM32U5A5ZJT6, STM32U5A5ZJT6Q, STM32U5A5ZJY6QTR, STM32U5A9BJY6QTR, STM32U5A9J-DK, STM32U5A9NJH6Q, STM32U5A9VJT6Q, STM32U5A9ZJT6Q, STM32U5A9ZJY6QTR, STM32U5F7VIT6, STM32U5F7VIT6Q, STM32U5F7VJT6, STM32U5F7VJT6Q, STM32U5F9BJY6QTR, STM32U5F9NJH6Q, STM32U5F9VIT6Q, STM32U5F9VJT6Q, STM32U5F9ZIJ6QTR, STM32U5F9ZIT6Q, STM32U5F9ZJJ6QTR, STM32U5F9ZJT6Q, STM32U5G7VJT6, STM32U5G7VJT6Q, STM32U5G9BJY6QTR, STM32U5G9J-DK1, STM32U5G9J-DK2, STM32U5G9NJH6Q, STM32U5G9VJT6Q, STM32U5G9ZJJ6QTR, STM32U5G9ZJT6Q, STM32WB05KZV6TR, STM32WB05KZV7TR, STM32WB05TZF6TR, STM32WB05TZF7TR, STM32WB06CCF6TR, STM32WB06CCF7TR, STM32WB06CCV6TR, STM32WB06CCV7TR, STM32WB06KCV6TR, STM32WB06KCV7TR, STM32WB07CCF6TR, STM32WB07CCF7TR, STM32WB07CCV6TR, STM32WB07CCV7TR, STM32WB07KCV6TR, STM32WB07KCV7TR, STM32WB09KEV6TR, STM32WB09KEV7TR, STM32WB09TEF6TR, STM32WB09TEF7TR, STM32WB1MMCH6, STM32WBA50KGU6, STM32WBA50KGU6TR, STM32WBA52CEU6, STM32WBA52CEU6TR, STM32WBA52CEU7, STM32WBA52CEU7TR, STM32WBA52CGU6, STM32WBA52CGU6TR, STM32WBA52CGU6U, STM32WBA52CGU7, STM32WBA52CGU7TR, STM32WBA52KEU6, STM32WBA52KEU6TR, STM32WBA52KGU6, STM32WBA52KGU6TR, STM32WBA54CEU6, STM32WBA54CEU6TR, STM32WBA54CEU7, STM32WBA54CEU7TR, STM32WBA54CGU6, STM32WBA54CGU6TR, STM32WBA54CGU7, STM32WBA54CGU7TR, STM32WBA54KEU6, STM32WBA54KEU6TR, STM32WBA54KEU7, STM32WBA54KEU7TR, STM32WBA54KGU6, STM32WBA54KGU6TR, STM32WBA54KGU7, STM32WBA54KGU7TR, STM32WBA55CEU6, STM32WBA55CEU6TR, STM32WBA55CEU7, STM32WBA55CEU7TR, STM32WBA55CGU6, STM32WBA55CGU6TR, STM32WBA55CGU6U, STM32WBA55CGU7, STM32WBA55CGU7TR, STM32WBA55G-DK1, STM32WBA55HEF6, STM32WBA55HEF7, STM32WBA55HGF6, STM32WBA55HGF7, STM32WBA55UEI6, STM32WBA55UEI6TR, STM32WBA55UEI7, STM32WBA55UEI7TR, STM32WBA55UGI6, STM32WBA55UGI6TR, STM32WBA55UGI7, STM32WBA55UGI7TR, STM32WBA5MMGH6TR, STM32WBA62MGF6, STM32WBA62MIF6, STM32WBA65MGF7, STM32WBA65MIF6, STM32WBA65MIF7, STM32WL30K8V6, STM32WL30KBV6, STM32WL31C8V6, STM32WL31CBV6, STM32WL31K8V6, STM32WL31KBV6, STM32WL33C8V6, STM32WL33C8V6X, STM32WL33CBV6, STM32WL33CBV6X, STM32WL33CCV6, STM32WL33CCV6A, STM32WL33CCV6X, STM32WL33K8V7, STM32WL33K8V7X, STM32WL33KBV7 , STM32WL33KBV7X, STM32WL33KCV7, STM32WL33KCV7X, STM32WL5MOCH6, STM32WL5MOCH6TR]
2026-05-03 16:13:31,017 [INFO] ApiDb:668 - CubeFinder database Data Model version=2.1
2026-05-03 16:13:31,017 [INFO] ApiDb:669 - CubeFinder database Configuration version=3.0.42
2026-05-03 16:13:31,017 [INFO] ApiDb:670 - CubeFinder database generation date=2026-03-11 (1773229989)
2026-05-03 16:13:31,017 [INFO] ApiDb:671 - CubeFinder database FW Pack versions=[FP-ATR-ASTRA1_V2.0.0, FP-SNS-FLIGHT1_V5.1.0, FP-SNS-MOTENV1_V5.1.0, FP-SNS-MOTENVWB1_V1.5.0, FP-SNS-SMARTAG2_V1.2.0, FP-SNS-STBOX1_V2.1.0, STM32Cube_FW_C0_V1.4.0, STM32Cube_FW_F4_V1.28.3, STM32Cube_FW_F7_V1.17.4, STM32Cube_FW_G0_V1.6.3, STM32Cube_FW_G4_V1.6.2, STM32Cube_FW_H5_V1.6.0, STM32Cube_FW_H7RS_V1.3.0, STM32Cube_FW_H7_V1.13.0, STM32Cube_FW_L0_V1.12.2, STM32Cube_FW_L4_V1.18.2, STM32Cube_FW_L5_V1.6.0, STM32Cube_FW_N6_V1.3.0, STM32Cube_FW_U0_V1.3.0, STM32Cube_FW_U3_V1.3.0, STM32Cube_FW_U5_V1.8.0, STM32Cube_FW_WB0_V1.4.0, STM32Cube_FW_WBA_V1.9.0, STM32Cube_FW_WB_V1.24.0, STM32Cube_FW_WL3_V1.4.0, STM32Cube_FW_WL_V1.5.0, X-CUBE-ALGOBUILD_V1.4.0, X-CUBE-ALS_V1.0.2, X-CUBE-AZRTOS-F4_V1.1.0, X-CUBE-AZRTOS-F7_V1.1.0, X-CUBE-AZRTOS-G0_V1.1.0, X-CUBE-AZRTOS-G4_V2.0.0, X-CUBE-AZRTOS-H7RS_V1.1.0, X-CUBE-AZRTOS-H7_V3.4.0, X-CUBE-AZRTOS-L4_V2.0.0, X-CUBE-AZRTOS-L5_V2.0.0, X-CUBE-AZRTOS-WB_V2.0.0, X-CUBE-AZRTOS-WL_V2.0.0, X-CUBE-BLE1_V7.1.0, X-CUBE-BLE2_V3.3.0, X-CUBE-BLEMGR_V4.1.0, X-CUBE-EEPRMA1_V5.2.0, X-CUBE-FREERTOS_V1.5.0, X-CUBE-GNSS1_V6.0.0, X-CUBE-MEMS1_V12.0.0, X-CUBE-NFC4_V3.0.0, X-CUBE-NFC7_V2.0.0, X-CUBE-SFXS2LP1_V4.0.0, X-CUBE-ST67W61_V1.2.0, X-CUBE-SUBG2_V5.0.0, X-CUBE-TOF1_V3.4.3]
2026-05-03 16:13:33,728 [INFO] ApiDb:240 - Found 880 in-development CPN: [B-G473E-ZEST1S, B-WB1M-WPAN1, B-WBA5M-WPAN, B-WL5M-SUBG1, NUCLEO-C031C6, NUCLEO-C051C8, NUCLEO-C071RB, NUCLEO-C092RC, NUCLEO-H503RB, NUCLEO-H533RE, NUCLEO-H563ZI, NUCLEO-H7S3L8, NUCLEO-N657X0-Q, NUCLEO-U031R8, NUCLEO-U083RC, NUCLEO-U385RG-Q, NUCLEO-U545RE-Q, NUCLEO-U5A5ZJ-Q, NUCLEO-WB05KZ, NUCLEO-WB07CC, NUCLEO-WB09KE, NUCLEO-WBA52CG, NUCLEO-WBA55CG, NUCLEO-WL33CC1, NUCLEO-WL33CC2, STEVAL-PROTEUS1, STEVAL-SMARTAG2, STEVAL-STWINBX1, STM320518-EVAL, STM32C0116-DK, STM32C011D6Y3TR, STM32C011D6Y6TR, STM32C011F4P3, STM32C011F4P6, STM32C011F4U3, STM32C011F4U6TR, STM32C011F6P3, STM32C011F6P6, STM32C011F6U3, STM32C011F6U6TR, STM32C011J4M3, STM32C011J4M6, STM32C011J6M3, STM32C011J6M6, STM32C0316-DK, STM32C031C4T3, STM32C031C4T6, STM32C031C4U3, STM32C031C4U6, STM32C031C6T3, STM32C031C6T6, STM32C031C6U3, STM32C031C6U6, STM32C031F4P3, STM32C031F4P6, STM32C031F6P3, STM32C031F6P6, STM32C031G4U3, STM32C031G4U6, STM32C031G6U3, STM32C031G6U6, STM32C031K4T3, STM32C031K4T6, STM32C031K4U3, STM32C031K4U6, STM32C031K6T3, STM32C031K6T6, STM32C031K6U3, STM32C031K6U6, STM32C051C6T6, STM32C051C6U6, STM32C051C8T6, STM32C051C8U6, STM32C051D8Y6TR, STM32C051F6P6, STM32C051F8P6, STM32C051G6U6, STM32C051G8U6, STM32C051K6T6, STM32C051K6U6, STM32C051K8T6, STM32C071C8T6, STM32C071C8T6N, STM32C071C8U6, STM32C071C8U6N, STM32C071CBT6, STM32C071CBT6N, STM32C071CBU6, STM32C071CBU6N, STM32C071F8P6, STM32C071F8P6N, STM32C071FBP6, STM32C071FBP6N, STM32C071FBY6TR, STM32C071G8U6, STM32C071G8U6N, STM32C071GBU6, STM32C071GBU6N, STM32C071K8T6, STM32C071K8T6N, STM32C071K8U6, STM32C071K8U6N, STM32C071KBT6, STM32C071KBT6N, STM32C071KBU6, STM32C071KBU6N, STM32C071R8T6, STM32C071R8T6N, STM32C071RBI6N, STM32C071RBT6, STM32C071RBT6N, STM32C091CBT6, STM32C091CBU6, STM32C091CCT6, STM32C091CCU6, STM32C091ECY6TR, STM32C091FBP6, STM32C091FCP6, STM32C091GBU6, STM32C091GCU6, STM32C091KBT6, STM32C091KBU6, STM32C091KCT6, STM32C091KCU6, STM32C091RBT6, STM32C091RCI6, STM32C091RCT6, STM32C092CBT6, STM32C092CBU6, STM32C092CCT6, STM32C092CCU6, STM32C092ECY6TR, STM32C092FBP6, STM32C092FCP6, STM32C092GBU6, STM32C092GCU6, STM32C092KBT6, STM32C092KBU6, STM32C092KCT6, STM32C092KCU6, STM32C092RBT6, STM32C092RCI6, STM32C092RCT6, STM32G071K8TXN, STM32G071K8UXN, STM32G081GBU6N, STM32G081KBT6N, STM32G081KBUXN, STM32G0B1CCT6N, STM32G0B1KCT6, STM32G0B1NEY6TR, STM32G0B1RCT6N, STM32G0C1CCT6, STM32G0C1CCT6N, STM32G0C1CCU6N, STM32G0C1CET6N, STM32G0C1CEU6N, STM32G0C1KCT6, STM32G0C1NEY6TR, STM32G0C1RCI6N, STM32G0C1RCT6N, STM32G0C1REI6N, STM32G0C1RET6N, STM32G0C1VCI6, STM32G0C1VEI6, STM32G411C6T3, STM32G411C6T6, STM32G411C6U3, STM32G411C6U6, STM32G411C8T3, STM32G411C8T6, STM32G411C8U3, STM32G411C8U6, STM32G411CBT3, STM32G411CBT6, STM32G411CBU3, STM32G411CBU6, STM32G411K6T3, STM32G411K6T6, STM32G411K6U3, STM32G411K6U6, STM32G411K8T3, STM32G411K8T6, STM32G411K8U3, STM32G411K8U6, STM32G411KBT3, STM32G411KBT6, STM32G411KBU3, STM32G411KBU6, STM32G411M6T3, STM32G411M6T6, STM32G411M8T3, STM32G411M8T6, STM32G411MBT3, STM32G411MBT6, STM32G411R6T3, STM32G411R6T6, STM32G411R8T3, STM32G411R8T6, STM32G411RBT3, STM32G411RBT6, STM32G414CBT3, STM32G414CBT6, STM32G414CBU3, STM32G414CBU6, STM32G414CCT3, STM32G414CCT6, STM32G414CCU3, STM32G414CCU6, STM32G414MBT3, STM32G414MBT6, STM32G414MCT3, STM32G414MCT6, STM32G414RBT3, STM32G414RBT6, STM32G414RCT3, STM32G414RCT6, STM32G414VBT3, STM32G414VBT6, STM32G414VCT3, STM32G414VCT6, STM32G431CBT3Z, STM32G431RBT3Z, STM32G471CCT6, STM32G471CCU6, STM32G471CET3, STM32G471CET6, STM32G471CEU3, STM32G471CEU6, STM32G471MCT6, STM32G471MET3, STM32G471MET6, STM32G471MEY6TR, STM32G471QCT6, STM32G471QET3, STM32G471RCT6, STM32G471RET3, STM32G471RET6, STM32G471VCH6, STM32G471VCI6, STM32G471VCT6, STM32G471VEH3, STM32G471VEH6, STM32G471VEI3, STM32G471VEI6, STM32G471VET3, STM32G471VET6, STM32G473QET3Z, STM32G473RET3Z, STM32G474CCT6, STM32G491RET3Z, STM32H503CBT6, STM32H503CBU6, STM32H503EBY6TR, STM32H503KBU6, STM32H503RBT6, STM32H523CCT6, STM32H523CCU6, STM32H523CET6, STM32H523CEU6, STM32H523HEY6TR, STM32H523RCT6, STM32H523RET6, STM32H523VCI6, STM32H523VCT6, STM32H523VEI6, STM32H523VET6, STM32H523ZCJ6, STM32H523ZCT6, STM32H523ZEJ6, STM32H523ZET6, STM32H533CET6, STM32H533CEU6, STM32H533HEY6TR, STM32H533RET6, STM32H533VEI6, STM32H533VET6, STM32H533ZEJ6, STM32H533ZET6, STM32H562AGI6, STM32H562AII6, STM32H562IGK6, STM32H562IGT6, STM32H562IIK6, STM32H562IIT6, STM32H562RGT6, STM32H562RGV6, STM32H562RIT6, STM32H562RIV6, STM32H562VGT6, STM32H562VIT6, STM32H562ZGT6, STM32H562ZIT6, STM32H563AGI6, STM32H563AII3Q, STM32H563AII6, STM32H563IGK6, STM32H563IGT6, STM32H563IIK3Q, STM32H563IIK6, STM32H563IIT3Q, STM32H563IIT6, STM32H563MIY3QTR, STM32H563RGT6, STM32H563RGV6, STM32H563RIT6, STM32H563RIV6, STM32H563VGT6, STM32H563VIT3Q, STM32H563VIT6, STM32H563ZGT6, STM32H563ZIT3Q, STM32H563ZIT6, STM32H573AII3Q, STM32H573AII6, STM32H573I-DK, STM32H573IIK3Q, STM32H573IIK6, STM32H573IIT3Q, STM32H573IIT6, STM32H573MIY3QTR, STM32H573RIT6, STM32H573RIV6, STM32H573VIT3Q, STM32H573VIT6, STM32H573ZIT3Q, STM32H573ZIT6, STM32H7R3A8I6, STM32H7R3I8K6, STM32H7R3I8T6, STM32H7R3L8H6, STM32H7R3L8H6H, STM32H7R3R8V6, STM32H7R3V8H6, STM32H7R3V8T6, STM32H7R3V8Y6TR, STM32H7R3Z8J6, STM32H7R3Z8T6, STM32H7R7A8I6, STM32H7R7I8K6, STM32H7R7I8T6, STM32H7R7L8H6, STM32H7R7L8H6H, STM32H7R7Z8J6, STM32H7S3A8I6, STM32H7S3I8K6, STM32H7S3I8T6, STM32H7S3L8H6, STM32H7S3L8H6H, STM32H7S3R8V6, STM32H7S3V8H6, STM32H7S3V8T6, STM32H7S3V8Y6TR, STM32H7S3Z8J6, STM32H7S3Z8T6, STM32H7S78-DK, STM32H7S7A8I6, STM32H7S7I8K6, STM32H7S7I8T6, STM32H7S7L8H6, STM32H7S7L8H6H, STM32H7S7Z8J6, STM32L4R5QGI6STR, STM32MP131AAE3, STM32MP131AAF3, STM32MP131AAG3, STM32MP131CAE3, STM32MP131CAF3, STM32MP131CAG3, STM32MP131DAE7, STM32MP131DAF7, STM32MP131DAG7, STM32MP131FAE7, STM32MP131FAF7, STM32MP131FAG7, STM32MP133AAE3, STM32MP133AAF3, STM32MP133AAG3, STM32MP133CAE3, STM32MP133CAF3, STM32MP133CAG3, STM32MP133DAE7, STM32MP133DAF7, STM32MP133DAG7, STM32MP133FAE7, STM32MP133FAF7, STM32MP133FAG7, STM32MP135AAE3, STM32MP135AAF3, STM32MP135AAG3, STM32MP135CAE3, STM32MP135CAF3, STM32MP135CAG3, STM32MP135DAE7, STM32MP135DAF7, STM32MP135DAG7, STM32MP135F-DK, STM32MP135FAE7, STM32MP135FAF7, STM32MP135FAF7T, STM32MP135FAF7U, STM32MP135FAG7, STM32MP211AAL3, STM32MP211AAM3, STM32MP211AAN3, STM32MP211AAO3, STM32MP211CAL3, STM32MP211CAM3, STM32MP211CAN3, STM32MP211CAO3, STM32MP211DAL3, STM32MP211DAM3, STM32MP211DAN3, STM32MP211DAO3, STM32MP211FAL3, STM32MP211FAM3, STM32MP211FAN3, STM32MP211FAO3, STM32MP213AAL3, STM32MP213AAM3, STM32MP213AAN3, STM32MP213AAO3, STM32MP213CAL3, STM32MP213CAM3, STM32MP213CAN3, STM32MP213CAO3, STM32MP213DAL3, STM32MP213DAM3, STM32MP213DAN3, STM32MP213DAO3, STM32MP213FAL3, STM32MP213FAM3, STM32MP213FAN3, STM32MP213FAO3, STM32MP215AAL3, STM32MP215AAM3, STM32MP215AAN3, STM32MP215AAO3, STM32MP215CAL3, STM32MP215CAM3, STM32MP215CAN3, STM32MP215CAO3, STM32MP215DAL3, STM32MP215DAM3, STM32MP215DAN3, STM32MP215DAO3, STM32MP215F-DK, STM32MP215FAL3, STM32MP215FAM3, STM32MP215FAN3, STM32MP215FAO3, STM32MP231AAJ3, STM32MP231AAK3, STM32MP231AAL3, STM32MP231CAJ3, STM32MP231CAK3, STM32MP231CAL3, STM32MP231DAJ3, STM32MP231DAK3, STM32MP231DAL3, STM32MP231FAJ3, STM32MP231FAK3, STM32MP231FAL3, STM32MP233AAJ3, STM32MP233AAK3, STM32MP233AAL3, STM32MP233CAJ3, STM32MP233CAK3, STM32MP233CAL3, STM32MP233DAJ3, STM32MP233DAK3, STM32MP233DAL3, STM32MP233FAJ3, STM32MP233FAK3, STM32MP233FAL3, STM32MP235AAJ3, STM32MP235AAK3, STM32MP235AAL3, STM32MP235CAJ3, STM32MP235CAK3, STM32MP235CAL3, STM32MP235DAJ3, STM32MP235DAK3, STM32MP235DAL3, STM32MP235FAJ3, STM32MP235FAK3, STM32MP235FAL3, STM32MP251AAI3, STM32MP251AAK3, STM32MP251AAL3, STM32MP251CAI3, STM32MP251CAK3, STM32MP251CAL3, STM32MP251DAI3, STM32MP251DAK3, STM32MP251DAL3, STM32MP251FAI3, STM32MP251FAK3, STM32MP251FAL3, STM32MP253AAI3, STM32MP253AAK3, STM32MP253AAL3, STM32MP253CAI3, STM32MP253CAK3, STM32MP253CAL3, STM32MP253DAI3, STM32MP253DAK3, STM32MP253DAL3, STM32MP253FAI3, STM32MP253FAK3, STM32MP253FAL3, STM32MP255AAI3, STM32MP255AAK3, STM32MP255AAL3, STM32MP255CAI3, STM32MP255CAK3, STM32MP255CAL3, STM32MP255DAI3, STM32MP255DAK3, STM32MP255DAL3, STM32MP255FAI3, STM32MP255FAK3, STM32MP255FAL3, STM32MP257AAI3, STM32MP257AAK3, STM32MP257AAL3, STM32MP257CAI3, STM32MP257CAK3, STM32MP257CAL3, STM32MP257DAI3, STM32MP257DAK3, STM32MP257DAL3, STM32MP257F-DK, STM32MP257F-EV1, STM32MP257FAI3, STM32MP257FAK3, STM32MP257FAL3, STM32N645A0H3Q, STM32N645B0H3Q, STM32N645I0H3Q, STM32N645L0H3Q, STM32N645X0H3Q, STM32N645Z0H3Q, STM32N647A0H3Q, STM32N647B0H3Q, STM32N647I0H3Q, STM32N647L0H3Q, STM32N647X0H3Q, STM32N647Z0H3Q, STM32N655A0H3Q, STM32N655B0H3Q, STM32N655I0H3Q, STM32N655L0H3Q, STM32N655X0H3Q, STM32N655Z0H3Q, STM32N6570-DK, STM32N657A0H3Q, STM32N657B0H3Q, STM32N657I0H3Q, STM32N657L0H3Q, STM32N657X0H3Q, STM32N657Z0H3Q, STM32U031C6T6, STM32U031C6U6, STM32U031C8T6, STM32U031C8U6, STM32U031F4P6, STM32U031F6P6, STM32U031F8P6, STM32U031G6Y6TR, STM32U031G8Y6TR, STM32U031K4U6, STM32U031K6U6, STM32U031K8U6, STM32U031R6I6, STM32U031R6T6, STM32U031R8I6, STM32U031R8T6, STM32U073C8T6, STM32U073C8U6, STM32U073CBT6, STM32U073CBU6, STM32U073CCT6, STM32U073CCU6, STM32U073H8Y6TR, STM32U073HBY6TR, STM32U073HCY6TR, STM32U073K8U6, STM32U073KBU6, STM32U073KCU6, STM32U073M8I6, STM32U073M8T6, STM32U073MBI6, STM32U073MBT6, STM32U073MCI6, STM32U073MCT6, STM32U073R8I6, STM32U073R8T6, STM32U073RBI6, STM32U073RBT6, STM32U073RCI6, STM32U073RCT6, STM32U083C-DK, STM32U083CCT6, STM32U083CCU6, STM32U083HCY6TR, STM32U083KCU6, STM32U083MCI6, STM32U083MCT6, STM32U083RCI6, STM32U083RCT6, STM32U375CET6, STM32U375CET6Q, STM32U375CEU6, STM32U375CEU6Q, STM32U375CEY6QTR, STM32U375CGT6, STM32U375CGT6Q, STM32U375CGU6, STM32U375CGU6Q, STM32U375CGY6QTR, STM32U375KEU6, STM32U375KGU6, STM32U375REI6, STM32U375REI6Q, STM32U375RET6, STM32U375RET6Q, STM32U375REY6GTR, STM32U375REY6QTR, STM32U375RGI6, STM32U375RGI6Q, STM32U375RGT6, STM32U375RGT6Q, STM32U375RGY6GTR, STM32U375RGY6QTR, STM32U375VEI6, STM32U375VEI6Q, STM32U375VET6, STM32U375VET6Q, STM32U375VGI6, STM32U375VGI6Q, STM32U375VGT6, STM32U375VGT6Q, STM32U385CGT6, STM32U385CGT6Q, STM32U385CGU6, STM32U385CGU6Q, STM32U385CGY6QTR, STM32U385KGU6, STM32U385RGI6, STM32U385RGI6Q, STM32U385RGT6, STM32U385RGT6Q, STM32U385RGY6GTR, STM32U385RGY6QTR, STM32U385VGI6, STM32U385VGI6Q, STM32U385VGT6, STM32U385VGT6Q, STM32U535CBT6, STM32U535CBT6Q, STM32U535CBU6, STM32U535CBU6Q, STM32U535CCT6, STM32U535CCT6Q, STM32U535CCU6, STM32U535CCU6Q, STM32U535CET6, STM32U535CET6Q, STM32U535CEU6, STM32U535CEU6Q, STM32U535JEY6QTR, STM32U535NCY6QTR, STM32U535NEY6QTR, STM32U535RBI6, STM32U535RBI6Q, STM32U535RBT6, STM32U535RBT6Q, STM32U535RCI6, STM32U535RCI6Q, STM32U535RCT6, STM32U535RCT6Q, STM32U535REI6, STM32U535REI6Q, STM32U535RET6, STM32U535RET6Q, STM32U535VCI6, STM32U535VCI6Q, STM32U535VCT6, STM32U535VCT6Q, STM32U535VEI6, STM32U535VEI6Q, STM32U535VET6, STM32U535VET6Q, STM32U545CET6, STM32U545CET6Q, STM32U545CEU6, STM32U545CEU6Q, STM32U545JEY6QTR, STM32U545NEY6QTR, STM32U545REI6, STM32U545REI6Q, STM32U545RET6, STM32U545RET6Q, STM32U545VEI6, STM32U545VEI6Q, STM32U545VET6, STM32U545VET6Q, STM32U595AIH6, STM32U595AIH6Q, STM32U595AJH6, STM32U595AJH6Q, STM32U595QII6, STM32U595QII6Q, STM32U595QJI6, STM32U595QJI6Q, STM32U595RIT6, STM32U595RIT6Q, STM32U595RJT6, STM32U595RJT6Q, STM32U595VIT6, STM32U595VIT6Q, STM32U595VJT6, STM32U595VJT6Q, STM32U595ZIT6, STM32U595ZIT6Q, STM32U595ZIY6QTR, STM32U595ZJT6, STM32U595ZJT6Q, STM32U595ZJY6QTR, STM32U599BJY6QTR, STM32U599NIH6Q, STM32U599NJH6Q, STM32U599VIT6Q, STM32U599VJT6, STM32U599VJT6Q, STM32U599ZIT6Q, STM32U599ZIY6QTR, STM32U599ZJT6Q, STM32U599ZJY6QTR, STM32U5A5AJH6, STM32U5A5AJH6Q, STM32U5A5QII3Q , STM32U5A5QJI6, STM32U5A5QJI6Q, STM32U5A5RJT6, STM32U5A5RJT6Q, STM32U5A5VJT6, STM32U5A5VJT6Q, STM32U5A5ZJT6, STM32U5A5ZJT6Q, STM32U5A5ZJY6QTR, STM32U5A9BJY6QTR, STM32U5A9J-DK, STM32U5A9NJH6Q, STM32U5A9VJT6Q, STM32U5A9ZJT6Q, STM32U5A9ZJY6QTR, STM32U5F7VIT6, STM32U5F7VIT6Q, STM32U5F7VJT6, STM32U5F7VJT6Q, STM32U5F9BJY6QTR, STM32U5F9NJH6Q, STM32U5F9VIT6Q, STM32U5F9VJT6Q, STM32U5F9ZIJ6QTR, STM32U5F9ZIT6Q, STM32U5F9ZJJ6QTR, STM32U5F9ZJT6Q, STM32U5G7VJT6, STM32U5G7VJT6Q, STM32U5G9BJY6QTR, STM32U5G9J-DK1, STM32U5G9J-DK2, STM32U5G9NJH6Q, STM32U5G9VJT6Q, STM32U5G9ZJJ6QTR, STM32U5G9ZJT6Q, STM32WB05KZV6TR, STM32WB05KZV7TR, STM32WB05TZF6TR, STM32WB05TZF7TR, STM32WB06CCF6TR, STM32WB06CCF7TR, STM32WB06CCV6TR, STM32WB06CCV7TR, STM32WB06KCV6TR, STM32WB06KCV7TR, STM32WB07CCF6TR, STM32WB07CCF7TR, STM32WB07CCV6TR, STM32WB07CCV7TR, STM32WB07KCV6TR, STM32WB07KCV7TR, STM32WB09KEV6TR, STM32WB09KEV7TR, STM32WB09TEF6TR, STM32WB09TEF7TR, STM32WB1MMCH6, STM32WBA50KGU6, STM32WBA50KGU6TR, STM32WBA52CEU6, STM32WBA52CEU6TR, STM32WBA52CEU7, STM32WBA52CEU7TR, STM32WBA52CGU6, STM32WBA52CGU6TR, STM32WBA52CGU6U, STM32WBA52CGU7, STM32WBA52CGU7TR, STM32WBA52KEU6, STM32WBA52KEU6TR, STM32WBA52KGU6, STM32WBA52KGU6TR, STM32WBA54CEU6, STM32WBA54CEU6TR, STM32WBA54CEU7, STM32WBA54CEU7TR, STM32WBA54CGU6, STM32WBA54CGU6TR, STM32WBA54CGU7, STM32WBA54CGU7TR, STM32WBA54KEU6, STM32WBA54KEU6TR, STM32WBA54KEU7, STM32WBA54KEU7TR, STM32WBA54KGU6, STM32WBA54KGU6TR, STM32WBA54KGU7, STM32WBA54KGU7TR, STM32WBA55CEU6, STM32WBA55CEU6TR, STM32WBA55CEU7, STM32WBA55CEU7TR, STM32WBA55CGU6, STM32WBA55CGU6TR, STM32WBA55CGU6U, STM32WBA55CGU7, STM32WBA55CGU7TR, STM32WBA55G-DK1, STM32WBA55HEF6, STM32WBA55HEF7, STM32WBA55HGF6, STM32WBA55HGF7, STM32WBA55UEI6, STM32WBA55UEI6TR, STM32WBA55UEI7, STM32WBA55UEI7TR, STM32WBA55UGI6, STM32WBA55UGI6TR, STM32WBA55UGI7, STM32WBA55UGI7TR, STM32WBA5MMGH6TR, STM32WBA62MGF6, STM32WBA62MIF6, STM32WBA65MGF7, STM32WBA65MIF6, STM32WBA65MIF7, STM32WL30K8V6, STM32WL30KBV6, STM32WL31C8V6, STM32WL31CBV6, STM32WL31K8V6, STM32WL31KBV6, STM32WL33C8V6, STM32WL33C8V6X, STM32WL33CBV6, STM32WL33CBV6X, STM32WL33CCV6, STM32WL33CCV6A, STM32WL33CCV6X, STM32WL33K8V7, STM32WL33K8V7X, STM32WL33KBV7 , STM32WL33KBV7X, STM32WL33KCV7, STM32WL33KCV7X, STM32WL5MOCH6, STM32WL5MOCH6TR]
2026-05-03 16:13:33,737 [INFO] DbMcus:218 - Found 5055 MCUs, 4968 are supported
2026-05-03 16:13:33,738 [INFO] ApiDb:423 - Load user favorites file C:\Users\User/.stm32cubeide/favorites.mcus.txt: 2 item(s)
2026-05-03 16:13:33,738 [INFO] ApiDb:427 - User favorites MCUs=[STM32F103C6T6A, STM32F103C8T6]
2026-05-03 16:13:33,739 [INFO] DbMcus:224 - Set 2 / 2 favorites MCUs
2026-05-03 16:13:34,731 [INFO] BoardInfo:889 - No configuration file found for board NUCLEO-H5E5ZJ
2026-05-03 16:13:34,732 [INFO] DbBoards:161 - Board is not supported: NUCLEO-H5E5ZJ
2026-05-03 16:13:34,831 [INFO] BoardInfo:889 - No configuration file found for board NUCLEO-U3C5ZI-Q
2026-05-03 16:13:34,832 [INFO] DbBoards:161 - Board is not supported: NUCLEO-U3C5ZI-Q
2026-05-03 16:13:34,858 [INFO] BoardInfo:889 - No configuration file found for board NUCLEO-WBA25CE1
2026-05-03 16:13:34,859 [INFO] DbBoards:161 - Board is not supported: NUCLEO-WBA25CE1
2026-05-03 16:13:34,875 [INFO] BoardInfo:889 - No configuration file found for board NUCLEO-WL3RKB1
2026-05-03 16:13:34,878 [INFO] DbBoards:161 - Board is not supported: NUCLEO-WL3RKB1
2026-05-03 16:13:34,879 [INFO] BoardInfo:889 - No configuration file found for board NUCLEO-WL3RKB2
2026-05-03 16:13:34,881 [INFO] DbBoards:161 - Board is not supported: NUCLEO-WL3RKB2
2026-05-03 16:13:34,895 [INFO] BoardInfo:889 - No configuration file found for board P-NUCLEO-WB55
2026-05-03 16:13:34,897 [INFO] DbBoards:161 - Kit is not supported: P-NUCLEO-WB55
2026-05-03 16:13:34,906 [INFO] BoardInfo:889 - No configuration file found for board STEVAL-BFA001V1B
2026-05-03 16:13:34,909 [INFO] DbBoards:161 - Kit is not supported: STEVAL-BFA001V1B
2026-05-03 16:13:34,910 [INFO] BoardInfo:889 - No configuration file found for board STEVAL-BFA001V2B
2026-05-03 16:13:34,912 [INFO] DbBoards:161 - Kit is not supported: STEVAL-BFA001V2B
2026-05-03 16:13:35,094 [INFO] BoardInfo:889 - No configuration file found for board STM32H5F5J-DK
2026-05-03 16:13:35,096 [INFO] DbBoards:161 - Board is not supported: STM32H5F5J-DK
2026-05-03 16:13:35,236 [INFO] DbBoards:168 - Found 218 boards, 209 are supported
2026-05-03 16:13:35,236 [INFO] DbBoards:169 - Found 218 boards, 43 of them is supported for  Bsp
2026-05-03 16:13:35,241 [INFO] ApiDb:423 - Load user favorites file C:\Users\User/.stm32cubeide/favorites.boards.txt: 0 item(s)
2026-05-03 16:13:35,241 [INFO] ApiDb:427 - User favorites Boards=[]
2026-05-03 16:13:35,241 [INFO] DbBoards:198 - Set 0 / 0 favorites Boards
2026-05-03 16:13:35,304 [INFO] UtilMem:75 - End LoadConfig() Used Memory: 923078448 Bytes (1073741824)
2026-05-03 16:13:35,521 [WARN] ThirdParty:833 - waiting for thirdparty lock release [change project]
2026-05-03 16:13:35,521 [INFO] ThirdParty:835 - entering critical section [change project]
2026-05-03 16:13:35,522 [INFO] ThirdParty:1030 - CMSIS Pack Vendor :STMicroelectronics X-CUBE-AZRTOS-H7 3.5.0
2026-05-03 16:13:35,522 [INFO] ThirdParty:1030 - CMSIS Pack Vendor :STMicroelectronics X-CUBE-PM33A1 1.0.0
2026-05-03 16:13:35,522 [INFO] ThirdParty:1030 - CMSIS Pack Vendor :STMicroelectronics USBPD 4.1
2026-05-03 16:13:35,522 [INFO] ThirdParty:1030 - CMSIS Pack Vendor :STMicroelectronics X-CUBE-NFC9 1.0.0
2026-05-03 16:13:35,522 [INFO] ThirdParty:1030 - CMSIS Pack Vendor :STMicroelectronics USB_HOST 2.0.0
2026-05-03 16:13:35,522 [INFO] ThirdParty:1030 - CMSIS Pack Vendor :STMicroelectronics FP-SNS-MOTENVWB1 1.4.0
2026-05-03 16:13:35,522 [INFO] ThirdParty:1030 - CMSIS Pack Vendor :STMicroelectronics X-CUBE-AZRTOS-F4 1.1.0
2026-05-03 16:13:35,522 [INFO] ThirdParty:1030 - CMSIS Pack Vendor :STMicroelectronics LIBJPEG 8.0.0
2026-05-03 16:13:35,522 [INFO] ThirdParty:1030 - CMSIS Pack Vendor :STMicroelectronics FP-ATR-ASTRA1 2.0.2
2026-05-03 16:13:35,522 [INFO] ThirdParty:1030 - CMSIS Pack Vendor :STMicroelectronics X-CUBE-BLE1 7.1.0
2026-05-03 16:13:35,522 [INFO] ThirdParty:1030 - CMSIS Pack Vendor :STMicroelectronics X-CUBE-SMBUS 2.1.0
2026-05-03 16:13:35,522 [INFO] ThirdParty:1030 - CMSIS Pack Vendor :wolfSSL I-CUBE-wolfMQTT 1.19.2
2026-05-03 16:13:35,522 [INFO] ThirdParty:1030 - CMSIS Pack Vendor :STMicroelectronics USB_DEVICE 3.0.0
2026-05-03 16:13:35,522 [INFO] ThirdParty:1030 - CMSIS Pack Vendor :STMicroelectronics X-CUBE-ISPU 2.1.0
2026-05-03 16:13:35,522 [INFO] ThirdParty:1030 - CMSIS Pack Vendor :STMicroelectronics X-CUBE-FREERTOS 1.4.0
2026-05-03 16:13:35,523 [INFO] ThirdParty:1030 - CMSIS Pack Vendor :STMicroelectronics X-CUBE-EEPRMA1 5.2.0
2026-05-03 16:13:35,523 [INFO] ThirdParty:1030 - CMSIS Pack Vendor :STMicroelectronics X-CUBE-IPS 3.2.0
2026-05-03 16:13:35,523 [INFO] ThirdParty:1030 - CMSIS Pack Vendor :STMicroelectronics X-CUBE-BLEMGR 4.1.0
2026-05-03 16:13:35,523 [INFO] ThirdParty:1030 - CMSIS Pack Vendor :STMicroelectronics eDS-WB_DPC_TT-BIDIR 2.1.1
2026-05-03 16:13:35,523 [INFO] ThirdParty:1030 - CMSIS Pack Vendor :STMicroelectronics X-CUBE-AZRTOS-WB 2.0.0
2026-05-03 16:13:35,523 [INFO] ThirdParty:1030 - CMSIS Pack Vendor :wolfSSL I-CUBE-wolfSSL 5.8.4
2026-05-03 16:13:35,523 [INFO] ThirdParty:1030 - CMSIS Pack Vendor :Cesanta I-CUBE-Mongoose 7.20.0
2026-05-03 16:13:35,523 [INFO] ThirdParty:1030 - CMSIS Pack Vendor :STMicroelectronics X-CUBE-NFC12 1.0.0
2026-05-03 16:13:35,523 [INFO] ThirdParty:1030 - CMSIS Pack Vendor :STMicroelectronics X-CUBE-AZRTOS-F7 1.1.0
2026-05-03 16:13:35,523 [INFO] ThirdParty:1030 - CMSIS Pack Vendor :STMicroelectronics X-CUBE-AZRTOS-L5 2.0.0
2026-05-03 16:13:35,523 [INFO] ThirdParty:1030 - CMSIS Pack Vendor :STMicroelectronics USB_DEVICE 2.0.0
2026-05-03 16:13:35,523 [INFO] ThirdParty:1030 - CMSIS Pack Vendor :STMicroelectronics FP-SNS-STAIOTCFT 1.1.0
2026-05-03 16:13:35,523 [INFO] ThirdParty:1030 - CMSIS Pack Vendor :quantropi X-CUBE-qispace-sdk-base 2.1.0
2026-05-03 16:13:35,523 [INFO] ThirdParty:1030 - CMSIS Pack Vendor :STMicroelectronics X-CUBE-MEMS1 12.0.0
2026-05-03 16:13:35,523 [INFO] ThirdParty:1030 - CMSIS Pack Vendor :STMicroelectronics X-CUBE-STSE01 2.0.0
2026-05-03 16:13:35,523 [INFO] ThirdParty:1030 - CMSIS Pack Vendor :STMicroelectronics FP-SNS-MOTENV1 5.1.0
2026-05-03 16:13:35,523 [INFO] ThirdParty:1030 - CMSIS Pack Vendor :STMicroelectronics FreeRTOS 0.0.1
2026-05-03 16:13:35,523 [INFO] ThirdParty:1030 - CMSIS Pack Vendor :STMicroelectronics X-CUBE-AZRTOS-G0 1.1.0
2026-05-03 16:13:35,523 [INFO] ThirdParty:1030 - CMSIS Pack Vendor :STMicroelectronics X-CUBE-NFC4 3.0.0
2026-05-03 16:13:35,523 [INFO] ThirdParty:1030 - CMSIS Pack Vendor :STMicroelectronics X-CUBE-SUBG2 5.0.0
2026-05-03 16:13:35,524 [INFO] ThirdParty:1030 - CMSIS Pack Vendor :STMicroelectronics STM32_WPAN 1.0.0
2026-05-03 16:13:35,524 [INFO] ThirdParty:1030 - CMSIS Pack Vendor :STMicroelectronics eDS-WB_DPC_VIENNA 1.2.0
2026-05-03 16:13:35,524 [INFO] ThirdParty:1030 - CMSIS Pack Vendor :EmbeddedOffice I-CUBE-FS-RTOS 1.0.1
2026-05-03 16:13:35,524 [INFO] ThirdParty:1030 - CMSIS Pack Vendor :STMicroelectronics lwIP 2.0.3
2026-05-03 16:13:35,524 [INFO] ThirdParty:1030 - CMSIS Pack Vendor :WES I-CUBE-Cesium 1.4.0
2026-05-03 16:13:35,524 [INFO] ThirdParty:1030 - CMSIS Pack Vendor :STMicroelectronics eDS-WB_DPC_3PH2L-BIDIR 1.1.1
2026-05-03 16:13:35,524 [INFO] ThirdParty:1030 - CMSIS Pack Vendor :STMicroelectronics USB_HOST 1.0.0
2026-05-03 16:13:35,524 [INFO] ThirdParty:1030 - CMSIS Pack Vendor :STMicroelectronics X-CUBE-AZRTOS-G4 2.0.0
2026-05-03 16:13:35,524 [INFO] ThirdParty:1030 - CMSIS Pack Vendor :STMicroelectronics X-CUBE-WB05N 2.0.0
2026-05-03 16:13:35,524 [INFO] ThirdParty:1030 - CMSIS Pack Vendor :STMicroelectronics PDM2PCM 3.1.0
2026-05-03 16:13:35,524 [INFO] ThirdParty:1030 - CMSIS Pack Vendor :STMicroelectronics PDM2PCM 3.3.0
2026-05-03 16:13:35,524 [INFO] ThirdParty:1030 - CMSIS Pack Vendor :wolfSSL I-CUBE-wolfTPM 3.8.0
2026-05-03 16:13:35,525 [INFO] ThirdParty:1030 - CMSIS Pack Vendor :STMicroelectronics X-CUBE-AZRTOS-H7 3.4.0
2026-05-03 16:13:35,525 [INFO] ThirdParty:1030 - CMSIS Pack Vendor :STMicroelectronics X-CUBE-DISPLAY 3.0.0
2026-05-03 16:13:35,525 [INFO] ThirdParty:1030 - CMSIS Pack Vendor :wolfSSL I-CUBE-wolfSSH 1.4.20
2026-05-03 16:13:35,525 [INFO] ThirdParty:1030 - CMSIS Pack Vendor :STMicroelectronics X-CUBE-NFC7 2.0.0
2026-05-03 16:13:35,525 [INFO] ThirdParty:1030 - CMSIS Pack Vendor :STMicroelectronics X-CUBE-GNSS1 7.1.1
2026-05-03 16:13:35,525 [INFO] ThirdParty:1030 - CMSIS Pack Vendor :STMicroelectronics FP-SNS-MOTENVWB1 1.5.0
2026-05-03 16:13:35,525 [INFO] ThirdParty:1030 - CMSIS Pack Vendor :STMicroelectronics X-CUBE-TCPP 4.2.0
2026-05-03 16:13:35,525 [INFO] ThirdParty:1030 - CMSIS Pack Vendor :RealThread X-CUBE-RT-Thread_Nano 4.1.1
2026-05-03 16:13:35,525 [INFO] ThirdParty:1030 - CMSIS Pack Vendor :STMicroelectronics FP-ATR-SIGFOX1 3.2.0
2026-05-03 16:13:35,525 [INFO] ThirdParty:1030 - CMSIS Pack Vendor :STMicroelectronics X-CUBE-NFC10 1.0.0
2026-05-03 16:13:35,525 [INFO] ThirdParty:1030 - CMSIS Pack Vendor :STMicroelectronics HAL Drivers 0.0.0
2026-05-03 16:13:35,525 [INFO] ThirdParty:1030 - CMSIS Pack Vendor :STMicroelectronics X-CUBE-FREERTOS 1.5.0
2026-05-03 16:13:35,525 [INFO] ThirdParty:1030 - CMSIS Pack Vendor :STMicroelectronics MBEDTLS 2.16.2
2026-05-03 16:13:35,525 [INFO] ThirdParty:1030 - CMSIS Pack Vendor :STMicroelectronics X-CUBE-ST60 1.1.0
2026-05-03 16:13:35,525 [INFO] ThirdParty:1030 - CMSIS Pack Vendor :STMicroelectronics X-CUBE-ALS 1.0.2
2026-05-03 16:13:35,525 [INFO] ThirdParty:1030 - CMSIS Pack Vendor :emotas I-CUBE-CANOPEN 1.3.0
2026-05-03 16:13:35,525 [INFO] ThirdParty:1030 - CMSIS Pack Vendor :STMicroelectronics MBEDTLS 2.14.1
2026-05-03 16:13:35,526 [INFO] ThirdParty:1030 - CMSIS Pack Vendor :STMicroelectronics X-CUBE-GNSS1 7.1.0
2026-05-03 16:13:35,526 [INFO] ThirdParty:1030 - CMSIS Pack Vendor :ITTIA_DB I-CUBE-ITTIADB 8.9.0
2026-05-03 16:13:35,526 [INFO] ThirdParty:1030 - CMSIS Pack Vendor :STMicroelectronics X-CUBE-TOUCHGFX 4.26.0
2026-05-03 16:13:35,526 [INFO] ThirdParty:1030 - CMSIS Pack Vendor :STMicroelectronics X-CUBE-TOUCHGFX 4.26.1
2026-05-03 16:13:35,526 [INFO] ThirdParty:1030 - CMSIS Pack Vendor :STMicroelectronics X-CUBE-NFC6 3.2.0
2026-05-03 16:13:35,526 [INFO] ThirdParty:1030 - CMSIS Pack Vendor :STMicroelectronics FP-SNS-STBOX1 2.1.0
2026-05-03 16:13:35,526 [INFO] ThirdParty:1030 - CMSIS Pack Vendor :STMicroelectronics X-CUBE-AI 10.2.0
2026-05-03 16:13:35,526 [INFO] ThirdParty:1030 - CMSIS Pack Vendor :STMicroelectronics FP-SNS-STAIOTCFT 1.0.0
2026-05-03 16:13:35,526 [INFO] ThirdParty:1030 - CMSIS Pack Vendor :STMicroelectronics ThreadX 1.0.0
2026-05-03 16:13:35,526 [INFO] ThirdParty:1030 - CMSIS Pack Vendor :STMicroelectronics FP-SNS-SMARTAG2 1.2.0
2026-05-03 16:13:35,526 [INFO] ThirdParty:1030 - CMSIS Pack Vendor :STMicroelectronics X-CUBE-MEMS1 12.1.0
2026-05-03 16:13:35,526 [INFO] ThirdParty:1030 - CMSIS Pack Vendor :STMicroelectronics FP-SNS-FLIGHT1 5.1.0
2026-05-03 16:13:35,526 [INFO] ThirdParty:1030 - CMSIS Pack Vendor :STMicroelectronics X-CUBE-AZRTOS-WL 2.0.0
2026-05-03 16:13:35,526 [INFO] ThirdParty:1030 - CMSIS Pack Vendor :SEGGER I-CUBE-embOS 1.3.1
2026-05-03 16:13:35,526 [INFO] ThirdParty:1030 - CMSIS Pack Vendor :STMicroelectronics X-CUBE-ALGOBUILD 1.4.0
2026-05-03 16:13:35,526 [INFO] ThirdParty:1030 - CMSIS Pack Vendor :STMicroelectronics X-CUBE-DPower 1.3.0
2026-05-03 16:13:35,527 [INFO] ThirdParty:1030 - CMSIS Pack Vendor :STMicroelectronics USB_DEVICE 1.0.0
2026-05-03 16:13:35,527 [INFO] ThirdParty:1030 - CMSIS Pack Vendor :STMicroelectronics X-CUBE-AZRTOS-H7RS 1.2.0
2026-05-03 16:13:35,527 [INFO] ThirdParty:1030 - CMSIS Pack Vendor :STMicroelectronics X-CUBE-AZRTOS-L4 2.0.0
2026-05-03 16:13:35,527 [INFO] ThirdParty:1030 - CMSIS Pack Vendor :STMicroelectronics ThreadX 0.0.2
2026-05-03 16:13:35,527 [INFO] ThirdParty:1030 - CMSIS Pack Vendor :STMicroelectronics lwIP 2.1.2
2026-05-03 16:13:35,527 [INFO] ThirdParty:1030 - CMSIS Pack Vendor :STMicroelectronics X-CUBE-SFXS2LP1 4.0.0
2026-05-03 16:13:35,527 [INFO] ThirdParty:1030 - CMSIS Pack Vendor :STMicroelectronics X-CUBE-BLE2 3.3.0
2026-05-03 16:13:35,527 [INFO] ThirdParty:1030 - CMSIS Pack Vendor :Avnet-IOTCONNECT X-CUBE-iotc-st67-sdk 1.0.0
2026-05-03 16:13:35,527 [INFO] ThirdParty:1030 - CMSIS Pack Vendor :STMicroelectronics X-CUBE-TOF1 3.4.3
2026-05-03 16:13:35,527 [INFO] ThirdParty:1030 - CMSIS Pack Vendor :Infineon AIROC-Wi-Fi-Bluetooth-STM32 1.8.0
2026-05-03 16:13:35,527 [INFO] ThirdParty:1030 - CMSIS Pack Vendor :STMicroelectronics PDM2PCM 3.2.0
2026-05-03 16:13:35,527 [INFO] ThirdParty:1030 - CMSIS Pack Vendor :STMicroelectronics X-CUBE-WB05N 2.1.0
2026-05-03 16:13:35,527 [INFO] ThirdParty:1030 - CMSIS Pack Vendor :STMicroelectronics X-CUBE-ST67W61 1.2.0
2026-05-03 16:13:35,528 [INFO] ThirdParty:841 - exiting critical section [change project]
2026-05-03 16:13:35,928 [INFO] PinOutPanel:1589 - setPackage(No Configuration,No Configuration)
2026-05-03 16:13:35,930 [INFO] PinOutPanel:1589 - setPackage(STM32F103C6Tx,LQFP48)
2026-05-03 16:13:36,445 [INFO] UtilMem:75 - Before build in PCC Used Memory: 697300432 Bytes (1073741824)
2026-05-03 16:13:37,300 [INFO] UtilMem:75 - After build in PCC Used Memory: 772797816 Bytes (1073741824)
2026-05-03 16:13:37,336 [INFO] IPUIPlugin:80 - create IPUIPlugin
2026-05-03 16:13:37,336 [INFO] IPUIPlugin:80 - create IPUIPlugin
2026-05-03 16:13:37,336 [INFO] IPUIPlugin:80 - create IPUIPlugin
2026-05-03 16:13:37,336 [INFO] IPUIPlugin:80 - create IPUIPlugin
2026-05-03 16:13:37,336 [INFO] IPUIPlugin:80 - create IPUIPlugin
2026-05-03 16:13:37,337 [INFO] IPUIPlugin:80 - create IPUIPlugin
2026-05-03 16:13:37,337 [INFO] IPUIPlugin:80 - create IPUIPlugin
2026-05-03 16:13:37,337 [INFO] IPUIPlugin:80 - create IPUIPlugin
2026-05-03 16:13:37,337 [INFO] IPUIPlugin:80 - create IPUIPlugin
2026-05-03 16:13:37,337 [INFO] IPUIPlugin:80 - create IPUIPlugin
2026-05-03 16:13:37,337 [INFO] IPUIPlugin:80 - create IPUIPlugin
2026-05-03 16:13:37,338 [INFO] IPUIPlugin:80 - create IPUIPlugin
2026-05-03 16:13:37,338 [INFO] IPUIPlugin:80 - create IPUIPlugin
2026-05-03 16:13:37,338 [INFO] IPUIPlugin:80 - create IPUIPlugin
2026-05-03 16:13:37,338 [INFO] IPUIPlugin:80 - create IPUIPlugin
2026-05-03 16:13:37,340 [INFO] IPUIPlugin:80 - create IPUIPlugin
2026-05-03 16:13:37,340 [INFO] IPUIPlugin:80 - create IPUIPlugin
2026-05-03 16:13:37,341 [INFO] IPUIPlugin:80 - create IPUIPlugin
2026-05-03 16:13:37,341 [INFO] IPUIPlugin:80 - create IPUIPlugin
2026-05-03 16:13:37,342 [INFO] IPUIPlugin:80 - create IPUIPlugin
2026-05-03 16:13:37,342 [INFO] IPUIPlugin:80 - create IPUIPlugin
2026-05-03 16:13:37,343 [INFO] IPUIPlugin:80 - create IPUIPlugin
2026-05-03 16:13:37,343 [INFO] IPUIPlugin:80 - create IPUIPlugin
2026-05-03 16:13:37,600 [INFO] CADModel:165 - CPN selected for project levelSTM32F103C6T6A
2026-05-03 16:13:37,600 [INFO] CADModel:114 - Register for checkConnection events
2026-05-03 16:13:37,655 [INFO] OpenFileManager:386 - Restore cursor
2026-05-03 16:38:57,246 [INFO] CADModel:198 - CPN selected (Project mode): STM32F103C6T6A
2026-05-03 16:38:57,246 [INFO] CADModel:200 - Internet connection configuration mode: 1
2026-05-03 16:38:57,246 [INFO] CADModel:203 - rpn retrievedSTM32F103C6
2026-05-03 16:38:57,256 [INFO] WebAppUi:336 - Instantiating new browser for Project
2026-05-03 16:38:57,498 [INFO] WebAppUi:1235 - Register for checkConnection events
2026-05-03 16:38:57,498 [INFO] WebAppUi:1270 - Apply proxy settings
2026-05-03 16:38:57,498 [INFO] WebAppUi:1308 - Chromium requires no authentication
2026-05-03 16:38:57,499 [INFO] WebAppUi:1294 - Direct internet connection detected
2026-05-03 16:38:57,504 [INFO] WebAppUi:1166 - Web application path used C:\ST\STM32CubeIDE_1.19.0\STM32CubeIDE\plugins\com.st.stm32cube.common.mx_6.15.0.202507011659\db\plugins\mcufinder\reactClient\index.html
2026-05-03 16:38:57,527 [INFO] WebAppUi:938 - Path where api_config.json is located C:\Users\User\.stmcufinder\plugins\mcufinder//mcu/api_config.json
2026-05-03 16:38:57,529 [INFO] WebAppUi:939 - Setting api config in window object
2026-05-03 16:38:57,580 [INFO] WebAppUi:947 - Path where cad_preferences.json is located C:\Users\User/.stm32cubeide/
2026-05-03 16:38:57,581 [INFO] WebAppUi:948 - Setting consent info in window object
2026-05-03 16:38:58,305 [INFO] WebAppUi:843 - Allow Downloads
2026-05-03 16:38:58,306 [INFO] WebAppUi:336 - Instantiating new browser for Finder
2026-05-03 16:38:58,540 [INFO] WebAppUi:1235 - Register for checkConnection events
2026-05-03 16:38:58,540 [INFO] WebAppUi:1270 - Apply proxy settings
2026-05-03 16:38:58,540 [INFO] WebAppUi:1308 - Chromium requires no authentication
2026-05-03 16:38:58,540 [INFO] WebAppUi:1294 - Direct internet connection detected
2026-05-03 16:38:58,550 [INFO] WebAppUi:1166 - Web application path used C:\ST\STM32CubeIDE_1.19.0\STM32CubeIDE\plugins\com.st.stm32cube.common.mx_6.15.0.202507011659\db\plugins\mcufinder\reactClient\index.html
2026-05-03 16:38:58,572 [INFO] WebAppUi:938 - Path where api_config.json is located C:\Users\User\.stmcufinder\plugins\mcufinder//mcu/api_config.json
2026-05-03 16:38:58,572 [INFO] WebAppUi:939 - Setting api config in window object
2026-05-03 16:38:58,619 [INFO] WebAppUi:947 - Path where cad_preferences.json is located C:\Users\User/.stm32cubeide/
2026-05-03 16:38:58,619 [INFO] WebAppUi:948 - Setting consent info in window object
2026-05-03 16:38:59,712 [INFO] WebAppUi:843 - Allow Downloads
2026-05-03 16:38:59,713 [INFO] WebAppUi:664 - RPN selected STM32F103C6
2026-05-03 16:38:59,714 [INFO] WebAppUi:665 - RefName selected STM32F103C6Tx
2026-05-03 16:38:59,714 [INFO] WebAppUi:666 - CPN selected STM32F103C6T6A
2026-05-03 16:38:59,718 [INFO] WebAppUi:829 - Which Bigleton in use 2 and which CPN is about STM32F103C6T6A
2026-05-03 16:38:59,720 [INFO] WebAppUi:703 - Have injected Javascript into web application
2026-05-03 16:38:59,720 [INFO] WebAppUiContainer:153 - Web application run mode: Project CPN: STM32F103C6T6A
2026-05-03 16:39:00,532 [INFO] WebAppUi:1100 - Web application message: [UlApiManager component] Connected to Ultra Librarian SSO
2026-05-03 16:39:00,532 [INFO] WebAppUi:1100 - Web application message: [UlApiManager component] Connected to Ultra Librarian API
2026-05-03 16:39:00,646 [INFO] WebAppUi:1100 - Web application message: [UlApiManager component] Connected to Ultra Librarian SSO
2026-05-03 16:39:00,647 [INFO] WebAppUi:1100 - Web application message: [UlApiManager component] Connected to Ultra Librarian API
2026-05-03 16:39:01,220 [INFO] WebAppUi:1100 - Web application message: CAD resources feature launch attempt
2026-05-03 16:39:03,381 [INFO] WebAppUi:938 - Path where api_config.json is located C:\Users\User\.stmcufinder\plugins\mcufinder//mcu/api_config.json
2026-05-03 16:39:03,381 [INFO] WebAppUi:939 - Setting api config in window object
2026-05-03 16:39:03,435 [INFO] WebAppUi:947 - Path where cad_preferences.json is located C:\Users\User/.stm32cubeide/
2026-05-03 16:39:03,435 [INFO] WebAppUi:948 - Setting consent info in window object
2026-05-03 16:48:23,543 [INFO] MainUpdater:2872 - connection check result : 10
2026-05-03 16:48:23,545 [INFO] McuFinderGlobals:76 - Set McuFinderConnectedMode to true
2026-05-03 16:48:24,276 [INFO] ServerAccessManage:452 - Complete download http(s) 200
2026-05-03 16:48:24,277 [INFO] ServerAccessManage:509 - Download File mcusAds.json._tmp_
2026-05-03 16:48:24,405 [INFO] LoadUrlFilesThread:156 - End of LoadUrlFiles Thread
2026-05-03 16:48:26,170 [INFO] ServerAccessManage:452 - Complete download http(s) 200
2026-05-03 16:48:26,171 [INFO] ServerAccessManage:509 - Download File cube-finder-db.zip
2026-05-03 16:48:27,391 [INFO] FileExtend:248 - Unzip File : cube-finder-db.zip
2026-05-03 16:48:27,391 [INFO] FileExtend:263 - Standard Zip Deflate
2026-05-03 16:48:28,377 [INFO] LoadUrlFilesThread:156 - End of LoadUrlFiles Thread
2026-05-03 16:48:29,770 [INFO] ServerAccessManage:452 - Complete download http(s) 200
2026-05-03 16:48:29,771 [INFO] ServerAccessManage:509 - Download File crdb.zip
2026-05-03 16:48:30,903 [INFO] FileExtend:248 - Unzip File : crdb.zip
2026-05-03 16:48:30,903 [INFO] FileExtend:263 - Standard Zip Deflate
2026-05-03 16:48:31,043 [INFO] LoadUrlFilesThread:156 - End of LoadUrlFiles Thread
2026-05-03 16:48:31,268 [INFO] ServerAccessManage:452 - Complete download http(s) 200
2026-05-03 16:48:31,268 [INFO] ServerAccessManage:509 - Download File tutoVideoDB.zip
2026-05-03 16:48:31,287 [INFO] FileExtend:248 - Unzip File : tutoVideoDB.zip
2026-05-03 16:48:31,287 [INFO] FileExtend:263 - Standard Zip Deflate
2026-05-03 16:48:31,412 [INFO] LoadUrlFilesThread:156 - End of LoadUrlFiles Thread
2026-05-03 16:48:31,413 [WARN] DbFile:41 - Overriding database path with different value: C:\Users\User\.stmcufinder\plugins\mcufinder/ => C:\Users\User\.stmcufinder\plugins\mcufinder
2026-05-03 16:48:32,090 [INFO] ServerAccessManage:452 - Complete download http(s) 200
2026-05-03 16:48:32,090 [INFO] ServerAccessManage:509 - Download File api_config.json
2026-05-03 16:48:32,215 [INFO] LoadUrlFilesThread:156 - End of LoadUrlFiles Thread
2026-05-03 16:48:32,217 [INFO] DbMcusAds:53 - JSON generation date=Mon Apr 27 05:14:29 BRT 2026 (1777277669577)
2026-05-03 16:48:32,230 [INFO] ApiDb:448 - Save user favorites file C:\Users\User/.stm32cubeide/favorites.mcus.txt: 2 item(s)
2026-05-03 16:48:32,231 [INFO] ApiDb:452 - User favorites MCUs=[STM32F103C6T6A, STM32F103C8T6]
2026-05-03 16:48:32,235 [INFO] ApiDb:581 - Connected to CubeFinder SQLite database (C:\Users\User\.stmcufinder\plugins\mcufinder\mcu\cube-finder-db.db)
2026-05-03 16:48:32,329 [INFO] ApiDb:668 - CubeFinder database Data Model version=2.1
2026-05-03 16:48:32,329 [INFO] ApiDb:669 - CubeFinder database Configuration version=3.0.42
2026-05-03 16:48:32,329 [INFO] ApiDb:670 - CubeFinder database generation date=2026-03-11 (1773229989)
2026-05-03 16:48:32,330 [INFO] ApiDb:671 - CubeFinder database FW Pack versions=[FP-ATR-ASTRA1_V2.0.0, FP-SNS-FLIGHT1_V5.1.0, FP-SNS-MOTENV1_V5.1.0, FP-SNS-MOTENVWB1_V1.5.0, FP-SNS-SMARTAG2_V1.2.0, FP-SNS-STBOX1_V2.1.0, STM32Cube_FW_C0_V1.4.0, STM32Cube_FW_F4_V1.28.3, STM32Cube_FW_F7_V1.17.4, STM32Cube_FW_G0_V1.6.3, STM32Cube_FW_G4_V1.6.2, STM32Cube_FW_H5_V1.6.0, STM32Cube_FW_H7RS_V1.3.0, STM32Cube_FW_H7_V1.13.0, STM32Cube_FW_L0_V1.12.2, STM32Cube_FW_L4_V1.18.2, STM32Cube_FW_L5_V1.6.0, STM32Cube_FW_N6_V1.3.0, STM32Cube_FW_U0_V1.3.0, STM32Cube_FW_U3_V1.3.0, STM32Cube_FW_U5_V1.8.0, STM32Cube_FW_WB0_V1.4.0, STM32Cube_FW_WBA_V1.9.0, STM32Cube_FW_WB_V1.24.0, STM32Cube_FW_WL3_V1.4.0, STM32Cube_FW_WL_V1.5.0, X-CUBE-ALGOBUILD_V1.4.0, X-CUBE-ALS_V1.0.2, X-CUBE-AZRTOS-F4_V1.1.0, X-CUBE-AZRTOS-F7_V1.1.0, X-CUBE-AZRTOS-G0_V1.1.0, X-CUBE-AZRTOS-G4_V2.0.0, X-CUBE-AZRTOS-H7RS_V1.1.0, X-CUBE-AZRTOS-H7_V3.4.0, X-CUBE-AZRTOS-L4_V2.0.0, X-CUBE-AZRTOS-L5_V2.0.0, X-CUBE-AZRTOS-WB_V2.0.0, X-CUBE-AZRTOS-WL_V2.0.0, X-CUBE-BLE1_V7.1.0, X-CUBE-BLE2_V3.3.0, X-CUBE-BLEMGR_V4.1.0, X-CUBE-EEPRMA1_V5.2.0, X-CUBE-FREERTOS_V1.5.0, X-CUBE-GNSS1_V6.0.0, X-CUBE-MEMS1_V12.0.0, X-CUBE-NFC4_V3.0.0, X-CUBE-NFC7_V2.0.0, X-CUBE-SFXS2LP1_V4.0.0, X-CUBE-ST67W61_V1.2.0, X-CUBE-SUBG2_V5.0.0, X-CUBE-TOF1_V3.4.3]
2026-05-03 16:48:35,701 [INFO] ApiDb:240 - Found 880 in-development CPN: [B-G473E-ZEST1S, B-WB1M-WPAN1, B-WBA5M-WPAN, B-WL5M-SUBG1, NUCLEO-C031C6, NUCLEO-C051C8, NUCLEO-C071RB, NUCLEO-C092RC, NUCLEO-H503RB, NUCLEO-H533RE, NUCLEO-H563ZI, NUCLEO-H7S3L8, NUCLEO-N657X0-Q, NUCLEO-U031R8, NUCLEO-U083RC, NUCLEO-U385RG-Q, NUCLEO-U545RE-Q, NUCLEO-U5A5ZJ-Q, NUCLEO-WB05KZ, NUCLEO-WB07CC, NUCLEO-WB09KE, NUCLEO-WBA52CG, NUCLEO-WBA55CG, NUCLEO-WL33CC1, NUCLEO-WL33CC2, STEVAL-PROTEUS1, STEVAL-SMARTAG2, STEVAL-STWINBX1, STM320518-EVAL, STM32C0116-DK, STM32C011D6Y3TR, STM32C011D6Y6TR, STM32C011F4P3, STM32C011F4P6, STM32C011F4U3, STM32C011F4U6TR, STM32C011F6P3, STM32C011F6P6, STM32C011F6U3, STM32C011F6U6TR, STM32C011J4M3, STM32C011J4M6, STM32C011J6M3, STM32C011J6M6, STM32C0316-DK, STM32C031C4T3, STM32C031C4T6, STM32C031C4U3, STM32C031C4U6, STM32C031C6T3, STM32C031C6T6, STM32C031C6U3, STM32C031C6U6, STM32C031F4P3, STM32C031F4P6, STM32C031F6P3, STM32C031F6P6, STM32C031G4U3, STM32C031G4U6, STM32C031G6U3, STM32C031G6U6, STM32C031K4T3, STM32C031K4T6, STM32C031K4U3, STM32C031K4U6, STM32C031K6T3, STM32C031K6T6, STM32C031K6U3, STM32C031K6U6, STM32C051C6T6, STM32C051C6U6, STM32C051C8T6, STM32C051C8U6, STM32C051D8Y6TR, STM32C051F6P6, STM32C051F8P6, STM32C051G6U6, STM32C051G8U6, STM32C051K6T6, STM32C051K6U6, STM32C051K8T6, STM32C071C8T6, STM32C071C8T6N, STM32C071C8U6, STM32C071C8U6N, STM32C071CBT6, STM32C071CBT6N, STM32C071CBU6, STM32C071CBU6N, STM32C071F8P6, STM32C071F8P6N, STM32C071FBP6, STM32C071FBP6N, STM32C071FBY6TR, STM32C071G8U6, STM32C071G8U6N, STM32C071GBU6, STM32C071GBU6N, STM32C071K8T6, STM32C071K8T6N, STM32C071K8U6, STM32C071K8U6N, STM32C071KBT6, STM32C071KBT6N, STM32C071KBU6, STM32C071KBU6N, STM32C071R8T6, STM32C071R8T6N, STM32C071RBI6N, STM32C071RBT6, STM32C071RBT6N, STM32C091CBT6, STM32C091CBU6, STM32C091CCT6, STM32C091CCU6, STM32C091ECY6TR, STM32C091FBP6, STM32C091FCP6, STM32C091GBU6, STM32C091GCU6, STM32C091KBT6, STM32C091KBU6, STM32C091KCT6, STM32C091KCU6, STM32C091RBT6, STM32C091RCI6, STM32C091RCT6, STM32C092CBT6, STM32C092CBU6, STM32C092CCT6, STM32C092CCU6, STM32C092ECY6TR, STM32C092FBP6, STM32C092FCP6, STM32C092GBU6, STM32C092GCU6, STM32C092KBT6, STM32C092KBU6, STM32C092KCT6, STM32C092KCU6, STM32C092RBT6, STM32C092RCI6, STM32C092RCT6, STM32G071K8TXN, STM32G071K8UXN, STM32G081GBU6N, STM32G081KBT6N, STM32G081KBUXN, STM32G0B1CCT6N, STM32G0B1KCT6, STM32G0B1NEY6TR, STM32G0B1RCT6N, STM32G0C1CCT6, STM32G0C1CCT6N, STM32G0C1CCU6N, STM32G0C1CET6N, STM32G0C1CEU6N, STM32G0C1KCT6, STM32G0C1NEY6TR, STM32G0C1RCI6N, STM32G0C1RCT6N, STM32G0C1REI6N, STM32G0C1RET6N, STM32G0C1VCI6, STM32G0C1VEI6, STM32G411C6T3, STM32G411C6T6, STM32G411C6U3, STM32G411C6U6, STM32G411C8T3, STM32G411C8T6, STM32G411C8U3, STM32G411C8U6, STM32G411CBT3, STM32G411CBT6, STM32G411CBU3, STM32G411CBU6, STM32G411K6T3, STM32G411K6T6, STM32G411K6U3, STM32G411K6U6, STM32G411K8T3, STM32G411K8T6, STM32G411K8U3, STM32G411K8U6, STM32G411KBT3, STM32G411KBT6, STM32G411KBU3, STM32G411KBU6, STM32G411M6T3, STM32G411M6T6, STM32G411M8T3, STM32G411M8T6, STM32G411MBT3, STM32G411MBT6, STM32G411R6T3, STM32G411R6T6, STM32G411R8T3, STM32G411R8T6, STM32G411RBT3, STM32G411RBT6, STM32G414CBT3, STM32G414CBT6, STM32G414CBU3, STM32G414CBU6, STM32G414CCT3, STM32G414CCT6, STM32G414CCU3, STM32G414CCU6, STM32G414MBT3, STM32G414MBT6, STM32G414MCT3, STM32G414MCT6, STM32G414RBT3, STM32G414RBT6, STM32G414RCT3, STM32G414RCT6, STM32G414VBT3, STM32G414VBT6, STM32G414VCT3, STM32G414VCT6, STM32G431CBT3Z, STM32G431RBT3Z, STM32G471CCT6, STM32G471CCU6, STM32G471CET3, STM32G471CET6, STM32G471CEU3, STM32G471CEU6, STM32G471MCT6, STM32G471MET3, STM32G471MET6, STM32G471MEY6TR, STM32G471QCT6, STM32G471QET3, STM32G471RCT6, STM32G471RET3, STM32G471RET6, STM32G471VCH6, STM32G471VCI6, STM32G471VCT6, STM32G471VEH3, STM32G471VEH6, STM32G471VEI3, STM32G471VEI6, STM32G471VET3, STM32G471VET6, STM32G473QET3Z, STM32G473RET3Z, STM32G474CCT6, STM32G491RET3Z, STM32H503CBT6, STM32H503CBU6, STM32H503EBY6TR, STM32H503KBU6, STM32H503RBT6, STM32H523CCT6, STM32H523CCU6, STM32H523CET6, STM32H523CEU6, STM32H523HEY6TR, STM32H523RCT6, STM32H523RET6, STM32H523VCI6, STM32H523VCT6, STM32H523VEI6, STM32H523VET6, STM32H523ZCJ6, STM32H523ZCT6, STM32H523ZEJ6, STM32H523ZET6, STM32H533CET6, STM32H533CEU6, STM32H533HEY6TR, STM32H533RET6, STM32H533VEI6, STM32H533VET6, STM32H533ZEJ6, STM32H533ZET6, STM32H562AGI6, STM32H562AII6, STM32H562IGK6, STM32H562IGT6, STM32H562IIK6, STM32H562IIT6, STM32H562RGT6, STM32H562RGV6, STM32H562RIT6, STM32H562RIV6, STM32H562VGT6, STM32H562VIT6, STM32H562ZGT6, STM32H562ZIT6, STM32H563AGI6, STM32H563AII3Q, STM32H563AII6, STM32H563IGK6, STM32H563IGT6, STM32H563IIK3Q, STM32H563IIK6, STM32H563IIT3Q, STM32H563IIT6, STM32H563MIY3QTR, STM32H563RGT6, STM32H563RGV6, STM32H563RIT6, STM32H563RIV6, STM32H563VGT6, STM32H563VIT3Q, STM32H563VIT6, STM32H563ZGT6, STM32H563ZIT3Q, STM32H563ZIT6, STM32H573AII3Q, STM32H573AII6, STM32H573I-DK, STM32H573IIK3Q, STM32H573IIK6, STM32H573IIT3Q, STM32H573IIT6, STM32H573MIY3QTR, STM32H573RIT6, STM32H573RIV6, STM32H573VIT3Q, STM32H573VIT6, STM32H573ZIT3Q, STM32H573ZIT6, STM32H7R3A8I6, STM32H7R3I8K6, STM32H7R3I8T6, STM32H7R3L8H6, STM32H7R3L8H6H, STM32H7R3R8V6, STM32H7R3V8H6, STM32H7R3V8T6, STM32H7R3V8Y6TR, STM32H7R3Z8J6, STM32H7R3Z8T6, STM32H7R7A8I6, STM32H7R7I8K6, STM32H7R7I8T6, STM32H7R7L8H6, STM32H7R7L8H6H, STM32H7R7Z8J6, STM32H7S3A8I6, STM32H7S3I8K6, STM32H7S3I8T6, STM32H7S3L8H6, STM32H7S3L8H6H, STM32H7S3R8V6, STM32H7S3V8H6, STM32H7S3V8T6, STM32H7S3V8Y6TR, STM32H7S3Z8J6, STM32H7S3Z8T6, STM32H7S78-DK, STM32H7S7A8I6, STM32H7S7I8K6, STM32H7S7I8T6, STM32H7S7L8H6, STM32H7S7L8H6H, STM32H7S7Z8J6, STM32L4R5QGI6STR, STM32MP131AAE3, STM32MP131AAF3, STM32MP131AAG3, STM32MP131CAE3, STM32MP131CAF3, STM32MP131CAG3, STM32MP131DAE7, STM32MP131DAF7, STM32MP131DAG7, STM32MP131FAE7, STM32MP131FAF7, STM32MP131FAG7, STM32MP133AAE3, STM32MP133AAF3, STM32MP133AAG3, STM32MP133CAE3, STM32MP133CAF3, STM32MP133CAG3, STM32MP133DAE7, STM32MP133DAF7, STM32MP133DAG7, STM32MP133FAE7, STM32MP133FAF7, STM32MP133FAG7, STM32MP135AAE3, STM32MP135AAF3, STM32MP135AAG3, STM32MP135CAE3, STM32MP135CAF3, STM32MP135CAG3, STM32MP135DAE7, STM32MP135DAF7, STM32MP135DAG7, STM32MP135F-DK, STM32MP135FAE7, STM32MP135FAF7, STM32MP135FAF7T, STM32MP135FAF7U, STM32MP135FAG7, STM32MP211AAL3, STM32MP211AAM3, STM32MP211AAN3, STM32MP211AAO3, STM32MP211CAL3, STM32MP211CAM3, STM32MP211CAN3, STM32MP211CAO3, STM32MP211DAL3, STM32MP211DAM3, STM32MP211DAN3, STM32MP211DAO3, STM32MP211FAL3, STM32MP211FAM3, STM32MP211FAN3, STM32MP211FAO3, STM32MP213AAL3, STM32MP213AAM3, STM32MP213AAN3, STM32MP213AAO3, STM32MP213CAL3, STM32MP213CAM3, STM32MP213CAN3, STM32MP213CAO3, STM32MP213DAL3, STM32MP213DAM3, STM32MP213DAN3, STM32MP213DAO3, STM32MP213FAL3, STM32MP213FAM3, STM32MP213FAN3, STM32MP213FAO3, STM32MP215AAL3, STM32MP215AAM3, STM32MP215AAN3, STM32MP215AAO3, STM32MP215CAL3, STM32MP215CAM3, STM32MP215CAN3, STM32MP215CAO3, STM32MP215DAL3, STM32MP215DAM3, STM32MP215DAN3, STM32MP215DAO3, STM32MP215F-DK, STM32MP215FAL3, STM32MP215FAM3, STM32MP215FAN3, STM32MP215FAO3, STM32MP231AAJ3, STM32MP231AAK3, STM32MP231AAL3, STM32MP231CAJ3, STM32MP231CAK3, STM32MP231CAL3, STM32MP231DAJ3, STM32MP231DAK3, STM32MP231DAL3, STM32MP231FAJ3, STM32MP231FAK3, STM32MP231FAL3, STM32MP233AAJ3, STM32MP233AAK3, STM32MP233AAL3, STM32MP233CAJ3, STM32MP233CAK3, STM32MP233CAL3, STM32MP233DAJ3, STM32MP233DAK3, STM32MP233DAL3, STM32MP233FAJ3, STM32MP233FAK3, STM32MP233FAL3, STM32MP235AAJ3, STM32MP235AAK3, STM32MP235AAL3, STM32MP235CAJ3, STM32MP235CAK3, STM32MP235CAL3, STM32MP235DAJ3, STM32MP235DAK3, STM32MP235DAL3, STM32MP235FAJ3, STM32MP235FAK3, STM32MP235FAL3, STM32MP251AAI3, STM32MP251AAK3, STM32MP251AAL3, STM32MP251CAI3, STM32MP251CAK3, STM32MP251CAL3, STM32MP251DAI3, STM32MP251DAK3, STM32MP251DAL3, STM32MP251FAI3, STM32MP251FAK3, STM32MP251FAL3, STM32MP253AAI3, STM32MP253AAK3, STM32MP253AAL3, STM32MP253CAI3, STM32MP253CAK3, STM32MP253CAL3, STM32MP253DAI3, STM32MP253DAK3, STM32MP253DAL3, STM32MP253FAI3, STM32MP253FAK3, STM32MP253FAL3, STM32MP255AAI3, STM32MP255AAK3, STM32MP255AAL3, STM32MP255CAI3, STM32MP255CAK3, STM32MP255CAL3, STM32MP255DAI3, STM32MP255DAK3, STM32MP255DAL3, STM32MP255FAI3, STM32MP255FAK3, STM32MP255FAL3, STM32MP257AAI3, STM32MP257AAK3, STM32MP257AAL3, STM32MP257CAI3, STM32MP257CAK3, STM32MP257CAL3, STM32MP257DAI3, STM32MP257DAK3, STM32MP257DAL3, STM32MP257F-DK, STM32MP257F-EV1, STM32MP257FAI3, STM32MP257FAK3, STM32MP257FAL3, STM32N645A0H3Q, STM32N645B0H3Q, STM32N645I0H3Q, STM32N645L0H3Q, STM32N645X0H3Q, STM32N645Z0H3Q, STM32N647A0H3Q, STM32N647B0H3Q, STM32N647I0H3Q, STM32N647L0H3Q, STM32N647X0H3Q, STM32N647Z0H3Q, STM32N655A0H3Q, STM32N655B0H3Q, STM32N655I0H3Q, STM32N655L0H3Q, STM32N655X0H3Q, STM32N655Z0H3Q, STM32N6570-DK, STM32N657A0H3Q, STM32N657B0H3Q, STM32N657I0H3Q, STM32N657L0H3Q, STM32N657X0H3Q, STM32N657Z0H3Q, STM32U031C6T6, STM32U031C6U6, STM32U031C8T6, STM32U031C8U6, STM32U031F4P6, STM32U031F6P6, STM32U031F8P6, STM32U031G6Y6TR, STM32U031G8Y6TR, STM32U031K4U6, STM32U031K6U6, STM32U031K8U6, STM32U031R6I6, STM32U031R6T6, STM32U031R8I6, STM32U031R8T6, STM32U073C8T6, STM32U073C8U6, STM32U073CBT6, STM32U073CBU6, STM32U073CCT6, STM32U073CCU6, STM32U073H8Y6TR, STM32U073HBY6TR, STM32U073HCY6TR, STM32U073K8U6, STM32U073KBU6, STM32U073KCU6, STM32U073M8I6, STM32U073M8T6, STM32U073MBI6, STM32U073MBT6, STM32U073MCI6, STM32U073MCT6, STM32U073R8I6, STM32U073R8T6, STM32U073RBI6, STM32U073RBT6, STM32U073RCI6, STM32U073RCT6, STM32U083C-DK, STM32U083CCT6, STM32U083CCU6, STM32U083HCY6TR, STM32U083KCU6, STM32U083MCI6, STM32U083MCT6, STM32U083RCI6, STM32U083RCT6, STM32U375CET6, STM32U375CET6Q, STM32U375CEU6, STM32U375CEU6Q, STM32U375CEY6QTR, STM32U375CGT6, STM32U375CGT6Q, STM32U375CGU6, STM32U375CGU6Q, STM32U375CGY6QTR, STM32U375KEU6, STM32U375KGU6, STM32U375REI6, STM32U375REI6Q, STM32U375RET6, STM32U375RET6Q, STM32U375REY6GTR, STM32U375REY6QTR, STM32U375RGI6, STM32U375RGI6Q, STM32U375RGT6, STM32U375RGT6Q, STM32U375RGY6GTR, STM32U375RGY6QTR, STM32U375VEI6, STM32U375VEI6Q, STM32U375VET6, STM32U375VET6Q, STM32U375VGI6, STM32U375VGI6Q, STM32U375VGT6, STM32U375VGT6Q, STM32U385CGT6, STM32U385CGT6Q, STM32U385CGU6, STM32U385CGU6Q, STM32U385CGY6QTR, STM32U385KGU6, STM32U385RGI6, STM32U385RGI6Q, STM32U385RGT6, STM32U385RGT6Q, STM32U385RGY6GTR, STM32U385RGY6QTR, STM32U385VGI6, STM32U385VGI6Q, STM32U385VGT6, STM32U385VGT6Q, STM32U535CBT6, STM32U535CBT6Q, STM32U535CBU6, STM32U535CBU6Q, STM32U535CCT6, STM32U535CCT6Q, STM32U535CCU6, STM32U535CCU6Q, STM32U535CET6, STM32U535CET6Q, STM32U535CEU6, STM32U535CEU6Q, STM32U535JEY6QTR, STM32U535NCY6QTR, STM32U535NEY6QTR, STM32U535RBI6, STM32U535RBI6Q, STM32U535RBT6, STM32U535RBT6Q, STM32U535RCI6, STM32U535RCI6Q, STM32U535RCT6, STM32U535RCT6Q, STM32U535REI6, STM32U535REI6Q, STM32U535RET6, STM32U535RET6Q, STM32U535VCI6, STM32U535VCI6Q, STM32U535VCT6, STM32U535VCT6Q, STM32U535VEI6, STM32U535VEI6Q, STM32U535VET6, STM32U535VET6Q, STM32U545CET6, STM32U545CET6Q, STM32U545CEU6, STM32U545CEU6Q, STM32U545JEY6QTR, STM32U545NEY6QTR, STM32U545REI6, STM32U545REI6Q, STM32U545RET6, STM32U545RET6Q, STM32U545VEI6, STM32U545VEI6Q, STM32U545VET6, STM32U545VET6Q, STM32U595AIH6, STM32U595AIH6Q, STM32U595AJH6, STM32U595AJH6Q, STM32U595QII6, STM32U595QII6Q, STM32U595QJI6, STM32U595QJI6Q, STM32U595RIT6, STM32U595RIT6Q, STM32U595RJT6, STM32U595RJT6Q, STM32U595VIT6, STM32U595VIT6Q, STM32U595VJT6, STM32U595VJT6Q, STM32U595ZIT6, STM32U595ZIT6Q, STM32U595ZIY6QTR, STM32U595ZJT6, STM32U595ZJT6Q, STM32U595ZJY6QTR, STM32U599BJY6QTR, STM32U599NIH6Q, STM32U599NJH6Q, STM32U599VIT6Q, STM32U599VJT6, STM32U599VJT6Q, STM32U599ZIT6Q, STM32U599ZIY6QTR, STM32U599ZJT6Q, STM32U599ZJY6QTR, STM32U5A5AJH6, STM32U5A5AJH6Q, STM32U5A5QII3Q , STM32U5A5QJI6, STM32U5A5QJI6Q, STM32U5A5RJT6, STM32U5A5RJT6Q, STM32U5A5VJT6, STM32U5A5VJT6Q, STM32U5A5ZJT6, STM32U5A5ZJT6Q, STM32U5A5ZJY6QTR, STM32U5A9BJY6QTR, STM32U5A9J-DK, STM32U5A9NJH6Q, STM32U5A9VJT6Q, STM32U5A9ZJT6Q, STM32U5A9ZJY6QTR, STM32U5F7VIT6, STM32U5F7VIT6Q, STM32U5F7VJT6, STM32U5F7VJT6Q, STM32U5F9BJY6QTR, STM32U5F9NJH6Q, STM32U5F9VIT6Q, STM32U5F9VJT6Q, STM32U5F9ZIJ6QTR, STM32U5F9ZIT6Q, STM32U5F9ZJJ6QTR, STM32U5F9ZJT6Q, STM32U5G7VJT6, STM32U5G7VJT6Q, STM32U5G9BJY6QTR, STM32U5G9J-DK1, STM32U5G9J-DK2, STM32U5G9NJH6Q, STM32U5G9VJT6Q, STM32U5G9ZJJ6QTR, STM32U5G9ZJT6Q, STM32WB05KZV6TR, STM32WB05KZV7TR, STM32WB05TZF6TR, STM32WB05TZF7TR, STM32WB06CCF6TR, STM32WB06CCF7TR, STM32WB06CCV6TR, STM32WB06CCV7TR, STM32WB06KCV6TR, STM32WB06KCV7TR, STM32WB07CCF6TR, STM32WB07CCF7TR, STM32WB07CCV6TR, STM32WB07CCV7TR, STM32WB07KCV6TR, STM32WB07KCV7TR, STM32WB09KEV6TR, STM32WB09KEV7TR, STM32WB09TEF6TR, STM32WB09TEF7TR, STM32WB1MMCH6, STM32WBA50KGU6, STM32WBA50KGU6TR, STM32WBA52CEU6, STM32WBA52CEU6TR, STM32WBA52CEU7, STM32WBA52CEU7TR, STM32WBA52CGU6, STM32WBA52CGU6TR, STM32WBA52CGU6U, STM32WBA52CGU7, STM32WBA52CGU7TR, STM32WBA52KEU6, STM32WBA52KEU6TR, STM32WBA52KGU6, STM32WBA52KGU6TR, STM32WBA54CEU6, STM32WBA54CEU6TR, STM32WBA54CEU7, STM32WBA54CEU7TR, STM32WBA54CGU6, STM32WBA54CGU6TR, STM32WBA54CGU7, STM32WBA54CGU7TR, STM32WBA54KEU6, STM32WBA54KEU6TR, STM32WBA54KEU7, STM32WBA54KEU7TR, STM32WBA54KGU6, STM32WBA54KGU6TR, STM32WBA54KGU7, STM32WBA54KGU7TR, STM32WBA55CEU6, STM32WBA55CEU6TR, STM32WBA55CEU7, STM32WBA55CEU7TR, STM32WBA55CGU6, STM32WBA55CGU6TR, STM32WBA55CGU6U, STM32WBA55CGU7, STM32WBA55CGU7TR, STM32WBA55G-DK1, STM32WBA55HEF6, STM32WBA55HEF7, STM32WBA55HGF6, STM32WBA55HGF7, STM32WBA55UEI6, STM32WBA55UEI6TR, STM32WBA55UEI7, STM32WBA55UEI7TR, STM32WBA55UGI6, STM32WBA55UGI6TR, STM32WBA55UGI7, STM32WBA55UGI7TR, STM32WBA5MMGH6TR, STM32WBA62MGF6, STM32WBA62MIF6, STM32WBA65MGF7, STM32WBA65MIF6, STM32WBA65MIF7, STM32WL30K8V6, STM32WL30KBV6, STM32WL31C8V6, STM32WL31CBV6, STM32WL31K8V6, STM32WL31KBV6, STM32WL33C8V6, STM32WL33C8V6X, STM32WL33CBV6, STM32WL33CBV6X, STM32WL33CCV6, STM32WL33CCV6A, STM32WL33CCV6X, STM32WL33K8V7, STM32WL33K8V7X, STM32WL33KBV7 , STM32WL33KBV7X, STM32WL33KCV7, STM32WL33KCV7X, STM32WL5MOCH6, STM32WL5MOCH6TR]
2026-05-03 16:48:35,705 [INFO] DbMcus:218 - Found 5055 MCUs, 4968 are supported
2026-05-03 16:48:35,705 [INFO] ApiDb:423 - Load user favorites file C:\Users\User/.stm32cubeide/favorites.mcus.txt: 2 item(s)
2026-05-03 16:48:35,706 [INFO] ApiDb:427 - User favorites MCUs=[STM32F103C6T6A, STM32F103C8T6]
2026-05-03 16:48:35,706 [INFO] DbMcus:224 - Set 2 / 2 favorites MCUs
2026-05-03 16:48:36,215 [INFO] ApiDb:448 - Save user favorites file C:\Users\User/.stm32cubeide/favorites.boards.txt: 0 item(s)
2026-05-03 16:48:36,215 [INFO] ApiDb:452 - User favorites Boards=[]
2026-05-03 16:48:36,217 [INFO] ApiDb:581 - Connected to CubeFinder SQLite database (C:\Users\User\.stmcufinder\plugins\mcufinder\mcu\cube-finder-db.db)
2026-05-03 16:48:36,294 [INFO] ApiDb:668 - CubeFinder database Data Model version=2.1
2026-05-03 16:48:36,294 [INFO] ApiDb:669 - CubeFinder database Configuration version=3.0.42
2026-05-03 16:48:36,294 [INFO] ApiDb:670 - CubeFinder database generation date=2026-03-11 (1773229989)
2026-05-03 16:48:36,294 [INFO] ApiDb:671 - CubeFinder database FW Pack versions=[FP-ATR-ASTRA1_V2.0.0, FP-SNS-FLIGHT1_V5.1.0, FP-SNS-MOTENV1_V5.1.0, FP-SNS-MOTENVWB1_V1.5.0, FP-SNS-SMARTAG2_V1.2.0, FP-SNS-STBOX1_V2.1.0, STM32Cube_FW_C0_V1.4.0, STM32Cube_FW_F4_V1.28.3, STM32Cube_FW_F7_V1.17.4, STM32Cube_FW_G0_V1.6.3, STM32Cube_FW_G4_V1.6.2, STM32Cube_FW_H5_V1.6.0, STM32Cube_FW_H7RS_V1.3.0, STM32Cube_FW_H7_V1.13.0, STM32Cube_FW_L0_V1.12.2, STM32Cube_FW_L4_V1.18.2, STM32Cube_FW_L5_V1.6.0, STM32Cube_FW_N6_V1.3.0, STM32Cube_FW_U0_V1.3.0, STM32Cube_FW_U3_V1.3.0, STM32Cube_FW_U5_V1.8.0, STM32Cube_FW_WB0_V1.4.0, STM32Cube_FW_WBA_V1.9.0, STM32Cube_FW_WB_V1.24.0, STM32Cube_FW_WL3_V1.4.0, STM32Cube_FW_WL_V1.5.0, X-CUBE-ALGOBUILD_V1.4.0, X-CUBE-ALS_V1.0.2, X-CUBE-AZRTOS-F4_V1.1.0, X-CUBE-AZRTOS-F7_V1.1.0, X-CUBE-AZRTOS-G0_V1.1.0, X-CUBE-AZRTOS-G4_V2.0.0, X-CUBE-AZRTOS-H7RS_V1.1.0, X-CUBE-AZRTOS-H7_V3.4.0, X-CUBE-AZRTOS-L4_V2.0.0, X-CUBE-AZRTOS-L5_V2.0.0, X-CUBE-AZRTOS-WB_V2.0.0, X-CUBE-AZRTOS-WL_V2.0.0, X-CUBE-BLE1_V7.1.0, X-CUBE-BLE2_V3.3.0, X-CUBE-BLEMGR_V4.1.0, X-CUBE-EEPRMA1_V5.2.0, X-CUBE-FREERTOS_V1.5.0, X-CUBE-GNSS1_V6.0.0, X-CUBE-MEMS1_V12.0.0, X-CUBE-NFC4_V3.0.0, X-CUBE-NFC7_V2.0.0, X-CUBE-SFXS2LP1_V4.0.0, X-CUBE-ST67W61_V1.2.0, X-CUBE-SUBG2_V5.0.0, X-CUBE-TOF1_V3.4.3]
2026-05-03 16:48:36,347 [INFO] DbBoardsSqlite:226 - include board P-NUCLEO-WB55-NUCLEO as a kit item of type 'Nucleo-64'
2026-05-03 16:48:36,347 [INFO] DbBoardsSqlite:226 - include board P-NUCLEO-WB55-USBDONGLE as a kit item of type 'Nucleo USB Dongle'
2026-05-03 16:48:36,347 [INFO] DbBoardsSqlite:226 - include board STEVAL-IDP005V1 as a kit item of type 'Evaluation Board'
2026-05-03 16:48:36,348 [INFO] DbBoardsSqlite:226 - include board STEVAL-IDP005V2 as a kit item of type 'Evaluation Board'
2026-05-03 16:48:36,422 [INFO] ApiDb:240 - Found 880 in-development CPN: [B-G473E-ZEST1S, B-WB1M-WPAN1, B-WBA5M-WPAN, B-WL5M-SUBG1, NUCLEO-C031C6, NUCLEO-C051C8, NUCLEO-C071RB, NUCLEO-C092RC, NUCLEO-H503RB, NUCLEO-H533RE, NUCLEO-H563ZI, NUCLEO-H7S3L8, NUCLEO-N657X0-Q, NUCLEO-U031R8, NUCLEO-U083RC, NUCLEO-U385RG-Q, NUCLEO-U545RE-Q, NUCLEO-U5A5ZJ-Q, NUCLEO-WB05KZ, NUCLEO-WB07CC, NUCLEO-WB09KE, NUCLEO-WBA52CG, NUCLEO-WBA55CG, NUCLEO-WL33CC1, NUCLEO-WL33CC2, STEVAL-PROTEUS1, STEVAL-SMARTAG2, STEVAL-STWINBX1, STM320518-EVAL, STM32C0116-DK, STM32C011D6Y3TR, STM32C011D6Y6TR, STM32C011F4P3, STM32C011F4P6, STM32C011F4U3, STM32C011F4U6TR, STM32C011F6P3, STM32C011F6P6, STM32C011F6U3, STM32C011F6U6TR, STM32C011J4M3, STM32C011J4M6, STM32C011J6M3, STM32C011J6M6, STM32C0316-DK, STM32C031C4T3, STM32C031C4T6, STM32C031C4U3, STM32C031C4U6, STM32C031C6T3, STM32C031C6T6, STM32C031C6U3, STM32C031C6U6, STM32C031F4P3, STM32C031F4P6, STM32C031F6P3, STM32C031F6P6, STM32C031G4U3, STM32C031G4U6, STM32C031G6U3, STM32C031G6U6, STM32C031K4T3, STM32C031K4T6, STM32C031K4U3, STM32C031K4U6, STM32C031K6T3, STM32C031K6T6, STM32C031K6U3, STM32C031K6U6, STM32C051C6T6, STM32C051C6U6, STM32C051C8T6, STM32C051C8U6, STM32C051D8Y6TR, STM32C051F6P6, STM32C051F8P6, STM32C051G6U6, STM32C051G8U6, STM32C051K6T6, STM32C051K6U6, STM32C051K8T6, STM32C071C8T6, STM32C071C8T6N, STM32C071C8U6, STM32C071C8U6N, STM32C071CBT6, STM32C071CBT6N, STM32C071CBU6, STM32C071CBU6N, STM32C071F8P6, STM32C071F8P6N, STM32C071FBP6, STM32C071FBP6N, STM32C071FBY6TR, STM32C071G8U6, STM32C071G8U6N, STM32C071GBU6, STM32C071GBU6N, STM32C071K8T6, STM32C071K8T6N, STM32C071K8U6, STM32C071K8U6N, STM32C071KBT6, STM32C071KBT6N, STM32C071KBU6, STM32C071KBU6N, STM32C071R8T6, STM32C071R8T6N, STM32C071RBI6N, STM32C071RBT6, STM32C071RBT6N, STM32C091CBT6, STM32C091CBU6, STM32C091CCT6, STM32C091CCU6, STM32C091ECY6TR, STM32C091FBP6, STM32C091FCP6, STM32C091GBU6, STM32C091GCU6, STM32C091KBT6, STM32C091KBU6, STM32C091KCT6, STM32C091KCU6, STM32C091RBT6, STM32C091RCI6, STM32C091RCT6, STM32C092CBT6, STM32C092CBU6, STM32C092CCT6, STM32C092CCU6, STM32C092ECY6TR, STM32C092FBP6, STM32C092FCP6, STM32C092GBU6, STM32C092GCU6, STM32C092KBT6, STM32C092KBU6, STM32C092KCT6, STM32C092KCU6, STM32C092RBT6, STM32C092RCI6, STM32C092RCT6, STM32G071K8TXN, STM32G071K8UXN, STM32G081GBU6N, STM32G081KBT6N, STM32G081KBUXN, STM32G0B1CCT6N, STM32G0B1KCT6, STM32G0B1NEY6TR, STM32G0B1RCT6N, STM32G0C1CCT6, STM32G0C1CCT6N, STM32G0C1CCU6N, STM32G0C1CET6N, STM32G0C1CEU6N, STM32G0C1KCT6, STM32G0C1NEY6TR, STM32G0C1RCI6N, STM32G0C1RCT6N, STM32G0C1REI6N, STM32G0C1RET6N, STM32G0C1VCI6, STM32G0C1VEI6, STM32G411C6T3, STM32G411C6T6, STM32G411C6U3, STM32G411C6U6, STM32G411C8T3, STM32G411C8T6, STM32G411C8U3, STM32G411C8U6, STM32G411CBT3, STM32G411CBT6, STM32G411CBU3, STM32G411CBU6, STM32G411K6T3, STM32G411K6T6, STM32G411K6U3, STM32G411K6U6, STM32G411K8T3, STM32G411K8T6, STM32G411K8U3, STM32G411K8U6, STM32G411KBT3, STM32G411KBT6, STM32G411KBU3, STM32G411KBU6, STM32G411M6T3, STM32G411M6T6, STM32G411M8T3, STM32G411M8T6, STM32G411MBT3, STM32G411MBT6, STM32G411R6T3, STM32G411R6T6, STM32G411R8T3, STM32G411R8T6, STM32G411RBT3, STM32G411RBT6, STM32G414CBT3, STM32G414CBT6, STM32G414CBU3, STM32G414CBU6, STM32G414CCT3, STM32G414CCT6, STM32G414CCU3, STM32G414CCU6, STM32G414MBT3, STM32G414MBT6, STM32G414MCT3, STM32G414MCT6, STM32G414RBT3, STM32G414RBT6, STM32G414RCT3, STM32G414RCT6, STM32G414VBT3, STM32G414VBT6, STM32G414VCT3, STM32G414VCT6, STM32G431CBT3Z, STM32G431RBT3Z, STM32G471CCT6, STM32G471CCU6, STM32G471CET3, STM32G471CET6, STM32G471CEU3, STM32G471CEU6, STM32G471MCT6, STM32G471MET3, STM32G471MET6, STM32G471MEY6TR, STM32G471QCT6, STM32G471QET3, STM32G471RCT6, STM32G471RET3, STM32G471RET6, STM32G471VCH6, STM32G471VCI6, STM32G471VCT6, STM32G471VEH3, STM32G471VEH6, STM32G471VEI3, STM32G471VEI6, STM32G471VET3, STM32G471VET6, STM32G473QET3Z, STM32G473RET3Z, STM32G474CCT6, STM32G491RET3Z, STM32H503CBT6, STM32H503CBU6, STM32H503EBY6TR, STM32H503KBU6, STM32H503RBT6, STM32H523CCT6, STM32H523CCU6, STM32H523CET6, STM32H523CEU6, STM32H523HEY6TR, STM32H523RCT6, STM32H523RET6, STM32H523VCI6, STM32H523VCT6, STM32H523VEI6, STM32H523VET6, STM32H523ZCJ6, STM32H523ZCT6, STM32H523ZEJ6, STM32H523ZET6, STM32H533CET6, STM32H533CEU6, STM32H533HEY6TR, STM32H533RET6, STM32H533VEI6, STM32H533VET6, STM32H533ZEJ6, STM32H533ZET6, STM32H562AGI6, STM32H562AII6, STM32H562IGK6, STM32H562IGT6, STM32H562IIK6, STM32H562IIT6, STM32H562RGT6, STM32H562RGV6, STM32H562RIT6, STM32H562RIV6, STM32H562VGT6, STM32H562VIT6, STM32H562ZGT6, STM32H562ZIT6, STM32H563AGI6, STM32H563AII3Q, STM32H563AII6, STM32H563IGK6, STM32H563IGT6, STM32H563IIK3Q, STM32H563IIK6, STM32H563IIT3Q, STM32H563IIT6, STM32H563MIY3QTR, STM32H563RGT6, STM32H563RGV6, STM32H563RIT6, STM32H563RIV6, STM32H563VGT6, STM32H563VIT3Q, STM32H563VIT6, STM32H563ZGT6, STM32H563ZIT3Q, STM32H563ZIT6, STM32H573AII3Q, STM32H573AII6, STM32H573I-DK, STM32H573IIK3Q, STM32H573IIK6, STM32H573IIT3Q, STM32H573IIT6, STM32H573MIY3QTR, STM32H573RIT6, STM32H573RIV6, STM32H573VIT3Q, STM32H573VIT6, STM32H573ZIT3Q, STM32H573ZIT6, STM32H7R3A8I6, STM32H7R3I8K6, STM32H7R3I8T6, STM32H7R3L8H6, STM32H7R3L8H6H, STM32H7R3R8V6, STM32H7R3V8H6, STM32H7R3V8T6, STM32H7R3V8Y6TR, STM32H7R3Z8J6, STM32H7R3Z8T6, STM32H7R7A8I6, STM32H7R7I8K6, STM32H7R7I8T6, STM32H7R7L8H6, STM32H7R7L8H6H, STM32H7R7Z8J6, STM32H7S3A8I6, STM32H7S3I8K6, STM32H7S3I8T6, STM32H7S3L8H6, STM32H7S3L8H6H, STM32H7S3R8V6, STM32H7S3V8H6, STM32H7S3V8T6, STM32H7S3V8Y6TR, STM32H7S3Z8J6, STM32H7S3Z8T6, STM32H7S78-DK, STM32H7S7A8I6, STM32H7S7I8K6, STM32H7S7I8T6, STM32H7S7L8H6, STM32H7S7L8H6H, STM32H7S7Z8J6, STM32L4R5QGI6STR, STM32MP131AAE3, STM32MP131AAF3, STM32MP131AAG3, STM32MP131CAE3, STM32MP131CAF3, STM32MP131CAG3, STM32MP131DAE7, STM32MP131DAF7, STM32MP131DAG7, STM32MP131FAE7, STM32MP131FAF7, STM32MP131FAG7, STM32MP133AAE3, STM32MP133AAF3, STM32MP133AAG3, STM32MP133CAE3, STM32MP133CAF3, STM32MP133CAG3, STM32MP133DAE7, STM32MP133DAF7, STM32MP133DAG7, STM32MP133FAE7, STM32MP133FAF7, STM32MP133FAG7, STM32MP135AAE3, STM32MP135AAF3, STM32MP135AAG3, STM32MP135CAE3, STM32MP135CAF3, STM32MP135CAG3, STM32MP135DAE7, STM32MP135DAF7, STM32MP135DAG7, STM32MP135F-DK, STM32MP135FAE7, STM32MP135FAF7, STM32MP135FAF7T, STM32MP135FAF7U, STM32MP135FAG7, STM32MP211AAL3, STM32MP211AAM3, STM32MP211AAN3, STM32MP211AAO3, STM32MP211CAL3, STM32MP211CAM3, STM32MP211CAN3, STM32MP211CAO3, STM32MP211DAL3, STM32MP211DAM3, STM32MP211DAN3, STM32MP211DAO3, STM32MP211FAL3, STM32MP211FAM3, STM32MP211FAN3, STM32MP211FAO3, STM32MP213AAL3, STM32MP213AAM3, STM32MP213AAN3, STM32MP213AAO3, STM32MP213CAL3, STM32MP213CAM3, STM32MP213CAN3, STM32MP213CAO3, STM32MP213DAL3, STM32MP213DAM3, STM32MP213DAN3, STM32MP213DAO3, STM32MP213FAL3, STM32MP213FAM3, STM32MP213FAN3, STM32MP213FAO3, STM32MP215AAL3, STM32MP215AAM3, STM32MP215AAN3, STM32MP215AAO3, STM32MP215CAL3, STM32MP215CAM3, STM32MP215CAN3, STM32MP215CAO3, STM32MP215DAL3, STM32MP215DAM3, STM32MP215DAN3, STM32MP215DAO3, STM32MP215F-DK, STM32MP215FAL3, STM32MP215FAM3, STM32MP215FAN3, STM32MP215FAO3, STM32MP231AAJ3, STM32MP231AAK3, STM32MP231AAL3, STM32MP231CAJ3, STM32MP231CAK3, STM32MP231CAL3, STM32MP231DAJ3, STM32MP231DAK3, STM32MP231DAL3, STM32MP231FAJ3, STM32MP231FAK3, STM32MP231FAL3, STM32MP233AAJ3, STM32MP233AAK3, STM32MP233AAL3, STM32MP233CAJ3, STM32MP233CAK3, STM32MP233CAL3, STM32MP233DAJ3, STM32MP233DAK3, STM32MP233DAL3, STM32MP233FAJ3, STM32MP233FAK3, STM32MP233FAL3, STM32MP235AAJ3, STM32MP235AAK3, STM32MP235AAL3, STM32MP235CAJ3, STM32MP235CAK3, STM32MP235CAL3, STM32MP235DAJ3, STM32MP235DAK3, STM32MP235DAL3, STM32MP235FAJ3, STM32MP235FAK3, STM32MP235FAL3, STM32MP251AAI3, STM32MP251AAK3, STM32MP251AAL3, STM32MP251CAI3, STM32MP251CAK3, STM32MP251CAL3, STM32MP251DAI3, STM32MP251DAK3, STM32MP251DAL3, STM32MP251FAI3, STM32MP251FAK3, STM32MP251FAL3, STM32MP253AAI3, STM32MP253AAK3, STM32MP253AAL3, STM32MP253CAI3, STM32MP253CAK3, STM32MP253CAL3, STM32MP253DAI3, STM32MP253DAK3, STM32MP253DAL3, STM32MP253FAI3, STM32MP253FAK3, STM32MP253FAL3, STM32MP255AAI3, STM32MP255AAK3, STM32MP255AAL3, STM32MP255CAI3, STM32MP255CAK3, STM32MP255CAL3, STM32MP255DAI3, STM32MP255DAK3, STM32MP255DAL3, STM32MP255FAI3, STM32MP255FAK3, STM32MP255FAL3, STM32MP257AAI3, STM32MP257AAK3, STM32MP257AAL3, STM32MP257CAI3, STM32MP257CAK3, STM32MP257CAL3, STM32MP257DAI3, STM32MP257DAK3, STM32MP257DAL3, STM32MP257F-DK, STM32MP257F-EV1, STM32MP257FAI3, STM32MP257FAK3, STM32MP257FAL3, STM32N645A0H3Q, STM32N645B0H3Q, STM32N645I0H3Q, STM32N645L0H3Q, STM32N645X0H3Q, STM32N645Z0H3Q, STM32N647A0H3Q, STM32N647B0H3Q, STM32N647I0H3Q, STM32N647L0H3Q, STM32N647X0H3Q, STM32N647Z0H3Q, STM32N655A0H3Q, STM32N655B0H3Q, STM32N655I0H3Q, STM32N655L0H3Q, STM32N655X0H3Q, STM32N655Z0H3Q, STM32N6570-DK, STM32N657A0H3Q, STM32N657B0H3Q, STM32N657I0H3Q, STM32N657L0H3Q, STM32N657X0H3Q, STM32N657Z0H3Q, STM32U031C6T6, STM32U031C6U6, STM32U031C8T6, STM32U031C8U6, STM32U031F4P6, STM32U031F6P6, STM32U031F8P6, STM32U031G6Y6TR, STM32U031G8Y6TR, STM32U031K4U6, STM32U031K6U6, STM32U031K8U6, STM32U031R6I6, STM32U031R6T6, STM32U031R8I6, STM32U031R8T6, STM32U073C8T6, STM32U073C8U6, STM32U073CBT6, STM32U073CBU6, STM32U073CCT6, STM32U073CCU6, STM32U073H8Y6TR, STM32U073HBY6TR, STM32U073HCY6TR, STM32U073K8U6, STM32U073KBU6, STM32U073KCU6, STM32U073M8I6, STM32U073M8T6, STM32U073MBI6, STM32U073MBT6, STM32U073MCI6, STM32U073MCT6, STM32U073R8I6, STM32U073R8T6, STM32U073RBI6, STM32U073RBT6, STM32U073RCI6, STM32U073RCT6, STM32U083C-DK, STM32U083CCT6, STM32U083CCU6, STM32U083HCY6TR, STM32U083KCU6, STM32U083MCI6, STM32U083MCT6, STM32U083RCI6, STM32U083RCT6, STM32U375CET6, STM32U375CET6Q, STM32U375CEU6, STM32U375CEU6Q, STM32U375CEY6QTR, STM32U375CGT6, STM32U375CGT6Q, STM32U375CGU6, STM32U375CGU6Q, STM32U375CGY6QTR, STM32U375KEU6, STM32U375KGU6, STM32U375REI6, STM32U375REI6Q, STM32U375RET6, STM32U375RET6Q, STM32U375REY6GTR, STM32U375REY6QTR, STM32U375RGI6, STM32U375RGI6Q, STM32U375RGT6, STM32U375RGT6Q, STM32U375RGY6GTR, STM32U375RGY6QTR, STM32U375VEI6, STM32U375VEI6Q, STM32U375VET6, STM32U375VET6Q, STM32U375VGI6, STM32U375VGI6Q, STM32U375VGT6, STM32U375VGT6Q, STM32U385CGT6, STM32U385CGT6Q, STM32U385CGU6, STM32U385CGU6Q, STM32U385CGY6QTR, STM32U385KGU6, STM32U385RGI6, STM32U385RGI6Q, STM32U385RGT6, STM32U385RGT6Q, STM32U385RGY6GTR, STM32U385RGY6QTR, STM32U385VGI6, STM32U385VGI6Q, STM32U385VGT6, STM32U385VGT6Q, STM32U535CBT6, STM32U535CBT6Q, STM32U535CBU6, STM32U535CBU6Q, STM32U535CCT6, STM32U535CCT6Q, STM32U535CCU6, STM32U535CCU6Q, STM32U535CET6, STM32U535CET6Q, STM32U535CEU6, STM32U535CEU6Q, STM32U535JEY6QTR, STM32U535NCY6QTR, STM32U535NEY6QTR, STM32U535RBI6, STM32U535RBI6Q, STM32U535RBT6, STM32U535RBT6Q, STM32U535RCI6, STM32U535RCI6Q, STM32U535RCT6, STM32U535RCT6Q, STM32U535REI6, STM32U535REI6Q, STM32U535RET6, STM32U535RET6Q, STM32U535VCI6, STM32U535VCI6Q, STM32U535VCT6, STM32U535VCT6Q, STM32U535VEI6, STM32U535VEI6Q, STM32U535VET6, STM32U535VET6Q, STM32U545CET6, STM32U545CET6Q, STM32U545CEU6, STM32U545CEU6Q, STM32U545JEY6QTR, STM32U545NEY6QTR, STM32U545REI6, STM32U545REI6Q, STM32U545RET6, STM32U545RET6Q, STM32U545VEI6, STM32U545VEI6Q, STM32U545VET6, STM32U545VET6Q, STM32U595AIH6, STM32U595AIH6Q, STM32U595AJH6, STM32U595AJH6Q, STM32U595QII6, STM32U595QII6Q, STM32U595QJI6, STM32U595QJI6Q, STM32U595RIT6, STM32U595RIT6Q, STM32U595RJT6, STM32U595RJT6Q, STM32U595VIT6, STM32U595VIT6Q, STM32U595VJT6, STM32U595VJT6Q, STM32U595ZIT6, STM32U595ZIT6Q, STM32U595ZIY6QTR, STM32U595ZJT6, STM32U595ZJT6Q, STM32U595ZJY6QTR, STM32U599BJY6QTR, STM32U599NIH6Q, STM32U599NJH6Q, STM32U599VIT6Q, STM32U599VJT6, STM32U599VJT6Q, STM32U599ZIT6Q, STM32U599ZIY6QTR, STM32U599ZJT6Q, STM32U599ZJY6QTR, STM32U5A5AJH6, STM32U5A5AJH6Q, STM32U5A5QII3Q , STM32U5A5QJI6, STM32U5A5QJI6Q, STM32U5A5RJT6, STM32U5A5RJT6Q, STM32U5A5VJT6, STM32U5A5VJT6Q, STM32U5A5ZJT6, STM32U5A5ZJT6Q, STM32U5A5ZJY6QTR, STM32U5A9BJY6QTR, STM32U5A9J-DK, STM32U5A9NJH6Q, STM32U5A9VJT6Q, STM32U5A9ZJT6Q, STM32U5A9ZJY6QTR, STM32U5F7VIT6, STM32U5F7VIT6Q, STM32U5F7VJT6, STM32U5F7VJT6Q, STM32U5F9BJY6QTR, STM32U5F9NJH6Q, STM32U5F9VIT6Q, STM32U5F9VJT6Q, STM32U5F9ZIJ6QTR, STM32U5F9ZIT6Q, STM32U5F9ZJJ6QTR, STM32U5F9ZJT6Q, STM32U5G7VJT6, STM32U5G7VJT6Q, STM32U5G9BJY6QTR, STM32U5G9J-DK1, STM32U5G9J-DK2, STM32U5G9NJH6Q, STM32U5G9VJT6Q, STM32U5G9ZJJ6QTR, STM32U5G9ZJT6Q, STM32WB05KZV6TR, STM32WB05KZV7TR, STM32WB05TZF6TR, STM32WB05TZF7TR, STM32WB06CCF6TR, STM32WB06CCF7TR, STM32WB06CCV6TR, STM32WB06CCV7TR, STM32WB06KCV6TR, STM32WB06KCV7TR, STM32WB07CCF6TR, STM32WB07CCF7TR, STM32WB07CCV6TR, STM32WB07CCV7TR, STM32WB07KCV6TR, STM32WB07KCV7TR, STM32WB09KEV6TR, STM32WB09KEV7TR, STM32WB09TEF6TR, STM32WB09TEF7TR, STM32WB1MMCH6, STM32WBA50KGU6, STM32WBA50KGU6TR, STM32WBA52CEU6, STM32WBA52CEU6TR, STM32WBA52CEU7, STM32WBA52CEU7TR, STM32WBA52CGU6, STM32WBA52CGU6TR, STM32WBA52CGU6U, STM32WBA52CGU7, STM32WBA52CGU7TR, STM32WBA52KEU6, STM32WBA52KEU6TR, STM32WBA52KGU6, STM32WBA52KGU6TR, STM32WBA54CEU6, STM32WBA54CEU6TR, STM32WBA54CEU7, STM32WBA54CEU7TR, STM32WBA54CGU6, STM32WBA54CGU6TR, STM32WBA54CGU7, STM32WBA54CGU7TR, STM32WBA54KEU6, STM32WBA54KEU6TR, STM32WBA54KEU7, STM32WBA54KEU7TR, STM32WBA54KGU6, STM32WBA54KGU6TR, STM32WBA54KGU7, STM32WBA54KGU7TR, STM32WBA55CEU6, STM32WBA55CEU6TR, STM32WBA55CEU7, STM32WBA55CEU7TR, STM32WBA55CGU6, STM32WBA55CGU6TR, STM32WBA55CGU6U, STM32WBA55CGU7, STM32WBA55CGU7TR, STM32WBA55G-DK1, STM32WBA55HEF6, STM32WBA55HEF7, STM32WBA55HGF6, STM32WBA55HGF7, STM32WBA55UEI6, STM32WBA55UEI6TR, STM32WBA55UEI7, STM32WBA55UEI7TR, STM32WBA55UGI6, STM32WBA55UGI6TR, STM32WBA55UGI7, STM32WBA55UGI7TR, STM32WBA5MMGH6TR, STM32WBA62MGF6, STM32WBA62MIF6, STM32WBA65MGF7, STM32WBA65MIF6, STM32WBA65MIF7, STM32WL30K8V6, STM32WL30KBV6, STM32WL31C8V6, STM32WL31CBV6, STM32WL31K8V6, STM32WL31KBV6, STM32WL33C8V6, STM32WL33C8V6X, STM32WL33CBV6, STM32WL33CBV6X, STM32WL33CCV6, STM32WL33CCV6A, STM32WL33CCV6X, STM32WL33K8V7, STM32WL33K8V7X, STM32WL33KBV7 , STM32WL33KBV7X, STM32WL33KCV7, STM32WL33KCV7X, STM32WL5MOCH6, STM32WL5MOCH6TR]
2026-05-03 16:48:36,620 [INFO] BoardInfo:889 - No configuration file found for board NUCLEO-H5E5ZJ
2026-05-03 16:48:36,622 [INFO] DbBoards:161 - Board is not supported: NUCLEO-H5E5ZJ
2026-05-03 16:48:36,721 [INFO] BoardInfo:889 - No configuration file found for board NUCLEO-U3C5ZI-Q
2026-05-03 16:48:36,724 [INFO] DbBoards:161 - Board is not supported: NUCLEO-U3C5ZI-Q
2026-05-03 16:48:36,750 [INFO] BoardInfo:889 - No configuration file found for board NUCLEO-WBA25CE1
2026-05-03 16:48:36,752 [INFO] DbBoards:161 - Board is not supported: NUCLEO-WBA25CE1
2026-05-03 16:48:36,768 [INFO] BoardInfo:889 - No configuration file found for board NUCLEO-WL3RKB1
2026-05-03 16:48:36,771 [INFO] DbBoards:161 - Board is not supported: NUCLEO-WL3RKB1
2026-05-03 16:48:36,773 [INFO] BoardInfo:889 - No configuration file found for board NUCLEO-WL3RKB2
2026-05-03 16:48:36,774 [INFO] DbBoards:161 - Board is not supported: NUCLEO-WL3RKB2
2026-05-03 16:48:36,788 [INFO] BoardInfo:889 - No configuration file found for board P-NUCLEO-WB55
2026-05-03 16:48:36,790 [INFO] DbBoards:161 - Kit is not supported: P-NUCLEO-WB55
2026-05-03 16:48:36,801 [INFO] BoardInfo:889 - No configuration file found for board STEVAL-BFA001V1B
2026-05-03 16:48:36,803 [INFO] DbBoards:161 - Kit is not supported: STEVAL-BFA001V1B
2026-05-03 16:48:36,804 [INFO] BoardInfo:889 - No configuration file found for board STEVAL-BFA001V2B
2026-05-03 16:48:36,806 [INFO] DbBoards:161 - Kit is not supported: STEVAL-BFA001V2B
2026-05-03 16:48:36,998 [INFO] BoardInfo:889 - No configuration file found for board STM32H5F5J-DK
2026-05-03 16:48:37,000 [INFO] DbBoards:161 - Board is not supported: STM32H5F5J-DK
2026-05-03 16:48:37,146 [INFO] DbBoards:168 - Found 218 boards, 209 are supported
2026-05-03 16:48:37,146 [INFO] DbBoards:169 - Found 218 boards, 43 of them is supported for  Bsp
2026-05-03 16:48:37,150 [INFO] ApiDb:423 - Load user favorites file C:\Users\User/.stm32cubeide/favorites.boards.txt: 0 item(s)
2026-05-03 16:48:37,151 [INFO] ApiDb:427 - User favorites Boards=[]
2026-05-03 16:48:37,151 [INFO] DbBoards:198 - Set 0 / 0 favorites Boards
2026-05-03 16:48:37,172 [INFO] LoadUrlFilesThread:185 - End of LoadServerUrlFiles without Thread
2026-05-03 16:48:37,172 [INFO] TargetSelectorAdapter:259 - Refresh data is successful
2026-05-03 16:48:37,175 [INFO] ApiDb:668 - CubeFinder database Data Model version=2.1
2026-05-03 16:48:37,175 [INFO] ApiDb:669 - CubeFinder database Configuration version=3.0.42
2026-05-03 16:48:37,175 [INFO] ApiDb:670 - CubeFinder database generation date=2026-03-11 (1773229989)
2026-05-03 16:48:37,175 [INFO] ApiDb:671 - CubeFinder database FW Pack versions=[FP-ATR-ASTRA1_V2.0.0, FP-SNS-FLIGHT1_V5.1.0, FP-SNS-MOTENV1_V5.1.0, FP-SNS-MOTENVWB1_V1.5.0, FP-SNS-SMARTAG2_V1.2.0, FP-SNS-STBOX1_V2.1.0, STM32Cube_FW_C0_V1.4.0, STM32Cube_FW_F4_V1.28.3, STM32Cube_FW_F7_V1.17.4, STM32Cube_FW_G0_V1.6.3, STM32Cube_FW_G4_V1.6.2, STM32Cube_FW_H5_V1.6.0, STM32Cube_FW_H7RS_V1.3.0, STM32Cube_FW_H7_V1.13.0, STM32Cube_FW_L0_V1.12.2, STM32Cube_FW_L4_V1.18.2, STM32Cube_FW_L5_V1.6.0, STM32Cube_FW_N6_V1.3.0, STM32Cube_FW_U0_V1.3.0, STM32Cube_FW_U3_V1.3.0, STM32Cube_FW_U5_V1.8.0, STM32Cube_FW_WB0_V1.4.0, STM32Cube_FW_WBA_V1.9.0, STM32Cube_FW_WB_V1.24.0, STM32Cube_FW_WL3_V1.4.0, STM32Cube_FW_WL_V1.5.0, X-CUBE-ALGOBUILD_V1.4.0, X-CUBE-ALS_V1.0.2, X-CUBE-AZRTOS-F4_V1.1.0, X-CUBE-AZRTOS-F7_V1.1.0, X-CUBE-AZRTOS-G0_V1.1.0, X-CUBE-AZRTOS-G4_V2.0.0, X-CUBE-AZRTOS-H7RS_V1.1.0, X-CUBE-AZRTOS-H7_V3.4.0, X-CUBE-AZRTOS-L4_V2.0.0, X-CUBE-AZRTOS-L5_V2.0.0, X-CUBE-AZRTOS-WB_V2.0.0, X-CUBE-AZRTOS-WL_V2.0.0, X-CUBE-BLE1_V7.1.0, X-CUBE-BLE2_V3.3.0, X-CUBE-BLEMGR_V4.1.0, X-CUBE-EEPRMA1_V5.2.0, X-CUBE-FREERTOS_V1.5.0, X-CUBE-GNSS1_V6.0.0, X-CUBE-MEMS1_V12.0.0, X-CUBE-NFC4_V3.0.0, X-CUBE-NFC7_V2.0.0, X-CUBE-SFXS2LP1_V4.0.0, X-CUBE-ST67W61_V1.2.0, X-CUBE-SUBG2_V5.0.0, X-CUBE-TOF1_V3.4.3]
2026-05-03 16:48:37,887 [ERROR] DbExamplesSqlite:437 - Missing JSON key: board_cpn
2026-05-03 16:48:37,887 [ERROR] DbExamplesSqlite:437 - Missing JSON key: board_cpn
2026-05-03 16:48:37,888 [ERROR] DbExamplesSqlite:437 - Missing JSON key: board_cpn
2026-05-03 16:48:37,888 [ERROR] DbExamplesSqlite:437 - Missing JSON key: board_cpn
2026-05-03 16:48:38,217 [ERROR] DbExamplesSqlite:437 - Missing JSON key: board_cpn
2026-05-03 16:48:38,217 [ERROR] DbExamplesSqlite:437 - Missing JSON key: board_cpn
2026-05-03 16:48:38,270 [INFO] DbExamplesSqlite:395 - Ignored 39 examples not supported by CubeIDE
2026-05-03 16:48:38,270 [INFO] DbExamplesSqlite:396 - Found 11210 examples active
2026-05-03 16:48:38,270 [INFO] DbExamplesSqlite:397 - Found 0 examples obsolete
2026-05-03 16:48:38,271 [INFO] DbExamplesSqlite:398 - Found 0 examples under development
2026-05-03 16:48:38,271 [INFO] DbExamplesSqlite:399 - Found 76 examples not building
2026-05-03 16:48:38,273 [INFO] DbExamples:125 - Found 11247 examples
2026-05-03 16:48:38,370 [ERROR] DbExamples:208 - Found 377 examples with invalid data (board or MCU)
2026-05-03 16:48:38,370 [INFO] DbExamples:222 - Found 140 boards with related examples
2026-05-03 16:48:38,371 [INFO] DbExamples:235 - Found 114 MCUs with related examples
2026-05-03 16:48:38,400 [INFO] ApiDb:423 - Load user favorites file C:\Users\User/.stm32cubeide/favorites.examples.txt: 0 item(s)
2026-05-03 16:48:38,400 [INFO] ApiDb:427 - User favorites Examples=[]
2026-05-03 16:48:38,400 [INFO] DbExamples:250 - Set 0 / 0 favorites Examples
2026-05-03 16:48:38,594 [INFO] McuFinderGlobals:76 - Set McuFinderConnectedMode to true
2026-05-03 16:48:38,615 [INFO] MultiScanPanel:200 - Auto-refresh data requested => check proxy status ongoing
2026-05-03 16:48:38,621 [INFO] FinderPluginLoader:96 - Searching for filters in installed packs
2026-05-03 16:48:40,330 [INFO] LoadUrlFilesThread:185 - End of LoadServerUrlFiles without Thread
2026-05-03 16:48:40,346 [INFO] DetailPanel:341 - Set advertising image to C:/Users/User/STM32Cube/Repository/\en.prom-stm32wba2-stm32-nucleo-board-0426.png
2026-05-03 16:49:25,591 [INFO] MainUpdater:2872 - connection check result : 10
2026-05-03 16:49:25,591 [INFO] MainUpdater:2872 - connection check result : 10
2026-05-03 16:49:25,920 [INFO] MicroXplorer:468 - Change Database Path : 
2026-05-03 16:49:25,921 [INFO] MicroXplorer:498 - Change Database Version : DB.6.0.150
2026-05-03 16:49:25,940 [ERROR] ProjectManagerView:395 - 
java.lang.NullPointerException: Cannot invoke "javax.swing.JTextField.getText()" because the return value of "java.util.List.get(int)" is null
	at com.st.microxplorer.plugins.projectmanager.gui.ProjectChoiceTab$9.caretUpdate(ProjectChoiceTab.java:2706) ~[filemanager.jar:?]
	at javax.swing.text.JTextComponent.fireCaretUpdate(JTextComponent.java:408) ~[?:?]
	at javax.swing.text.JTextComponent$MutableCaretEvent.fire(JTextComponent.java:4484) ~[?:?]
	at javax.swing.text.JTextComponent$MutableCaretEvent.stateChanged(JTextComponent.java:4506) ~[?:?]
	at javax.swing.text.DefaultCaret.fireStateChanged(DefaultCaret.java:857) ~[?:?]
	at javax.swing.text.DefaultCaret.changeCaretPosition(DefaultCaret.java:1343) ~[?:?]
	at javax.swing.text.DefaultCaret.handleSetDot(DefaultCaret.java:1242) ~[?:?]
	at javax.swing.text.DefaultCaret.setDot(DefaultCaret.java:1223) ~[?:?]
	at javax.swing.text.DefaultCaret$Handler.insertUpdate(DefaultCaret.java:1819) ~[?:?]
	at javax.swing.text.AbstractDocument.fireInsertUpdate(AbstractDocument.java:227) ~[?:?]
	at javax.swing.text.AbstractDocument.handleInsertString(AbstractDocument.java:781) ~[?:?]
	at javax.swing.text.AbstractDocument.insertString(AbstractDocument.java:740) ~[?:?]
	at javax.swing.text.PlainDocument.insertString(PlainDocument.java:131) ~[?:?]
	at javax.swing.text.AbstractDocument.replace(AbstractDocument.java:699) ~[?:?]
	at javax.swing.text.JTextComponent.setText(JTextComponent.java:1725) ~[?:?]
	at com.st.microxplorer.plugins.projectmanager.gui.ProjectChoiceTab.createHeapStackFields(ProjectChoiceTab.java:993) ~[filemanager.jar:?]
	at com.st.microxplorer.plugins.projectmanager.gui.ProjectChoiceTab.buildLinkSettingsPanel(ProjectChoiceTab.java:3813) ~[filemanager.jar:?]
	at com.st.microxplorer.plugins.projectmanager.gui.ProjectChoiceTab.defineWindowsFields(ProjectChoiceTab.java:1987) ~[filemanager.jar:?]
	at com.st.microxplorer.plugins.projectmanager.gui.ProjectChoiceTab.updateSettings(ProjectChoiceTab.java:558) ~[filemanager.jar:?]
	at com.st.microxplorer.plugins.projectmanager.gui.ProjectSettingsPanel.UpdateDialog(ProjectSettingsPanel.java:247) ~[filemanager.jar:?]
	at com.st.microxplorer.plugins.projectmanager.ProjectManagerView.propertyChange(ProjectManagerView.java:392) ~[filemanager.jar:?]
	at java.beans.PropertyChangeSupport.fire(PropertyChangeSupport.java:343) ~[?:?]
	at java.beans.PropertyChangeSupport.firePropertyChange(PropertyChangeSupport.java:335) ~[?:?]
	at java.beans.PropertyChangeSupport.firePropertyChange(PropertyChangeSupport.java:268) ~[?:?]
	at com.st.microxplorer.util.MXPropertyChangeSupport.firePropertyChange(MXPropertyChangeSupport.java:54) ~[STM32CubeMX.jar:?]
	at com.st.microxplorer.mxsystem.MxSystem.closeConfig(MxSystem.java:899) ~[STM32CubeMX.jar:?]
	at com.st.microxplorer.maingui.MainPanel.closeConfig(MainPanel.java:792) ~[STM32CubeMX.jar:?]
	at com.st.microxplorer.plugins.filemanager.engine.OpenFileManager.loadConfigurationFile(OpenFileManager.java:288) ~[filemanager.jar:?]
	at com.st.microxplorer.plugins.filemanager.engine.MainFileManager.userLoadConfig(MainFileManager.java:364) ~[filemanager.jar:?]
	at com.st.microxplorer.plugins.filemanager.engine.MainFileManager.userLoadConfig(MainFileManager.java:342) ~[filemanager.jar:?]
	at com.st.microxplorer.plugins.filemanager.FileManagerView.getSpecificTask(FileManagerView.java:264) ~[filemanager.jar:?]
	at com.st.stm32cube.common.mx.editor.CubeMxEditor.getMxTabbedPaneInstance(CubeMxEditor.java:1198) ~[com.st.stm32cube.common.mx_6.15.0.202507011659/:?]
	at com.st.stm32cube.common.mx.editor.CubeMxEditor$12$1.createSwingComponent(CubeMxEditor.java:1068) ~[com.st.stm32cube.common.mx_6.15.0.202507011659/:?]
	at com.st.stm32cube.common.mx.oss.core.awtswtbridge.EmbeddedSwingComposite.doComponentCreation(EmbeddedSwingComposite.java:492) ~[com.st.stm32cube.common.mx.oss_6.15.0.202507011659/:?]
	at com.st.stm32cube.common.mx.oss.core.awtswtbridge.EmbeddedSwingComposite$4.run(EmbeddedSwingComposite.java:291) ~[com.st.stm32cube.common.mx.oss_6.15.0.202507011659/:?]
	at com.st.stm32cube.common.mx.oss.core.awtswtbridge.AwtEnvironment$2.run(AwtEnvironment.java:166) ~[com.st.stm32cube.common.mx.oss_6.15.0.202507011659/:?]
	at java.awt.event.InvocationEvent.dispatch(InvocationEvent.java:318) ~[?:?]
	at java.awt.EventQueue.dispatchEventImpl(EventQueue.java:773) ~[?:?]
	at java.awt.EventQueue$4.run(EventQueue.java:720) ~[?:?]
	at java.awt.EventQueue$4.run(EventQueue.java:714) ~[?:?]
	at java.security.AccessController.doPrivileged(AccessController.java:400) ~[?:?]
	at java.security.ProtectionDomain$JavaSecurityAccessImpl.doIntersectionPrivilege(ProtectionDomain.java:87) ~[?:?]
	at java.awt.EventQueue.dispatchEvent(EventQueue.java:742) ~[?:?]
	at java.awt.EventDispatchThread.pumpOneEventForFilters(EventDispatchThread.java:203) ~[?:?]
	at java.awt.EventDispatchThread.pumpEventsForFilter(EventDispatchThread.java:124) ~[?:?]
	at java.awt.EventDispatchThread.pumpEventsForHierarchy(EventDispatchThread.java:113) ~[?:?]
	at java.awt.EventDispatchThread.pumpEvents(EventDispatchThread.java:109) ~[?:?]
	at java.awt.EventDispatchThread.pumpEvents(EventDispatchThread.java:101) ~[?:?]
	at java.awt.EventDispatchThread.run(EventDispatchThread.java:90) ~[?:?]
2026-05-03 16:49:25,952 [WARN] ThirdParty:871 - waiting for thirdparty lock release [close project]
2026-05-03 16:49:25,953 [INFO] ThirdParty:873 - entering critical section [close project]
2026-05-03 16:49:25,953 [INFO] ThirdParty:883 - exiting critical section [close project]
2026-05-03 16:49:25,954 [INFO] PinOutPanel:1589 - setPackage(No Configuration,No Configuration)
2026-05-03 16:49:25,964 [INFO] UtilMem:75 - Begin LoadConfig() Used Memory: 970654896 Bytes (1073741824)
2026-05-03 16:49:25,966 [INFO] MicroXplorer:468 - Change Database Path : 
2026-05-03 16:49:25,966 [INFO] MicroXplorer:498 - Change Database Version : DB.6.0.150
2026-05-03 16:49:25,966 [INFO] OpenFileManager:355 - Change cursor
2026-05-03 16:49:26,151 [INFO] Mcu:2029 - Initializing MCU STM32F103C6Tx STM32F103C6Tx STM32F103C6T6A
2026-05-03 16:49:26,693 [INFO] Context:786 - Trying to add GPIOservice into a context  which must be forbidden
2026-05-03 16:49:26,898 [INFO] ImportTextPane:234 - (OptionalMessage_ERROR) Unable to find key (Mcu.ThirdPartyNb) in loaded IOC file
2026-05-03 16:49:26,898 [INFO] ImportTextPane:234 - (OptionalMessage_ERROR) Unable to find key (Mcu.PinsNb) in loaded IOC file
2026-05-03 16:49:26,899 [INFO] ImportTextPane:234 - (OptionalMessage_ERROR) Pin0 (VP_RIF_VS_RIF1) cannot be retrieved for this MCU
2026-05-03 16:49:26,899 [INFO] ImportTextPane:234 - (OptionalMessage_ERROR) Unable to find key (Mcu.IPNb) in loaded IOC file
2026-05-03 16:49:26,987 [INFO] RtosManager:558 - Registered RTOS mode: class=CMSIS, group=RTOS, mode=CMSIS_V1, owner=FREERTOS
2026-05-03 16:49:26,989 [INFO] RtosManager:558 - Registered RTOS mode: class=CMSIS, group=RTOS2, mode=CMSIS_V2, owner=FREERTOS
2026-05-03 16:49:26,989 [INFO] RtosManager:558 - Registered RTOS mode: class=RTOS, group=Core, mode=CMSIS_V1, owner=FREERTOS
2026-05-03 16:49:26,989 [INFO] RtosManager:558 - Registered RTOS mode: class=RTOS, group=Core, mode=CMSIS_V2, owner=FREERTOS
2026-05-03 16:49:26,989 [WARN] ModelIntegratedComponent:184 - Missing modes for component STMicroelectronics:FreeRTOS:0.0.1:STMicroelectronics:RTOS:FreeRTOS:Core:::10.2.0:
2026-05-03 16:49:27,002 [WARN] ModelIntegratedComponent:63 - No mode defined for component null
2026-05-03 16:49:27,002 [WARN] ModelIntegratedComponent:63 - No mode defined for component null
2026-05-03 16:49:27,003 [WARN] ModelIntegratedComponent:63 - No mode defined for component null
2026-05-03 16:49:27,003 [WARN] ModelIntegratedComponent:63 - No mode defined for component null
2026-05-03 16:49:27,003 [WARN] ModelIntegratedComponent:63 - No mode defined for component null
2026-05-03 16:49:27,003 [WARN] ModelIntegratedComponent:63 - No mode defined for component null
2026-05-03 16:49:27,003 [WARN] ModelIntegratedComponent:63 - No mode defined for component null
2026-05-03 16:49:27,003 [WARN] ModelIntegratedComponent:63 - No mode defined for component null
2026-05-03 16:49:27,003 [WARN] ModelIntegratedComponent:63 - No mode defined for component null
2026-05-03 16:49:27,003 [WARN] ModelIntegratedComponent:63 - No mode defined for component null
2026-05-03 16:49:27,003 [WARN] ModelIntegratedComponent:63 - No mode defined for component null
2026-05-03 16:49:27,003 [WARN] ModelIntegratedComponent:63 - No mode defined for component null
2026-05-03 16:49:27,003 [WARN] ModelIntegratedComponent:63 - No mode defined for component null
2026-05-03 16:49:27,003 [WARN] ModelIntegratedComponent:63 - No mode defined for component null
2026-05-03 16:49:27,003 [WARN] ModelIntegratedComponent:63 - No mode defined for component null
2026-05-03 16:49:27,004 [WARN] ModelIntegratedComponent:63 - No mode defined for component null
2026-05-03 16:49:27,004 [WARN] ModelIntegratedComponent:63 - No mode defined for component null
2026-05-03 16:49:27,004 [WARN] ModelIntegratedComponent:63 - No mode defined for component null
2026-05-03 16:49:27,004 [WARN] ModelIntegratedComponent:63 - No mode defined for component null
2026-05-03 16:49:27,004 [WARN] ModelIntegratedComponent:63 - No mode defined for component null
2026-05-03 16:49:27,004 [WARN] ModelIntegratedComponent:63 - No mode defined for component null
2026-05-03 16:49:27,004 [WARN] ModelIntegratedComponent:63 - No mode defined for component null
2026-05-03 16:49:27,004 [WARN] ModelIntegratedComponent:63 - No mode defined for component null
2026-05-03 16:49:27,004 [WARN] ModelIntegratedComponent:63 - No mode defined for component null
2026-05-03 16:49:27,004 [WARN] ModelIntegratedComponent:63 - No mode defined for component null
2026-05-03 16:49:27,004 [WARN] ModelIntegratedComponent:63 - No mode defined for component null
2026-05-03 16:49:27,004 [WARN] ModelIntegratedComponent:63 - No mode defined for component null
2026-05-03 16:49:27,004 [WARN] ModelIntegratedComponent:63 - No mode defined for component null
2026-05-03 16:49:27,005 [WARN] ModelIntegratedComponent:63 - No mode defined for component null
2026-05-03 16:49:27,005 [WARN] ModelIntegratedComponent:63 - No mode defined for component null
2026-05-03 16:49:27,005 [WARN] ModelIntegratedComponent:63 - No mode defined for component null
2026-05-03 16:49:27,005 [WARN] ModelIntegratedComponent:63 - No mode defined for component null
2026-05-03 16:49:27,005 [WARN] ModelIntegratedComponent:63 - No mode defined for component null
2026-05-03 16:49:27,005 [WARN] ModelIntegratedComponent:63 - No mode defined for component null
2026-05-03 16:49:27,005 [WARN] ModelIntegratedComponent:63 - No mode defined for component null
2026-05-03 16:49:27,005 [WARN] ModelPack:524 - Component already loaded: STMicroelectronics:HAL Drivers:0.0.0:STMicroelectronics:Device:STMicro_Driver:XSPI:HAL::0.0.1:HAL_XSPI
2026-05-03 16:49:27,089 [INFO] ThirdPartyModel:298 - Start build external matchings
2026-05-03 16:49:27,924 [INFO] ThirdPartyModel:316 - End build external matchings
2026-05-03 16:49:28,129 [INFO] UtilMem:75 - End LoadConfig() Used Memory: 835913880 Bytes (1073741824)
2026-05-03 16:49:28,176 [WARN] ThirdParty:833 - waiting for thirdparty lock release [change project]
2026-05-03 16:49:28,177 [INFO] ThirdParty:835 - entering critical section [change project]
2026-05-03 16:49:28,177 [INFO] ThirdParty:1030 - CMSIS Pack Vendor :STMicroelectronics X-CUBE-AZRTOS-H7 3.5.0
2026-05-03 16:49:28,177 [INFO] ThirdParty:1030 - CMSIS Pack Vendor :STMicroelectronics X-CUBE-PM33A1 1.0.0
2026-05-03 16:49:28,177 [INFO] ThirdParty:1030 - CMSIS Pack Vendor :STMicroelectronics USBPD 4.1
2026-05-03 16:49:28,177 [INFO] ThirdParty:1030 - CMSIS Pack Vendor :STMicroelectronics X-CUBE-NFC9 1.0.0
2026-05-03 16:49:28,177 [INFO] ThirdParty:1030 - CMSIS Pack Vendor :STMicroelectronics USB_HOST 2.0.0
2026-05-03 16:49:28,177 [INFO] ThirdParty:1030 - CMSIS Pack Vendor :STMicroelectronics FP-SNS-MOTENVWB1 1.4.0
2026-05-03 16:49:28,177 [INFO] ThirdParty:1030 - CMSIS Pack Vendor :STMicroelectronics X-CUBE-AZRTOS-F4 1.1.0
2026-05-03 16:49:28,177 [INFO] ThirdParty:1030 - CMSIS Pack Vendor :STMicroelectronics LIBJPEG 8.0.0
2026-05-03 16:49:28,177 [INFO] ThirdParty:1030 - CMSIS Pack Vendor :STMicroelectronics FP-ATR-ASTRA1 2.0.2
2026-05-03 16:49:28,177 [INFO] ThirdParty:1030 - CMSIS Pack Vendor :STMicroelectronics X-CUBE-BLE1 7.1.0
2026-05-03 16:49:28,177 [INFO] ThirdParty:1030 - CMSIS Pack Vendor :STMicroelectronics X-CUBE-SMBUS 2.1.0
2026-05-03 16:49:28,177 [INFO] ThirdParty:1030 - CMSIS Pack Vendor :wolfSSL I-CUBE-wolfMQTT 1.19.2
2026-05-03 16:49:28,177 [INFO] ThirdParty:1030 - CMSIS Pack Vendor :STMicroelectronics USB_DEVICE 3.0.0
2026-05-03 16:49:28,178 [INFO] ThirdParty:1030 - CMSIS Pack Vendor :STMicroelectronics X-CUBE-ISPU 2.1.0
2026-05-03 16:49:28,178 [INFO] ThirdParty:1030 - CMSIS Pack Vendor :STMicroelectronics X-CUBE-FREERTOS 1.4.0
2026-05-03 16:49:28,178 [INFO] ThirdParty:1030 - CMSIS Pack Vendor :STMicroelectronics X-CUBE-EEPRMA1 5.2.0
2026-05-03 16:49:28,178 [INFO] ThirdParty:1030 - CMSIS Pack Vendor :STMicroelectronics X-CUBE-IPS 3.2.0
2026-05-03 16:49:28,178 [INFO] ThirdParty:1030 - CMSIS Pack Vendor :STMicroelectronics X-CUBE-BLEMGR 4.1.0
2026-05-03 16:49:28,178 [INFO] ThirdParty:1030 - CMSIS Pack Vendor :STMicroelectronics eDS-WB_DPC_TT-BIDIR 2.1.1
2026-05-03 16:49:28,178 [INFO] ThirdParty:1030 - CMSIS Pack Vendor :STMicroelectronics X-CUBE-AZRTOS-WB 2.0.0
2026-05-03 16:49:28,178 [INFO] ThirdParty:1030 - CMSIS Pack Vendor :wolfSSL I-CUBE-wolfSSL 5.8.4
2026-05-03 16:49:28,179 [INFO] ThirdParty:1030 - CMSIS Pack Vendor :Cesanta I-CUBE-Mongoose 7.20.0
2026-05-03 16:49:28,179 [INFO] ThirdParty:1030 - CMSIS Pack Vendor :STMicroelectronics X-CUBE-NFC12 1.0.0
2026-05-03 16:49:28,179 [INFO] ThirdParty:1030 - CMSIS Pack Vendor :STMicroelectronics X-CUBE-AZRTOS-F7 1.1.0
2026-05-03 16:49:28,180 [INFO] ThirdParty:1030 - CMSIS Pack Vendor :STMicroelectronics X-CUBE-AZRTOS-L5 2.0.0
2026-05-03 16:49:28,180 [INFO] ThirdParty:1030 - CMSIS Pack Vendor :STMicroelectronics USB_DEVICE 2.0.0
2026-05-03 16:49:28,181 [INFO] ThirdParty:1030 - CMSIS Pack Vendor :STMicroelectronics FP-SNS-STAIOTCFT 1.1.0
2026-05-03 16:49:28,181 [INFO] ThirdParty:1030 - CMSIS Pack Vendor :quantropi X-CUBE-qispace-sdk-base 2.1.0
2026-05-03 16:49:28,182 [INFO] ThirdParty:1030 - CMSIS Pack Vendor :STMicroelectronics X-CUBE-MEMS1 12.0.0
2026-05-03 16:49:28,182 [INFO] ThirdParty:1030 - CMSIS Pack Vendor :STMicroelectronics X-CUBE-STSE01 2.0.0
2026-05-03 16:49:28,182 [INFO] ThirdParty:1030 - CMSIS Pack Vendor :STMicroelectronics FP-SNS-MOTENV1 5.1.0
2026-05-03 16:49:28,182 [INFO] ThirdParty:1030 - CMSIS Pack Vendor :STMicroelectronics FreeRTOS 0.0.1
2026-05-03 16:49:28,182 [INFO] ThirdParty:1030 - CMSIS Pack Vendor :STMicroelectronics X-CUBE-AZRTOS-G0 1.1.0
2026-05-03 16:49:28,182 [INFO] ThirdParty:1030 - CMSIS Pack Vendor :STMicroelectronics X-CUBE-NFC4 3.0.0
2026-05-03 16:49:28,182 [INFO] ThirdParty:1030 - CMSIS Pack Vendor :STMicroelectronics X-CUBE-SUBG2 5.0.0
2026-05-03 16:49:28,182 [INFO] ThirdParty:1030 - CMSIS Pack Vendor :STMicroelectronics STM32_WPAN 1.0.0
2026-05-03 16:49:28,182 [INFO] ThirdParty:1030 - CMSIS Pack Vendor :STMicroelectronics eDS-WB_DPC_VIENNA 1.2.0
2026-05-03 16:49:28,183 [INFO] ThirdParty:1030 - CMSIS Pack Vendor :EmbeddedOffice I-CUBE-FS-RTOS 1.0.1
2026-05-03 16:49:28,186 [INFO] ThirdParty:1030 - CMSIS Pack Vendor :STMicroelectronics lwIP 2.0.3
2026-05-03 16:49:28,187 [INFO] ThirdParty:1030 - CMSIS Pack Vendor :WES I-CUBE-Cesium 1.4.0
2026-05-03 16:49:28,187 [INFO] ThirdParty:1030 - CMSIS Pack Vendor :STMicroelectronics eDS-WB_DPC_3PH2L-BIDIR 1.1.1
2026-05-03 16:49:28,187 [INFO] ThirdParty:1030 - CMSIS Pack Vendor :STMicroelectronics USB_HOST 1.0.0
2026-05-03 16:49:28,187 [INFO] ThirdParty:1030 - CMSIS Pack Vendor :STMicroelectronics X-CUBE-AZRTOS-G4 2.0.0
2026-05-03 16:49:28,187 [INFO] ThirdParty:1030 - CMSIS Pack Vendor :STMicroelectronics X-CUBE-WB05N 2.0.0
2026-05-03 16:49:28,187 [INFO] ThirdParty:1030 - CMSIS Pack Vendor :STMicroelectronics PDM2PCM 3.1.0
2026-05-03 16:49:28,187 [INFO] ThirdParty:1030 - CMSIS Pack Vendor :STMicroelectronics PDM2PCM 3.3.0
2026-05-03 16:49:28,187 [INFO] ThirdParty:1030 - CMSIS Pack Vendor :wolfSSL I-CUBE-wolfTPM 3.8.0
2026-05-03 16:49:28,188 [INFO] ThirdParty:1030 - CMSIS Pack Vendor :STMicroelectronics X-CUBE-AZRTOS-H7 3.4.0
2026-05-03 16:49:28,188 [INFO] ThirdParty:1030 - CMSIS Pack Vendor :STMicroelectronics X-CUBE-DISPLAY 3.0.0
2026-05-03 16:49:28,188 [INFO] ThirdParty:1030 - CMSIS Pack Vendor :wolfSSL I-CUBE-wolfSSH 1.4.20
2026-05-03 16:49:28,188 [INFO] ThirdParty:1030 - CMSIS Pack Vendor :STMicroelectronics X-CUBE-NFC7 2.0.0
2026-05-03 16:49:28,188 [INFO] ThirdParty:1030 - CMSIS Pack Vendor :STMicroelectronics X-CUBE-GNSS1 7.1.1
2026-05-03 16:49:28,188 [INFO] ThirdParty:1030 - CMSIS Pack Vendor :STMicroelectronics FP-SNS-MOTENVWB1 1.5.0
2026-05-03 16:49:28,188 [INFO] ThirdParty:1030 - CMSIS Pack Vendor :STMicroelectronics X-CUBE-TCPP 4.2.0
2026-05-03 16:49:28,188 [INFO] ThirdParty:1030 - CMSIS Pack Vendor :RealThread X-CUBE-RT-Thread_Nano 4.1.1
2026-05-03 16:49:28,188 [INFO] ThirdParty:1030 - CMSIS Pack Vendor :STMicroelectronics FP-ATR-SIGFOX1 3.2.0
2026-05-03 16:49:28,188 [INFO] ThirdParty:1030 - CMSIS Pack Vendor :STMicroelectronics X-CUBE-NFC10 1.0.0
2026-05-03 16:49:28,188 [INFO] ThirdParty:1030 - CMSIS Pack Vendor :STMicroelectronics HAL Drivers 0.0.0
2026-05-03 16:49:28,188 [INFO] ThirdParty:1030 - CMSIS Pack Vendor :STMicroelectronics X-CUBE-FREERTOS 1.5.0
2026-05-03 16:49:28,188 [INFO] ThirdParty:1030 - CMSIS Pack Vendor :STMicroelectronics MBEDTLS 2.16.2
2026-05-03 16:49:28,188 [INFO] ThirdParty:1030 - CMSIS Pack Vendor :STMicroelectronics X-CUBE-ST60 1.1.0
2026-05-03 16:49:28,188 [INFO] ThirdParty:1030 - CMSIS Pack Vendor :STMicroelectronics X-CUBE-ALS 1.0.2
2026-05-03 16:49:28,188 [INFO] ThirdParty:1030 - CMSIS Pack Vendor :emotas I-CUBE-CANOPEN 1.3.0
2026-05-03 16:49:28,188 [INFO] ThirdParty:1030 - CMSIS Pack Vendor :STMicroelectronics MBEDTLS 2.14.1
2026-05-03 16:49:28,188 [INFO] ThirdParty:1030 - CMSIS Pack Vendor :STMicroelectronics X-CUBE-GNSS1 7.1.0
2026-05-03 16:49:28,189 [INFO] ThirdParty:1030 - CMSIS Pack Vendor :ITTIA_DB I-CUBE-ITTIADB 8.9.0
2026-05-03 16:49:28,189 [INFO] ThirdParty:1030 - CMSIS Pack Vendor :STMicroelectronics X-CUBE-TOUCHGFX 4.26.0
2026-05-03 16:49:28,189 [INFO] ThirdParty:1030 - CMSIS Pack Vendor :STMicroelectronics X-CUBE-TOUCHGFX 4.26.1
2026-05-03 16:49:28,189 [INFO] ThirdParty:1030 - CMSIS Pack Vendor :STMicroelectronics X-CUBE-NFC6 3.2.0
2026-05-03 16:49:28,189 [INFO] ThirdParty:1030 - CMSIS Pack Vendor :STMicroelectronics FP-SNS-STBOX1 2.1.0
2026-05-03 16:49:28,189 [INFO] ThirdParty:1030 - CMSIS Pack Vendor :STMicroelectronics X-CUBE-AI 10.2.0
2026-05-03 16:49:28,189 [INFO] ThirdParty:1030 - CMSIS Pack Vendor :STMicroelectronics FP-SNS-STAIOTCFT 1.0.0
2026-05-03 16:49:28,189 [INFO] ThirdParty:1030 - CMSIS Pack Vendor :STMicroelectronics ThreadX 1.0.0
2026-05-03 16:49:28,189 [INFO] ThirdParty:1030 - CMSIS Pack Vendor :STMicroelectronics FP-SNS-SMARTAG2 1.2.0
2026-05-03 16:49:28,189 [INFO] ThirdParty:1030 - CMSIS Pack Vendor :STMicroelectronics X-CUBE-MEMS1 12.1.0
2026-05-03 16:49:28,189 [INFO] ThirdParty:1030 - CMSIS Pack Vendor :STMicroelectronics FP-SNS-FLIGHT1 5.1.0
2026-05-03 16:49:28,190 [INFO] ThirdParty:1030 - CMSIS Pack Vendor :STMicroelectronics X-CUBE-AZRTOS-WL 2.0.0
2026-05-03 16:49:28,190 [INFO] ThirdParty:1030 - CMSIS Pack Vendor :SEGGER I-CUBE-embOS 1.3.1
2026-05-03 16:49:28,190 [INFO] ThirdParty:1030 - CMSIS Pack Vendor :STMicroelectronics X-CUBE-ALGOBUILD 1.4.0
2026-05-03 16:49:28,190 [INFO] ThirdParty:1030 - CMSIS Pack Vendor :STMicroelectronics X-CUBE-DPower 1.3.0
2026-05-03 16:49:28,190 [INFO] ThirdParty:1030 - CMSIS Pack Vendor :STMicroelectronics USB_DEVICE 1.0.0
2026-05-03 16:49:28,190 [INFO] ThirdParty:1030 - CMSIS Pack Vendor :STMicroelectronics X-CUBE-AZRTOS-H7RS 1.2.0
2026-05-03 16:49:28,190 [INFO] ThirdParty:1030 - CMSIS Pack Vendor :STMicroelectronics X-CUBE-AZRTOS-L4 2.0.0
2026-05-03 16:49:28,190 [INFO] ThirdParty:1030 - CMSIS Pack Vendor :STMicroelectronics ThreadX 0.0.2
2026-05-03 16:49:28,190 [INFO] ThirdParty:1030 - CMSIS Pack Vendor :STMicroelectronics lwIP 2.1.2
2026-05-03 16:49:28,190 [INFO] ThirdParty:1030 - CMSIS Pack Vendor :STMicroelectronics X-CUBE-SFXS2LP1 4.0.0
2026-05-03 16:49:28,190 [INFO] ThirdParty:1030 - CMSIS Pack Vendor :STMicroelectronics X-CUBE-BLE2 3.3.0
2026-05-03 16:49:28,190 [INFO] ThirdParty:1030 - CMSIS Pack Vendor :Avnet-IOTCONNECT X-CUBE-iotc-st67-sdk 1.0.0
2026-05-03 16:49:28,190 [INFO] ThirdParty:1030 - CMSIS Pack Vendor :STMicroelectronics X-CUBE-TOF1 3.4.3
2026-05-03 16:49:28,190 [INFO] ThirdParty:1030 - CMSIS Pack Vendor :Infineon AIROC-Wi-Fi-Bluetooth-STM32 1.8.0
2026-05-03 16:49:28,191 [INFO] ThirdParty:1030 - CMSIS Pack Vendor :STMicroelectronics PDM2PCM 3.2.0
2026-05-03 16:49:28,191 [INFO] ThirdParty:1030 - CMSIS Pack Vendor :STMicroelectronics X-CUBE-WB05N 2.1.0
2026-05-03 16:49:28,191 [INFO] ThirdParty:1030 - CMSIS Pack Vendor :STMicroelectronics X-CUBE-ST67W61 1.2.0
2026-05-03 16:49:28,191 [INFO] ThirdParty:841 - exiting critical section [change project]
2026-05-03 16:49:28,371 [INFO] PinOutPanel:1589 - setPackage(No Configuration,No Configuration)
2026-05-03 16:49:28,372 [INFO] PinOutPanel:1589 - setPackage(STM32F103C6Tx,LQFP48)
2026-05-03 16:49:28,808 [INFO] UtilMem:75 - Before build in PCC Used Memory: 909996792 Bytes (1073741824)
2026-05-03 16:49:29,171 [INFO] UtilMem:75 - After build in PCC Used Memory: 953679872 Bytes (1073741824)
2026-05-03 16:49:29,197 [INFO] IPUIPlugin:80 - create IPUIPlugin
2026-05-03 16:49:29,197 [INFO] IPUIPlugin:80 - create IPUIPlugin
2026-05-03 16:49:29,197 [INFO] IPUIPlugin:80 - create IPUIPlugin
2026-05-03 16:49:29,199 [INFO] IPUIPlugin:80 - create IPUIPlugin
2026-05-03 16:49:29,199 [INFO] IPUIPlugin:80 - create IPUIPlugin
2026-05-03 16:49:29,199 [INFO] IPUIPlugin:80 - create IPUIPlugin
2026-05-03 16:49:29,199 [INFO] IPUIPlugin:80 - create IPUIPlugin
2026-05-03 16:49:29,199 [INFO] IPUIPlugin:80 - create IPUIPlugin
2026-05-03 16:49:29,199 [INFO] IPUIPlugin:80 - create IPUIPlugin
2026-05-03 16:49:29,200 [INFO] IPUIPlugin:80 - create IPUIPlugin
2026-05-03 16:49:29,200 [INFO] IPUIPlugin:80 - create IPUIPlugin
2026-05-03 16:49:29,200 [INFO] IPUIPlugin:80 - create IPUIPlugin
2026-05-03 16:49:29,200 [INFO] IPUIPlugin:80 - create IPUIPlugin
2026-05-03 16:49:29,200 [INFO] IPUIPlugin:80 - create IPUIPlugin
2026-05-03 16:49:29,201 [INFO] IPUIPlugin:80 - create IPUIPlugin
2026-05-03 16:49:29,201 [INFO] IPUIPlugin:80 - create IPUIPlugin
2026-05-03 16:49:29,201 [INFO] IPUIPlugin:80 - create IPUIPlugin
2026-05-03 16:49:29,201 [INFO] IPUIPlugin:80 - create IPUIPlugin
2026-05-03 16:49:29,201 [INFO] IPUIPlugin:80 - create IPUIPlugin
2026-05-03 16:49:29,201 [INFO] IPUIPlugin:80 - create IPUIPlugin
2026-05-03 16:49:29,202 [INFO] IPUIPlugin:80 - create IPUIPlugin
2026-05-03 16:49:29,202 [INFO] IPUIPlugin:80 - create IPUIPlugin
2026-05-03 16:49:29,202 [INFO] IPUIPlugin:80 - create IPUIPlugin
2026-05-03 16:49:29,252 [INFO] CADModel:165 - CPN selected for project levelSTM32F103C6T6A
2026-05-03 16:49:29,252 [INFO] CADModel:114 - Register for checkConnection events
2026-05-03 16:49:29,304 [INFO] OpenFileManager:386 - Restore cursor
2026-05-03 16:49:29,873 [INFO] UtilMem:75 - End SaveConfig() Used Memory: 778299216 Bytes (1073741824)
2026-05-03 16:49:29,971 [INFO] UtilMem:75 - End SaveConfig() Used Memory: 790102016 Bytes (1073741824)
2026-05-03 16:49:30,483 [INFO] BlockDiagram:2775 - set Specific Code input for plugin: NVIC
2026-05-03 16:49:30,484 [INFO] BlockDiagram:2775 - set Specific Code input for plugin: RCC
2026-05-03 16:49:30,487 [INFO] CodeGenerator:892 - code generatio: config db path: C:\ST\STM32CubeIDE_1.19.0\STM32CubeIDE\plugins\com.st.stm32cube.common.mx_6.15.0.202507011659\\db\
2026-05-03 16:49:30,640 [INFO] CodeEngine:265 - oldGeneratedFile, C:\GIT\Aulas2026_1\ProjetosSTM32\LEITOR_SONDA_LAMBDA\MXTmpFiles\license.tmp_save
2026-05-03 16:49:31,065 [INFO] CodeEngine:289 - Generated code: C:\GIT\Aulas2026_1\ProjetosSTM32\LEITOR_SONDA_LAMBDA\MXTmpFiles\license.tmp
2026-05-03 16:49:31,096 [INFO] CodeEngine:265 - oldGeneratedFile, C:\GIT\Aulas2026_1\ProjetosSTM32\LEITOR_SONDA_LAMBDA\Core\Src\stm32f1xx_it.c_save
2026-05-03 16:49:31,285 [INFO] CodeEngine:289 - Generated code: C:\GIT\Aulas2026_1\ProjetosSTM32\LEITOR_SONDA_LAMBDA\Core\Src\stm32f1xx_it.c
2026-05-03 16:49:31,292 [INFO] CodeEngine:265 - oldGeneratedFile, C:\GIT\Aulas2026_1\ProjetosSTM32\LEITOR_SONDA_LAMBDA\Core\Inc\stm32f1xx_it.h_save
2026-05-03 16:49:31,388 [INFO] CodeEngine:289 - Generated code: C:\GIT\Aulas2026_1\ProjetosSTM32\LEITOR_SONDA_LAMBDA\Core\Inc\stm32f1xx_it.h
2026-05-03 16:49:31,508 [INFO] CodeEngine:265 - oldGeneratedFile, C:\GIT\Aulas2026_1\ProjetosSTM32\LEITOR_SONDA_LAMBDA\Core\Src\stm32f1xx_hal_msp.c_save
2026-05-03 16:49:31,681 [INFO] CodeEngine:289 - Generated code: C:\GIT\Aulas2026_1\ProjetosSTM32\LEITOR_SONDA_LAMBDA\Core\Src\stm32f1xx_hal_msp.c
2026-05-03 16:49:31,690 [INFO] CodeEngine:265 - oldGeneratedFile, C:\GIT\Aulas2026_1\ProjetosSTM32\LEITOR_SONDA_LAMBDA\MXTmpFiles\system.tmp_save
2026-05-03 16:49:31,780 [INFO] CodeEngine:289 - Generated code: C:\GIT\Aulas2026_1\ProjetosSTM32\LEITOR_SONDA_LAMBDA\MXTmpFiles\system.tmp
2026-05-03 16:49:31,800 [INFO] CodeEngine:321 - oldGeneratedFile, C:\GIT\Aulas2026_1\ProjetosSTM32\LEITOR_SONDA_LAMBDA\Core\Inc\stm32f1xx_hal_conf.h_save
2026-05-03 16:49:31,893 [INFO] CodeEngine:345 - Generated code: C:\GIT\Aulas2026_1\ProjetosSTM32\LEITOR_SONDA_LAMBDA\Core\Inc\stm32f1xx_hal_conf.h
2026-05-03 16:49:31,933 [INFO] ApiDbMcu:532 - Load IP Config File for RCC
2026-05-03 16:49:31,949 [INFO] CodeEngine:265 - oldGeneratedFile, C:\GIT\Aulas2026_1\ProjetosSTM32\LEITOR_SONDA_LAMBDA\Core\Inc\main.h_save
2026-05-03 16:49:32,060 [INFO] CodeEngine:289 - Generated code: C:\GIT\Aulas2026_1\ProjetosSTM32\LEITOR_SONDA_LAMBDA\Core\Inc\main.h
2026-05-03 16:49:32,070 [INFO] CodeEngine:265 - oldGeneratedFile, C:\GIT\Aulas2026_1\ProjetosSTM32\LEITOR_SONDA_LAMBDA\Core\Src\main.c_save
2026-05-03 16:49:32,313 [INFO] CodeEngine:289 - Generated code: C:\GIT\Aulas2026_1\ProjetosSTM32\LEITOR_SONDA_LAMBDA\Core\Src\main.c
2026-05-03 16:49:32,893 [INFO] ProjectBuilder:3606 - Time for Copy HAL[1] : 249mS.
2026-05-03 16:49:32,902 [INFO] ProjectBuilder:5216 - Project Generator version: 4.7.0-B52
2026-05-03 16:49:33,086 [INFO] ConfigFileManager:1595 - The Die is : DIE412
2026-05-03 16:49:33,099 [INFO] ApiDbMcu:532 - Load IP Config File for FATFS
2026-05-03 16:49:33,115 [INFO] ApiDbMcu:532 - Load IP Config File for FREERTOS
2026-05-03 16:49:33,138 [INFO] ApiDbMcu:532 - Load IP Config File for USB_DEVICE
2026-05-03 16:49:33,654 [INFO] LogOutputStream:77 - [STDOUT_REDIRECT] 
2026-05-03 16:49:35,890 [INFO] ProjectBuilder:5496 - Time for Generating toolchain IDE Files: 2988mS.
2026-05-03 16:49:35,893 [INFO] ProjectBuilder:3463 - Time for Copy CMSIS : 0mS.
2026-05-03 16:49:35,900 [INFO] ProjectBuilder:3463 - Time for Copy CMSIS : 0mS.
2026-05-03 16:49:37,184 [INFO] McuFinderGlobals:76 - Set McuFinderConnectedMode to true
2026-05-03 16:49:37,200 [INFO] ApiDb:448 - Save user favorites file C:\Users\User/.stm32cubeide/favorites.mcus.txt: 2 item(s)
2026-05-03 16:49:37,202 [INFO] ApiDb:452 - User favorites MCUs=[STM32F103C6T6A, STM32F103C8T6]
2026-05-03 16:50:13,406 [INFO] ADCParametersView:116 -                Rank 1 : false
2026-05-03 16:50:13,453 [INFO] ADCParametersView:116 -                Rank 1 : false
2026-05-03 16:50:13,453 [INFO] ADCParametersView:116 -                Rank 1 : false
2026-05-03 16:50:13,453 [INFO] ADCParametersView:116 -                Rank 1 : false
2026-05-03 16:50:13,453 [INFO] ADCParametersView:116 -                Rank 1 : false
2026-05-03 16:50:13,454 [INFO] ADCParametersView:116 -                Rank 1 : false
2026-05-03 16:50:13,454 [INFO] ADCParametersView:116 -                Rank 1 : false
2026-05-03 16:50:13,454 [INFO] ADCParametersView:116 -                Rank 1 : false
2026-05-03 16:50:13,454 [INFO] ADCParametersView:116 -                Rank 1 : false
2026-05-03 16:50:13,454 [INFO] ADCParametersView:116 -                Rank 1 : false
2026-05-03 16:50:13,454 [INFO] ADCParametersView:116 -                Rank 1 : false
2026-05-03 16:50:13,459 [INFO] ADCParametersView:116 -                Rank 1 : false
2026-05-03 16:50:13,517 [INFO] NvicIntPanel:101 - NVIC parent = com.st.microxplorer.plugins.ip.nvic.MultiNvicIntPanel[,0,0,0x0,invalid,layout=javax.swing.BoxLayout,alignmentX=0.0,alignmentY=0.0,border=,flags=9,maximumSize=,minimumSize=,preferredSize=]
2026-05-03 16:50:13,576 [INFO] NvicIntPanel:101 - NVIC parent = com.st.microxplorer.plugins.ip.nvic.MultiNvicIntPanel[,0,0,0x0,invalid,layout=javax.swing.BoxLayout,alignmentX=0.0,alignmentY=0.0,border=,flags=9,maximumSize=,minimumSize=,preferredSize=]
2026-05-03 16:50:13,638 [INFO] NvicIntPanel:101 - NVIC parent = com.st.microxplorer.plugins.ip.nvic.MultiNvicIntPanel[,0,0,0x0,invalid,layout=javax.swing.BoxLayout,alignmentX=0.0,alignmentY=0.0,border=,flags=9,maximumSize=,minimumSize=,preferredSize=]
2026-05-03 16:50:13,679 [INFO] ADCParametersView:116 -                Rank 1 : false
2026-05-03 16:50:13,679 [INFO] ADCParametersView:116 -                Rank 1 : false
2026-05-03 16:50:13,680 [INFO] ADCParametersView:116 -                Rank 1 : false
2026-05-03 16:50:13,680 [INFO] ADCParametersView:116 -                Rank 1 : false
2026-05-03 16:50:13,680 [INFO] ADCParametersView:116 -                Rank 1 : false
2026-05-03 16:50:13,680 [INFO] ADCParametersView:116 -                Rank 1 : false
2026-05-03 16:50:13,680 [INFO] ADCParametersView:116 -                Rank 1 : false
2026-05-03 16:50:13,680 [INFO] ADCParametersView:116 -                Rank 1 : false
2026-05-03 16:50:13,680 [INFO] ADCParametersView:116 -                Rank 1 : false
2026-05-03 16:50:13,680 [INFO] ADCParametersView:116 -                Rank 1 : false
2026-05-03 16:50:13,686 [INFO] ADCParametersView:116 -                Rank 1 : false
2026-05-03 16:50:13,701 [INFO] ADCParametersView:116 -                Rank 1 : false
2026-05-03 16:50:13,702 [INFO] ADCParametersView:116 -                Rank 1 : false
2026-05-03 16:50:13,702 [INFO] ADCParametersView:116 -                Rank 1 : false
2026-05-03 16:50:13,702 [INFO] ADCParametersView:116 -                Rank 1 : false
2026-05-03 16:50:13,702 [INFO] ADCParametersView:116 -                Rank 1 : false
2026-05-03 16:50:13,702 [INFO] ADCParametersView:116 -                Rank 1 : false
2026-05-03 16:50:13,702 [INFO] ADCParametersView:116 -                Rank 1 : false
2026-05-03 16:50:13,702 [INFO] ADCParametersView:116 -                Rank 1 : false
2026-05-03 16:50:13,702 [INFO] ADCParametersView:116 -                Rank 1 : false
2026-05-03 16:50:13,703 [INFO] ADCParametersView:116 -                Rank 1 : false
2026-05-03 16:50:13,708 [INFO] ADCParametersView:116 -                Rank 1 : false
2026-05-03 16:51:55,103 [INFO] NvicIntPanel:101 - NVIC parent = com.st.microxplorer.plugins.ip.nvic.MultiNvicIntPanel[,0,0,0x0,invalid,layout=javax.swing.BoxLayout,alignmentX=0.0,alignmentY=0.0,border=,flags=9,maximumSize=,minimumSize=,preferredSize=]
2026-05-03 16:52:05,741 [INFO] NvicIntPanel:101 - NVIC parent = com.st.microxplorer.plugins.ip.nvic.MultiNvicIntPanel[,0,0,0x0,invalid,layout=javax.swing.BoxLayout,alignmentX=0.0,alignmentY=0.0,border=,flags=9,maximumSize=,minimumSize=,preferredSize=]
2026-05-03 16:54:09,469 [INFO] NvicIntPanel:101 - NVIC parent = com.st.microxplorer.plugins.ip.nvic.MultiNvicIntPanel[,0,0,526x277,layout=javax.swing.BoxLayout,alignmentX=0.0,alignmentY=0.0,border=,flags=9,maximumSize=,minimumSize=,preferredSize=]
2026-05-03 16:54:14,126 [INFO] NvicIntPanel:101 - NVIC parent = com.st.microxplorer.plugins.ip.nvic.MultiNvicIntPanel[,0,0,0x0,invalid,layout=javax.swing.BoxLayout,alignmentX=0.0,alignmentY=0.0,border=,flags=9,maximumSize=,minimumSize=,preferredSize=]
2026-05-03 16:56:53,851 [INFO] NvicIntPanel:101 - NVIC parent = com.st.microxplorer.plugins.ip.nvic.MultiNvicIntPanel[,0,0,0x0,invalid,layout=javax.swing.BoxLayout,alignmentX=0.0,alignmentY=0.0,border=,flags=9,maximumSize=,minimumSize=,preferredSize=]
2026-05-03 16:57:05,429 [INFO] NvicIntPanel:101 - NVIC parent = com.st.microxplorer.plugins.ip.nvic.MultiNvicIntPanel[,0,0,0x0,invalid,layout=javax.swing.BoxLayout,alignmentX=0.0,alignmentY=0.0,border=,flags=9,maximumSize=,minimumSize=,preferredSize=]
2026-05-03 16:57:08,038 [INFO] NvicIntPanel:101 - NVIC parent = com.st.microxplorer.plugins.ip.nvic.MultiNvicIntPanel[,0,0,0x0,invalid,layout=javax.swing.BoxLayout,alignmentX=0.0,alignmentY=0.0,border=,flags=9,maximumSize=,minimumSize=,preferredSize=]
2026-05-03 16:57:08,134 [INFO] NvicIntPanel:101 - NVIC parent = com.st.microxplorer.plugins.ip.nvic.MultiNvicIntPanel[,0,0,0x0,invalid,layout=javax.swing.BoxLayout,alignmentX=0.0,alignmentY=0.0,border=,flags=9,maximumSize=,minimumSize=,preferredSize=]
2026-05-03 16:57:29,131 [INFO] NvicIntPanel:101 - NVIC parent = com.st.microxplorer.plugins.ip.nvic.MultiNvicIntPanel[,0,0,0x0,invalid,layout=javax.swing.BoxLayout,alignmentX=0.0,alignmentY=0.0,border=,flags=9,maximumSize=,minimumSize=,preferredSize=]
2026-05-03 16:57:42,213 [INFO] NvicIntPanel:101 - NVIC parent = com.st.microxplorer.plugins.ip.nvic.MultiNvicIntPanel[,0,0,0x0,invalid,layout=javax.swing.BoxLayout,alignmentX=0.0,alignmentY=0.0,border=,flags=9,maximumSize=,minimumSize=,preferredSize=]
2026-05-03 16:57:45,178 [INFO] NvicIntPanel:101 - NVIC parent = com.st.microxplorer.plugins.ip.nvic.MultiNvicIntPanel[,0,0,0x0,invalid,layout=javax.swing.BoxLayout,alignmentX=0.0,alignmentY=0.0,border=,flags=9,maximumSize=,minimumSize=,preferredSize=]
2026-05-03 16:57:55,353 [INFO] NvicIntPanel:101 - NVIC parent = com.st.microxplorer.plugins.ip.nvic.MultiNvicIntPanel[,0,0,0x0,invalid,layout=javax.swing.BoxLayout,alignmentX=0.0,alignmentY=0.0,border=,flags=9,maximumSize=,minimumSize=,preferredSize=]
2026-05-03 16:59:07,379 [INFO] NvicIntPanel:101 - NVIC parent = com.st.microxplorer.plugins.ip.nvic.MultiNvicIntPanel[,0,0,0x0,invalid,layout=javax.swing.BoxLayout,alignmentX=0.0,alignmentY=0.0,border=,flags=9,maximumSize=,minimumSize=,preferredSize=]
2026-05-03 17:03:53,328 [INFO] NvicIntPanel:101 - NVIC parent = com.st.microxplorer.plugins.ip.nvic.MultiNvicIntPanel[,0,0,0x0,invalid,layout=javax.swing.BoxLayout,alignmentX=0.0,alignmentY=0.0,border=,flags=9,maximumSize=,minimumSize=,preferredSize=]
2026-05-03 17:04:38,341 [INFO] NvicIntPanel:101 - NVIC parent = com.st.microxplorer.plugins.ip.nvic.MultiNvicIntPanel[,0,0,0x0,invalid,layout=javax.swing.BoxLayout,alignmentX=0.0,alignmentY=0.0,border=,flags=9,maximumSize=,minimumSize=,preferredSize=]
2026-05-03 17:04:54,635 [INFO] UtilMem:75 - End SaveConfig() Used Memory: 833520440 Bytes (1073741824)
2026-05-03 17:04:59,690 [INFO] UtilMem:75 - End SaveConfig() Used Memory: 975809056 Bytes (1073741824)
2026-05-03 17:05:00,470 [INFO] BlockDiagram:2775 - set Specific Code input for plugin: NVIC
2026-05-03 17:05:00,471 [INFO] BlockDiagram:2775 - set Specific Code input for plugin: SYS
2026-05-03 17:05:00,472 [INFO] BlockDiagram:2775 - set Specific Code input for plugin: GPIO
2026-05-03 17:05:00,472 [INFO] BlockDiagram:2775 - set Specific Code input for plugin: ADC
2026-05-03 17:05:00,474 [INFO] BlockDiagram:2775 - set Specific Code input for plugin: USART
2026-05-03 17:05:00,475 [INFO] BlockDiagram:2775 - set Specific Code input for plugin: RCC
2026-05-03 17:05:00,475 [INFO] BlockDiagram:2775 - set Specific Code input for plugin: TIM1_8F1
2026-05-03 17:05:00,476 [INFO] BlockDiagram:2775 - set Specific Code input for plugin: TIM1_8F1
2026-05-03 17:05:00,476 [INFO] BlockDiagram:2775 - set Specific Code input for plugin: TIM1_8F1
2026-05-03 17:05:00,481 [INFO] CodeGenerator:892 - code generatio: config db path: C:\ST\STM32CubeIDE_1.19.0\STM32CubeIDE\plugins\com.st.stm32cube.common.mx_6.15.0.202507011659\\db\
2026-05-03 17:05:00,696 [INFO] CodeEngine:265 - oldGeneratedFile, C:\GIT\Aulas2026_1\ProjetosSTM32\LEITOR_SONDA_LAMBDA\MXTmpFiles\license.tmp_save
2026-05-03 17:05:01,129 [INFO] CodeEngine:289 - Generated code: C:\GIT\Aulas2026_1\ProjetosSTM32\LEITOR_SONDA_LAMBDA\MXTmpFiles\license.tmp
2026-05-03 17:05:01,221 [INFO] CodeEngine:265 - oldGeneratedFile, C:\GIT\Aulas2026_1\ProjetosSTM32\LEITOR_SONDA_LAMBDA\MXTmpFiles\gpio.tmp_save
2026-05-03 17:05:01,435 [INFO] CodeEngine:289 - Generated code: C:\GIT\Aulas2026_1\ProjetosSTM32\LEITOR_SONDA_LAMBDA\MXTmpFiles\gpio.tmp
2026-05-03 17:05:01,926 [INFO] CodeEngine:265 - oldGeneratedFile, C:\GIT\Aulas2026_1\ProjetosSTM32\LEITOR_SONDA_LAMBDA\Core\Src\stm32f1xx_it.c_save
2026-05-03 17:05:02,304 [INFO] CodeEngine:289 - Generated code: C:\GIT\Aulas2026_1\ProjetosSTM32\LEITOR_SONDA_LAMBDA\Core\Src\stm32f1xx_it.c
2026-05-03 17:05:02,318 [INFO] CodeEngine:265 - oldGeneratedFile, C:\GIT\Aulas2026_1\ProjetosSTM32\LEITOR_SONDA_LAMBDA\Core\Inc\stm32f1xx_it.h_save
2026-05-03 17:05:02,424 [INFO] CodeEngine:289 - Generated code: C:\GIT\Aulas2026_1\ProjetosSTM32\LEITOR_SONDA_LAMBDA\Core\Inc\stm32f1xx_it.h
2026-05-03 17:05:02,448 [INFO] CodeEngine:265 - oldGeneratedFile, C:\GIT\Aulas2026_1\ProjetosSTM32\LEITOR_SONDA_LAMBDA\Core\Src\stm32f1xx_hal_msp.c_save
2026-05-03 17:05:02,628 [INFO] CodeEngine:289 - Generated code: C:\GIT\Aulas2026_1\ProjetosSTM32\LEITOR_SONDA_LAMBDA\Core\Src\stm32f1xx_hal_msp.c
2026-05-03 17:05:02,638 [INFO] CodeEngine:265 - oldGeneratedFile, C:\GIT\Aulas2026_1\ProjetosSTM32\LEITOR_SONDA_LAMBDA\MXTmpFiles\system.tmp_save
2026-05-03 17:05:02,716 [INFO] CodeEngine:289 - Generated code: C:\GIT\Aulas2026_1\ProjetosSTM32\LEITOR_SONDA_LAMBDA\MXTmpFiles\system.tmp
2026-05-03 17:05:02,736 [INFO] CodeEngine:321 - oldGeneratedFile, C:\GIT\Aulas2026_1\ProjetosSTM32\LEITOR_SONDA_LAMBDA\Core\Inc\stm32f1xx_hal_conf.h_save
2026-05-03 17:05:02,822 [INFO] CodeEngine:345 - Generated code: C:\GIT\Aulas2026_1\ProjetosSTM32\LEITOR_SONDA_LAMBDA\Core\Inc\stm32f1xx_hal_conf.h
2026-05-03 17:05:02,859 [INFO] ApiDbMcu:532 - Load IP Config File for ADC1
2026-05-03 17:05:02,886 [INFO] ApiDbMcu:532 - Load IP Config File for TIM1
2026-05-03 17:05:02,910 [INFO] ApiDbMcu:532 - Load IP Config File for TIM2
2026-05-03 17:05:02,927 [INFO] ApiDbMcu:532 - Load IP Config File for TIM3
2026-05-03 17:05:02,933 [INFO] ApiDbMcu:532 - Load IP Config File for USART1
2026-05-03 17:05:02,935 [WARN] IPConfigManager:3811 - IP not found : TIM
2026-05-03 17:05:02,936 [WARN] CodeGenerator:4259 - IP not found : null
2026-05-03 17:05:02,951 [INFO] CodeEngine:265 - oldGeneratedFile, C:\GIT\Aulas2026_1\ProjetosSTM32\LEITOR_SONDA_LAMBDA\Core\Inc\main.h_save
2026-05-03 17:05:03,076 [INFO] CodeEngine:289 - Generated code: C:\GIT\Aulas2026_1\ProjetosSTM32\LEITOR_SONDA_LAMBDA\Core\Inc\main.h
2026-05-03 17:05:03,088 [INFO] CodeEngine:265 - oldGeneratedFile, C:\GIT\Aulas2026_1\ProjetosSTM32\LEITOR_SONDA_LAMBDA\Core\Src\main.c_save
2026-05-03 17:05:03,269 [INFO] CodeEngine:289 - Generated code: C:\GIT\Aulas2026_1\ProjetosSTM32\LEITOR_SONDA_LAMBDA\Core\Src\main.c
2026-05-03 17:05:03,726 [INFO] ProjectBuilder:3606 - Time for Copy HAL[1] : 230mS.
2026-05-03 17:05:03,734 [INFO] ProjectBuilder:5216 - Project Generator version: 4.7.0-B52
2026-05-03 17:05:03,884 [INFO] ConfigFileManager:1595 - The Die is : DIE412
2026-05-03 17:05:05,570 [INFO] ProjectBuilder:5496 - Time for Generating toolchain IDE Files: 1835mS.
2026-05-03 17:05:05,571 [INFO] ProjectBuilder:3463 - Time for Copy CMSIS : 1mS.
2026-05-03 17:05:05,576 [INFO] ProjectBuilder:3463 - Time for Copy CMSIS : 0mS.
2026-05-03 18:54:58,198 [INFO] UtilMem:75 - End SaveConfig() Used Memory: 769748320 Bytes (1073741824)
2026-05-03 18:54:58,758 [INFO] BlockDiagram:2775 - set Specific Code input for plugin: NVIC
2026-05-03 18:54:58,759 [INFO] BlockDiagram:2775 - set Specific Code input for plugin: SYS
2026-05-03 18:54:58,761 [INFO] BlockDiagram:2775 - set Specific Code input for plugin: GPIO
2026-05-03 18:54:58,761 [INFO] BlockDiagram:2775 - set Specific Code input for plugin: ADC
2026-05-03 18:54:58,762 [INFO] BlockDiagram:2775 - set Specific Code input for plugin: USART
2026-05-03 18:54:58,762 [INFO] BlockDiagram:2775 - set Specific Code input for plugin: RCC
2026-05-03 18:54:58,762 [INFO] BlockDiagram:2775 - set Specific Code input for plugin: TIM1_8F1
2026-05-03 18:54:58,763 [INFO] BlockDiagram:2775 - set Specific Code input for plugin: TIM1_8F1
2026-05-03 18:54:58,764 [INFO] BlockDiagram:2775 - set Specific Code input for plugin: TIM1_8F1
2026-05-03 18:54:58,769 [INFO] CodeGenerator:892 - code generatio: config db path: C:\ST\STM32CubeIDE_1.19.0\STM32CubeIDE\plugins\com.st.stm32cube.common.mx_6.15.0.202507011659\\db\
2026-05-03 18:54:58,948 [INFO] CodeEngine:265 - oldGeneratedFile, C:\GIT\Aulas2026_1\ProjetosSTM32\LEITOR_SONDA_LAMBDA\MXTmpFiles\license.tmp_save
2026-05-03 18:54:59,271 [INFO] CodeEngine:289 - Generated code: C:\GIT\Aulas2026_1\ProjetosSTM32\LEITOR_SONDA_LAMBDA\MXTmpFiles\license.tmp
2026-05-03 18:54:59,324 [INFO] CodeEngine:265 - oldGeneratedFile, C:\GIT\Aulas2026_1\ProjetosSTM32\LEITOR_SONDA_LAMBDA\MXTmpFiles\gpio.tmp_save
2026-05-03 18:54:59,473 [INFO] CodeEngine:289 - Generated code: C:\GIT\Aulas2026_1\ProjetosSTM32\LEITOR_SONDA_LAMBDA\MXTmpFiles\gpio.tmp
2026-05-03 18:54:59,820 [INFO] CodeEngine:265 - oldGeneratedFile, C:\GIT\Aulas2026_1\ProjetosSTM32\LEITOR_SONDA_LAMBDA\Core\Src\stm32f1xx_it.c_save
2026-05-03 18:55:00,232 [INFO] CodeEngine:289 - Generated code: C:\GIT\Aulas2026_1\ProjetosSTM32\LEITOR_SONDA_LAMBDA\Core\Src\stm32f1xx_it.c
2026-05-03 18:55:00,244 [INFO] CodeEngine:265 - oldGeneratedFile, C:\GIT\Aulas2026_1\ProjetosSTM32\LEITOR_SONDA_LAMBDA\Core\Inc\stm32f1xx_it.h_save
2026-05-03 18:55:00,365 [INFO] CodeEngine:289 - Generated code: C:\GIT\Aulas2026_1\ProjetosSTM32\LEITOR_SONDA_LAMBDA\Core\Inc\stm32f1xx_it.h
2026-05-03 18:55:00,391 [INFO] CodeEngine:265 - oldGeneratedFile, C:\GIT\Aulas2026_1\ProjetosSTM32\LEITOR_SONDA_LAMBDA\Core\Src\stm32f1xx_hal_msp.c_save
2026-05-03 18:55:00,639 [INFO] CodeEngine:289 - Generated code: C:\GIT\Aulas2026_1\ProjetosSTM32\LEITOR_SONDA_LAMBDA\Core\Src\stm32f1xx_hal_msp.c
2026-05-03 18:55:00,650 [INFO] CodeEngine:265 - oldGeneratedFile, C:\GIT\Aulas2026_1\ProjetosSTM32\LEITOR_SONDA_LAMBDA\MXTmpFiles\system.tmp_save
2026-05-03 18:55:00,753 [INFO] CodeEngine:289 - Generated code: C:\GIT\Aulas2026_1\ProjetosSTM32\LEITOR_SONDA_LAMBDA\MXTmpFiles\system.tmp
2026-05-03 18:55:00,772 [INFO] CodeEngine:321 - oldGeneratedFile, C:\GIT\Aulas2026_1\ProjetosSTM32\LEITOR_SONDA_LAMBDA\Core\Inc\stm32f1xx_hal_conf.h_save
2026-05-03 18:55:00,885 [INFO] CodeEngine:345 - Generated code: C:\GIT\Aulas2026_1\ProjetosSTM32\LEITOR_SONDA_LAMBDA\Core\Inc\stm32f1xx_hal_conf.h
2026-05-03 18:55:00,908 [WARN] IPConfigManager:3811 - IP not found : TIM
2026-05-03 18:55:00,909 [WARN] CodeGenerator:4259 - IP not found : null
2026-05-03 18:55:00,924 [INFO] CodeEngine:265 - oldGeneratedFile, C:\GIT\Aulas2026_1\ProjetosSTM32\LEITOR_SONDA_LAMBDA\Core\Inc\main.h_save
2026-05-03 18:55:01,055 [INFO] CodeEngine:289 - Generated code: C:\GIT\Aulas2026_1\ProjetosSTM32\LEITOR_SONDA_LAMBDA\Core\Inc\main.h
2026-05-03 18:55:01,069 [INFO] CodeEngine:265 - oldGeneratedFile, C:\GIT\Aulas2026_1\ProjetosSTM32\LEITOR_SONDA_LAMBDA\Core\Src\main.c_save
2026-05-03 18:55:01,240 [INFO] CodeEngine:289 - Generated code: C:\GIT\Aulas2026_1\ProjetosSTM32\LEITOR_SONDA_LAMBDA\Core\Src\main.c
2026-05-03 18:55:01,739 [INFO] ProjectBuilder:3606 - Time for Copy HAL[1] : 236mS.
2026-05-03 18:55:01,743 [INFO] ProjectBuilder:5216 - Project Generator version: 4.7.0-B52
2026-05-03 18:55:01,924 [INFO] ConfigFileManager:1595 - The Die is : DIE412
2026-05-03 18:55:03,603 [INFO] ProjectBuilder:5496 - Time for Generating toolchain IDE Files: 1860mS.
2026-05-03 18:55:03,604 [INFO] ProjectBuilder:3463 - Time for Copy CMSIS : 1mS.
2026-05-03 18:55:03,608 [INFO] ProjectBuilder:3463 - Time for Copy CMSIS : 0mS.
2026-05-03 19:54:35,427 [INFO] WebApp:403 - JxBrowser engine has been closed 
2026-05-03 19:54:35,428 [INFO] WebAppUi:504 - JxBrowser engine has been closed 
2026-05-03 19:54:35,429 [INFO] WebAppUi:541 - Close the Jxbrowser engine manually
2026-05-03 19:56:18,755 [ERROR] LogOutputStream:75 - [STDERR_REDIRECT] 
